W1003 05:08:02.880000 2047342 venv/lib/python3.12/site-packages/torch/utils/_pytree.py:630] <enum 'KernelPreference'> is an Enum subclass and is now natively supported by torch.compile as an opaque value type. Calling register_constant() on Enum subclasses is deprecated and will be an error in a future release.
W1003 05:08:02.906000 2047342 venv/lib/python3.12/site-packages/torch/utils/_pytree.py:630] <enum 'ScaleCalculationMode'> is an Enum subclass and is now natively supported by torch.compile as an opaque value type. Calling register_constant() on Enum subclasses is deprecated and will be an error in a future release.
W1003 05:08:02.912000 2047343 venv/lib/python3.12/site-packages/torch/utils/_pytree.py:630] <enum 'KernelPreference'> is an Enum subclass and is now natively supported by torch.compile as an opaque value type. Calling register_constant() on Enum subclasses is deprecated and will be an error in a future release.
W1003 05:08:02.939000 2047343 venv/lib/python3.12/site-packages/torch/utils/_pytree.py:630] <enum 'ScaleCalculationMode'> is an Enum subclass and is now natively supported by torch.compile as an opaque value type. Calling register_constant() on Enum subclasses is deprecated and will be an error in a future release.
/scratch/specforge-torchtitan-20261003/first-update-source-candidate1/specforge/modeling/draft/llama3_eagle.py:33: UserWarning: flash_attn is not found, falling back to flex_attention. Please install flash_attn if you want to use the flash attention backend.
  warnings.warn(
/scratch/specforge-torchtitan-20261003/first-update-source-candidate1/specforge/modeling/draft/llama3_eagle.py:33: UserWarning: flash_attn is not found, falling back to flex_attention. Please install flash_attn if you want to use the flash attention backend.
  warnings.warn(
initial_load_model_only=True has no effect without an initial_load_path.
[titan] 2026-10-03 05:08:04,563 - root - WARNING - ENV[TORCH_NCCL_ASYNC_ERROR_HANDLING] = 1 will be overridden to 3 based on job config
[titan] 2026-10-03 05:08:04,569 - root - INFO - Building device mesh with parallelism: pp=1, dp_replicate=1, dp_shard=2, cp=1, tp=1, ep=1
[titan] 2026-10-03 05:08:04,574 - root - INFO - Successfully created meshes with active dimensions: ['batch', 'loss', 'fsdp']
[titan] 2026-10-03 05:08:04,574 - root - INFO - [GC] Initial GC collection took 0.00 seconds
[titan] 2026-10-03 05:08:04,575 - root - INFO - Building specforge dflash2
[titan] 2026-10-03 05:08:04,582 - root - INFO - CUDA capacity: NVIDIA H200 with 139.80GiB memory
[titan] 2026-10-03 05:08:04,582 - root - WARNING - Error running lspci: [Errno 2] No such file or directory: 'lspci', fallback to use device_name
[titan] 2026-10-03 05:08:04,582 - root - INFO - [34mModel specforge dflash2 [31msize: 35,808 total parameters[39m
[titan] 2026-10-03 05:08:04,592 - root - INFO - Compiling each TransformerBlock with torch.compile
initial_load_model_only=True has no effect without an initial_load_path.
[titan] 2026-10-03 05:08:04,616 - root - INFO - Applied FSDP to the model
[titan] 2026-10-03 05:08:04,617 - root - WARNING - ENV[TORCH_NCCL_ASYNC_ERROR_HANDLING] = 1 will be overridden to 3 based on job config
[titan] 2026-10-03 05:08:04,623 - root - INFO - Building device mesh with parallelism: pp=1, dp_replicate=1, dp_shard=2, cp=1, tp=1, ep=1
[titan] 2026-10-03 05:08:04,628 - root - INFO - Successfully created meshes with active dimensions: ['batch', 'loss', 'fsdp']
[titan] 2026-10-03 05:08:04,629 - root - INFO - [GC] Initial GC collection took 0.00 seconds
[titan] 2026-10-03 05:08:04,630 - root - INFO - Building specforge dflash2
[titan] 2026-10-03 05:08:04,637 - root - INFO - CUDA capacity: NVIDIA H200 with 139.80GiB memory
[titan] 2026-10-03 05:08:04,637 - root - WARNING - Error running lspci: [Errno 2] No such file or directory: 'lspci', fallback to use device_name
[titan] 2026-10-03 05:08:04,637 - root - INFO - [34mModel specforge dflash2 [31msize: 35,808 total parameters[39m
[titan] 2026-10-03 05:08:04,647 - root - INFO - Compiling each TransformerBlock with torch.compile
[titan] 2026-10-03 05:08:04,671 - root - INFO - Applied FSDP to the model
[titan] 2026-10-03 05:08:05,760 - root - WARNING - Error running lspci: [Errno 2] No such file or directory: 'lspci', fallback to use device_name
[titan] 2026-10-03 05:08:05,760 - root - INFO - Peak FLOPS used for computing MFU: 9.890e+14
[titan] 2026-10-03 05:08:05,761 - root - INFO - CUDA memory usage for model: 0.00GiB(0.00%)
[titan] 2026-10-03 05:08:05,761 - root - WARNING - Error running lspci: [Errno 2] No such file or directory: 'lspci', fallback to use device_name
[titan] 2026-10-03 05:08:05,761 - root - INFO - Peak FLOPS used for computing MFU: 9.890e+14
[titan] 2026-10-03 05:08:05,761 - root - INFO - CUDA memory usage for model: 0.00GiB(0.00%)
[titan] 2026-10-03 05:08:05,761 - root - INFO - Optimizer AdamW (model_part=0): 36 params [.*] {'fused': True, 'foreach': False, 'lr': 0.0001, 'betas': (0.9, 0.999), 'eps': 1e-08, 'weight_decay': 0.0}
[titan] 2026-10-03 05:08:05,761 - root - INFO - Optimizer AdamW (model_part=0): 36 params [.*] {'fused': True, 'foreach': False, 'lr': 0.0001, 'betas': (0.9, 0.999), 'eps': 1e-08, 'weight_decay': 0.0}
[titan] 2026-10-03 05:08:05,761 - root - WARNING - initial_load_model_only=True has no effect without an initial_load_path.
[titan] 2026-10-03 05:08:05,762 - root - INFO - Trainer is initialized with local batch size 1, global batch size 4, gradient accumulation steps 2, sequence length 128, total steps 2 (warmup 0)
[titan] 2026-10-03 05:08:05,762 - root - WARNING - initial_load_model_only=True has no effect without an initial_load_path.
[titan] 2026-10-03 05:08:05,762 - root - INFO - Trainer is initialized with local batch size 1, global batch size 4, gradient accumulation steps 2, sequence length 128, total steps 2 (warmup 0)
[titan] 2026-10-03 05:08:06,070 - root - INFO - Training starts at step 1
[titan] 2026-10-03 05:08:06,070 - root - INFO - Training starts at step 1
/scratch/specforge-torchtitan-20261003/venv/lib/python3.12/site-packages/torch/distributed/c10d_logger.py:83: UserWarning: barrier(): using the device under current context. You can specify `device_id` in `init_process_group` to mute this warning.
  return func(*args, **kwargs)
/scratch/specforge-torchtitan-20261003/venv/lib/python3.12/site-packages/torch/_dynamo/variables/functions.py:2762: UserWarning: Dynamo detected a call to a `functools.lru_cache`-wrapped function at 'dflash2.py:177'. Dynamo ignores the cache wrapper and directly traces the wrapped function. Silent incorrectness is only a *potential* risk, not something we have observed. Enable TORCH_LOGS=+dynamo for a DEBUG stack trace.

This call originates from:
  File "/scratch/specforge-torchtitan-20261003/first-update-source-candidate1/specforge/modeling/draft/dflash2.py", line 177, in _fused_convolution
    fused = _load_fused_grouped_conv()
            ^^^^^^^^^^^^^^^^^^^^^^^^^^

  torch._dynamo.utils.warn_once(msg)
/scratch/specforge-torchtitan-20261003/venv/lib/python3.12/site-packages/torch/_dynamo/variables/functions.py:2762: UserWarning: Dynamo detected a call to a `functools.lru_cache`-wrapped function at 'dflash2.py:177'. Dynamo ignores the cache wrapper and directly traces the wrapped function. Silent incorrectness is only a *potential* risk, not something we have observed. Enable TORCH_LOGS=+dynamo for a DEBUG stack trace.

This call originates from:
  File "/scratch/specforge-torchtitan-20261003/first-update-source-candidate1/specforge/modeling/draft/dflash2.py", line 177, in _fused_convolution
    fused = _load_fused_grouped_conv()
            ^^^^^^^^^^^^^^^^^^^^^^^^^^

  torch._dynamo.utils.warn_once(msg)
Traceback (most recent call last):
  File "/scratch/specforge-torchtitan-20261003/first-update-driver-candidate1/scripts/benchmark_training_backends.py", line 544, in main
    train()
  File "/scratch/specforge-torchtitan-20261003/venv/lib/python3.12/site-packages/torch/distributed/elastic/multiprocessing/errors/__init__.py", line 380, in wrapper
    return f(*args, **kwargs)
           ^^^^^^^^^^^^^^^^^^
  File "/scratch/specforge-torchtitan-20261003/venv/lib/python3.12/site-packages/torchtitan/trainer.py", line 1039, in train
    self.train_step(data_iterator)
  File "/scratch/specforge-torchtitan-20261003/first-update-driver-candidate1/scripts/benchmark_training_backends.py", line 418, in train_step
    super().train_step(data_iterator)
  File "/scratch/specforge-torchtitan-20261003/first-update-source-candidate1/specforge/training/torchtitan/runtime.py", line 190, in train_step
    return super().train_step(data_iterator)
           ^^^^^^^^^^^^^^^^^^^^^^^^^^^^^^^^^
  File "/scratch/specforge-torchtitan-20261003/venv/lib/python3.12/site-packages/torchtitan/trainer.py", line 925, in train_step
    loss = self.forward_backward_step(
           ^^^^^^^^^^^^^^^^^^^^^^^^^^^
  File "/scratch/specforge-torchtitan-20261003/first-update-driver-candidate1/scripts/benchmark_training_backends.py", line 408, in forward_backward_step
    loss = super().forward_backward_step(**kwargs)
           ^^^^^^^^^^^^^^^^^^^^^^^^^^^^^^^^^^^^^^^
  File "/scratch/specforge-torchtitan-20261003/venv/lib/python3.12/site-packages/torchtitan/observability/structured_logger/structured_logging.py", line 429, in sync_wrapper
    return func(*args, **kwargs)
           ^^^^^^^^^^^^^^^^^^^^^
  File "/scratch/specforge-torchtitan-20261003/venv/lib/python3.12/site-packages/torchtitan/trainer.py", line 804, in forward_backward_step
    return self.fwd_bwd_fn(inputs, labels, global_valid_tokens, extra_kwargs)
           ^^^^^^^^^^^^^^^^^^^^^^^^^^^^^^^^^^^^^^^^^^^^^^^^^^^^^^^^^^^^^^^^^^
  File "/scratch/specforge-torchtitan-20261003/venv/lib/python3.12/site-packages/torchtitan/distributed/cudagraph.py", line 403, in run
    return graph_wrapper(
           ^^^^^^^^^^^^^^
  File "/scratch/specforge-torchtitan-20261003/venv/lib/python3.12/site-packages/torchtitan/distributed/cudagraph.py", line 300, in __call__
    output = self._fn(*args)
             ^^^^^^^^^^^^^^^
  File "/scratch/specforge-torchtitan-20261003/venv/lib/python3.12/site-packages/torchtitan/distributed/cudagraph.py", line 381, in flat_fwd_bwd
    return fwd_bwd_fn(
           ^^^^^^^^^^^
  File "/scratch/specforge-torchtitan-20261003/venv/lib/python3.12/site-packages/torchtitan/trainer.py", line 814, in _forward_backward_body
    pred = self.model_parts[0](inputs, **extra_kwargs)
           ^^^^^^^^^^^^^^^^^^^^^^^^^^^^^^^^^^^^^^^^^^^
  File "/scratch/specforge-torchtitan-20261003/venv/lib/python3.12/site-packages/torch/nn/modules/module.py", line 1783, in _wrapped_call_impl
    return self._call_impl(*args, **kwargs)
           ^^^^^^^^^^^^^^^^^^^^^^^^^^^^^^^^
  File "/scratch/specforge-torchtitan-20261003/venv/lib/python3.12/site-packages/torch/nn/modules/module.py", line 1794, in _call_impl
    return forward_call(*args, **kwargs)
           ^^^^^^^^^^^^^^^^^^^^^^^^^^^^^
  File "/scratch/specforge-torchtitan-20261003/first-update-source-candidate1/specforge/training/torchtitan/model.py", line 241, in forward
    loss, accuracy, metrics = self.training_model(input_ids=input_ids, **kwargs)
                              ^^^^^^^^^^^^^^^^^^^^^^^^^^^^^^^^^^^^^^^^^^^^^^^^^^
  File "/scratch/specforge-torchtitan-20261003/venv/lib/python3.12/site-packages/torch/nn/modules/module.py", line 1783, in _wrapped_call_impl
    return self._call_impl(*args, **kwargs)
           ^^^^^^^^^^^^^^^^^^^^^^^^^^^^^^^^
  File "/scratch/specforge-torchtitan-20261003/venv/lib/python3.12/site-packages/torch/nn/modules/module.py", line 1794, in _call_impl
    return forward_call(*args, **kwargs)
           ^^^^^^^^^^^^^^^^^^^^^^^^^^^^^
  File "/scratch/specforge-torchtitan-20261003/first-update-source-candidate1/specforge/algorithms/common/dflash_family_model.py", line 1575, in forward
    self._forward_draft_blocks(
  File "/scratch/specforge-torchtitan-20261003/first-update-source-candidate1/specforge/algorithms/common/dflash_family_model.py", line 783, in _forward_draft_blocks
    output_hidden = self.draft_model(
                    ^^^^^^^^^^^^^^^^^
  File "/scratch/specforge-torchtitan-20261003/venv/lib/python3.12/site-packages/torch/nn/modules/module.py", line 1783, in _wrapped_call_impl
    return self._call_impl(*args, **kwargs)
           ^^^^^^^^^^^^^^^^^^^^^^^^^^^^^^^^
  File "/scratch/specforge-torchtitan-20261003/venv/lib/python3.12/site-packages/torch/nn/modules/module.py", line 1889, in _call_impl
    return inner()
           ^^^^^^^
  File "/scratch/specforge-torchtitan-20261003/venv/lib/python3.12/site-packages/torch/nn/modules/module.py", line 1837, in inner
    result = forward_call(*args, **kwargs)
             ^^^^^^^^^^^^^^^^^^^^^^^^^^^^^
  File "/scratch/specforge-torchtitan-20261003/first-update-source-candidate1/specforge/modeling/draft/dflash.py", line 807, in forward
    hidden_states = layer(
                    ^^^^^^
  File "/scratch/specforge-torchtitan-20261003/venv/lib/python3.12/site-packages/transformers/modeling_layers.py", line 93, in __call__
    return super().__call__(*args, **kwargs)
           ^^^^^^^^^^^^^^^^^^^^^^^^^^^^^^^^^
  File "/scratch/specforge-torchtitan-20261003/venv/lib/python3.12/site-packages/torch/nn/modules/module.py", line 1781, in _wrapped_call_impl
    return self._compiled_call_impl(*args, **kwargs)  # type: ignore[misc]
           ^^^^^^^^^^^^^^^^^^^^^^^^^^^^^^^^^^^^^^^^^
  File "/scratch/specforge-torchtitan-20261003/venv/lib/python3.12/site-packages/torch/_dynamo/eval_frame.py", line 1278, in compile_wrapper
    raise e.remove_dynamo_frames() from None  # see TORCHDYNAMO_VERBOSE=1
    ^^^^^^^^^^^^^^^^^^^^^^^^^^^^^^^^^^^^^^^^
  File "/scratch/specforge-torchtitan-20261003/venv/lib/python3.12/site-packages/torch/_inductor/compile_fx.py", line 1192, in _compile_fx_inner
    raise InductorError(e, currentframe()).with_traceback(
  File "/scratch/specforge-torchtitan-20261003/venv/lib/python3.12/site-packages/torch/_inductor/compile_fx.py", line 1169, in _compile_fx_inner
    mb_compiled_graph = fx_codegen_and_compile(
                        ^^^^^^^^^^^^^^^^^^^^^^^
  File "/scratch/specforge-torchtitan-20261003/venv/lib/python3.12/site-packages/torch/_inductor/compile_fx.py", line 2001, in fx_codegen_and_compile
    return scheme.codegen_and_compile(gm, example_inputs, inputs_to_check, graph_kwargs)
           ^^^^^^^^^^^^^^^^^^^^^^^^^^^^^^^^^^^^^^^^^^^^^^^^^^^^^^^^^^^^^^^^^^^^^^^^^^^^^
  File "/scratch/specforge-torchtitan-20261003/venv/lib/python3.12/site-packages/torch/_inductor/compile_fx.py", line 1660, in codegen_and_compile
    graph.run(*example_inputs)
  File "/scratch/specforge-torchtitan-20261003/venv/lib/python3.12/site-packages/torch/_inductor/graph.py", line 1135, in run
    return super().run(*args)
           ^^^^^^^^^^^^^^^^^^
  File "/scratch/specforge-torchtitan-20261003/venv/lib/python3.12/site-packages/torch/fx/interpreter.py", line 197, in run
    self.env[node] = self.run_node(node)
                     ^^^^^^^^^^^^^^^^^^^
  File "/scratch/specforge-torchtitan-20261003/venv/lib/python3.12/site-packages/torch/_inductor/graph.py", line 2062, in run_node
    result = super().run_node(n)
             ^^^^^^^^^^^^^^^^^^^
  File "/scratch/specforge-torchtitan-20261003/venv/lib/python3.12/site-packages/torch/fx/interpreter.py", line 294, in run_node
    return getattr(self, n.op)(n.target, args, kwargs)
           ^^^^^^^^^^^^^^^^^^^^^^^^^^^^^^^^^^^^^^^^^^^
  File "/scratch/specforge-torchtitan-20261003/venv/lib/python3.12/site-packages/torch/_inductor/graph.py", line 1567, in call_function
    raise LoweringException(
  File "/scratch/specforge-torchtitan-20261003/venv/lib/python3.12/site-packages/torch/_inductor/graph.py", line 1544, in call_function
    out = lowerings[target](*args, **kwargs)
          ^^^^^^^^^^^^^^^^^^^^^^^^^^^^^^^^^^
  File "/scratch/specforge-torchtitan-20261003/venv/lib/python3.12/site-packages/torch/_inductor/lowering.py", line 525, in wrapped
    out = decomp_fn(*args, **kwargs)
          ^^^^^^^^^^^^^^^^^^^^^^^^^^
  File "/scratch/specforge-torchtitan-20261003/venv/lib/python3.12/site-packages/torch/_inductor/kernel/flex/flex_attention.py", line 205, in flex_attention
    raise NotImplementedError(
torch._inductor.exc.InductorError: LoweringException: NotImplementedError: NYI: embedding dimension of the query, key, and value must be at least 16 but got E=8 and Ev=8
  target: flex_attention
  args[0]: TensorBox(StorageBox(
    ComputedBuffer(name='buf18', layout=FixedLayout('cuda:1', torch.bfloat16, size=[1, 4, 32, 8], stride=[1024, 8, 32, 1]), data=Pointwise(
      'cuda',
      torch.bfloat16,
      def inner_fn(index):
          _, i1, i2, i3 = index
          tmp0 = ops.load(primals_7, i3)
          tmp1 = ops.to_dtype(tmp0, torch.bfloat16, use_compute_types=False)
          tmp2 = ops.to_dtype(tmp1, torch.bfloat16)
          tmp3 = ops.load(buf6, i3 + 8 * i1 + 32 * i2)
          tmp4 = ops.to_dtype(tmp3, torch.bfloat16, use_compute_types=False)
          tmp5 = ops.to_dtype(tmp4, torch.bfloat16)
          tmp6 = ops.to_dtype(tmp5, torch.float32, src_dtype=torch.bfloat16, use_compute_types=False)
          tmp7 = ops.load(buf8, i1 + 4 * i2)
          tmp8 = tmp6 * tmp7
          tmp9 = ops.to_dtype(tmp8, torch.bfloat16, src_dtype=torch.float32, use_compute_types=False)
          tmp10 = ops.to_dtype(tmp9, torch.bfloat16)
          tmp11 = ops.to_dtype(tmp10, torch.bfloat16, use_compute_types=False)
          tmp12 = ops.to_dtype(tmp11, torch.bfloat16)
          tmp13 = ops.to_dtype(tmp12, torch.bfloat16, use_compute_types=False)
          tmp14 = ops.to_dtype(tmp13, torch.bfloat16)
          tmp15 = tmp2 * tmp14
          tmp16 = ops.to_dtype(tmp15, torch.bfloat16, use_compute_types=False)
          tmp17 = ops.to_dtype(tmp16, torch.bfloat16)
          tmp18 = ops.to_dtype(tmp17, torch.bfloat16, use_compute_types=False)
          tmp19 = ops.to_dtype(tmp18, torch.bfloat16)
          tmp20 = ops.load(primals_11, 1024 + i3 + 8 * i2)
          tmp21 = ops.to_dtype(tmp20, torch.bfloat16, use_compute_types=False)
          tmp22 = ops.to_dtype(tmp21, torch.bfloat16)
          tmp23 = tmp19 * tmp22
          tmp24 = ops.to_dtype(tmp23, torch.bfloat16, use_compute_types=False)
          tmp25 = ops.to_dtype(tmp24, torch.bfloat16)
          tmp26 = ops.to_dtype(tmp25, torch.bfloat16, use_compute_types=False)
          tmp27 = ops.to_dtype(tmp26, torch.bfloat16)
          tmp28 = ops.load(buf17, i3 + 8 * i2 + 256 * i1)
          tmp29 = ops.to_dtype(tmp28, torch.bfloat16, use_compute_types=False)
          tmp30 = ops.to_dtype(tmp29, torch.bfloat16)
          tmp31 = ops.load(primals_12, 1024 + i3 + 8 * i2)
          tmp32 = ops.to_dtype(tmp31, torch.bfloat16, use_compute_types=False)
          tmp33 = ops.to_dtype(tmp32, torch.bfloat16)
          tmp34 = tmp30 * tmp33
          tmp35 = ops.to_dtype(tmp34, torch.bfloat16, use_compute_types=False)
          tmp36 = ops.to_dtype(tmp35, torch.bfloat16)
          tmp37 = ops.to_dtype(tmp36, torch.bfloat16, use_compute_types=False)
          tmp38 = ops.to_dtype(tmp37, torch.bfloat16)
          tmp39 = tmp27 + tmp38
          tmp40 = ops.to_dtype(tmp39, torch.bfloat16, use_compute_types=False)
          tmp41 = ops.to_dtype(tmp40, torch.bfloat16)
          return tmp41
      ,
      ranges=[1, 4, 32, 8],
      origin_node=add_3,
      origins=OrderedSet([add_3, mul_6, permute_2, mul_3, convert_e...,
      stack_traces = {,
        File "/scratch/specforge-torchtitan-20261003/first-update-source-candidate1/specforge/modeling/draft/dflash2.py", line 237, in forward,
          hidden_states = self.self_attn(,
                          ^^^^^^^^^^^^^^^,
        File "/scratch/specforge-torchtitan-20261003/first-update-source-candidate1/specforge/modeling/draft/dflash.py", line 279, in forward,
          q, k, v = self._compute_qkv(hidden_states, target_hidden, position_embeddings),
                    ^^^^^^^^^^^^^^^^^^^^^^^^^^^^^^^^^^^^^^^^^^^^^^^^^^^^^^^^^^^^^^^^^^^^,
        File "/scratch/specforge-torchtitan-20261003/first-update-source-candidate1/specforge/modeling/draft/dflash.py", line 391, in _compute_qkv,
          q, k = apply_rotary_pos_emb(q, k, cos, sin),
                 ^^^^^^^^^^^^^^^^^^^^^^^^^^^^^^^^^^^^,
        File "/scratch/specforge-torchtitan-20261003/first-update-source-candidate1/specforge/modeling/draft/dflash.py", line 172, in apply_rotary_pos_emb,
          q_embed = (q * cos[..., -q_len:, :]) + (rotate_half(q) * sin[..., -q_len:, :]),
                    ^^^^^^^^^^^^^^^^^^^^^^^^^^^^^^^^^^^^^^^^^^^^^^^^^^^^^^^^^^^^^^^^^^^^,
      ,
      },
      stack_traces = {,
        File "/scratch/specforge-torchtitan-20261003/first-update-source-candidate1/specforge/modeling/draft/dflash2.py", line 237, in forward,
          hidden_states = self.self_attn(,
                          ^^^^^^^^^^^^^^^,
        File "/scratch/specforge-torchtitan-20261003/first-update-source-candidate1/specforge/modeling/draft/dflash.py", line 279, in forward,
          q, k, v = self._compute_qkv(hidden_states, target_hidden, position_embeddings),
                    ^^^^^^^^^^^^^^^^^^^^^^^^^^^^^^^^^^^^^^^^^^^^^^^^^^^^^^^^^^^^^^^^^^^^,
        File "/scratch/specforge-torchtitan-20261003/first-update-source-candidate1/specforge/modeling/draft/dflash.py", line 391, in _compute_qkv,
          q, k = apply_rotary_pos_emb(q, k, cos, sin),
                 ^^^^^^^^^^^^^^^^^^^^^^^^^^^^^^^^^^^^,
        File "/scratch/specforge-torchtitan-20261003/first-update-source-candidate1/specforge/modeling/draft/dflash.py", line 172, in apply_rotary_pos_emb,
          q_embed = (q * cos[..., -q_len:, :]) + (rotate_half(q) * sin[..., -q_len:, :]),
                     ^^^^^^^^^^^^^^^^^^^^^^^^^^^^^^^^^^^^^^^^^^^^^^^^^^^^^^^^^^^^^^^^^^^,
      ,
      },
      stack_traces = {,
        File "/scratch/specforge-torchtitan-20261003/first-update-source-candidate1/specforge/modeling/draft/dflash2.py", line 237, in forward,
          hidden_states = self.self_attn(,
                          ^^^^^^^^^^^^^^^,
        File "/scratch/specforge-torchtitan-20261003/first-update-source-candidate1/specforge/modeling/draft/dflash.py", line 279, in forward,
          q, k, v = self._compute_qkv(hidden_states, target_hidden, position_embeddings),
                    ^^^^^^^^^^^^^^^^^^^^^^^^^^^^^^^^^^^^^^^^^^^^^^^^^^^^^^^^^^^^^^^^^^^^,
        File "/scratch/specforge-torchtitan-20261003/first-update-source-candidate1/specforge/modeling/draft/dflash.py", line 377, in _compute_qkv,
          q = self.q_norm(q).transpose(1, 2),
              ^^^^^^^^^^^^^^^^^^^^^^^^^^^^^^,
      ,
      },
      stack_traces = {,
        File "/scratch/specforge-torchtitan-20261003/first-update-source-candidate1/specforge/modeling/draft/dflash2.py", line 237, in forward,
          hidden_states = self.self_attn(,
                          ^^^^^^^^^^^^^^^,
        File "/scratch/specforge-torchtitan-20261003/first-update-source-candidate1/specforge/modeling/draft/dflash.py", line 279, in forward,
          q, k, v = self._compute_qkv(hidden_states, target_hidden, position_embeddings),
                    ^^^^^^^^^^^^^^^^^^^^^^^^^^^^^^^^^^^^^^^^^^^^^^^^^^^^^^^^^^^^^^^^^^^^,
        File "/scratch/specforge-torchtitan-20261003/first-update-source-candidate1/specforge/modeling/draft/dflash.py", line 377, in _compute_qkv,
          q = self.q_norm(q).transpose(1, 2),
              ^^^^^^^^^^^^^^^^^^^^^^^^^^^^^^,
        File "/scratch/specforge-torchtitan-20261003/venv/lib/python3.12/site-packages/transformers/models/qwen3/modeling_qwen3.py", line 64, in forward,
          return self.weight * hidden_states.to(input_dtype),
                 ^^^^^^^^^^^^^^^^^^^^^^^^^^^^^^^^^^^^^^^^^^^,
      ,
      },
      stack_traces = {,
        File "/scratch/specforge-torchtitan-20261003/first-update-source-candidate1/specforge/modeling/draft/dflash2.py", line 237, in forward,
          hidden_states = self.self_attn(,
                          ^^^^^^^^^^^^^^^,
        File "/scratch/specforge-torchtitan-20261003/first-update-source-candidate1/specforge/modeling/draft/dflash.py", line 279, in forward,
          q, k, v = self._compute_qkv(hidden_states, target_hidden, position_embeddings),
                    ^^^^^^^^^^^^^^^^^^^^^^^^^^^^^^^^^^^^^^^^^^^^^^^^^^^^^^^^^^^^^^^^^^^^,
        File "/scratch/specforge-torchtitan-20261003/first-update-source-candidate1/specforge/modeling/draft/dflash.py", line 377, in _compute_qkv,
          q = self.q_norm(q).transpose(1, 2),
              ^^^^^^^^^^^^^^^^^^^^^^^^^^^^^^,
        File "/scratch/specforge-torchtitan-20261003/venv/lib/python3.12/site-packages/transformers/models/qwen3/modeling_qwen3.py", line 64, in forward,
          return self.weight * hidden_states.to(input_dtype),
                               ^^^^^^^^^^^^^^^^^^^^^^^^^^^^^,
      ,
      },
      stack_traces = {,
        File "/scratch/specforge-torchtitan-20261003/first-update-source-candidate1/specforge/modeling/draft/dflash2.py", line 237, in forward,
          hidden_states = self.self_attn(,
                          ^^^^^^^^^^^^^^^,
        File "/scratch/specforge-torchtitan-20261003/first-update-source-candidate1/specforge/modeling/draft/dflash.py", line 279, in forward,
          q, k, v = self._compute_qkv(hidden_states, target_hidden, position_embeddings),
                    ^^^^^^^^^^^^^^^^^^^^^^^^^^^^^^^^^^^^^^^^^^^^^^^^^^^^^^^^^^^^^^^^^^^^,
        File "/scratch/specforge-torchtitan-20261003/first-update-source-candidate1/specforge/modeling/draft/dflash.py", line 377, in _compute_qkv,
          q = self.q_norm(q).transpose(1, 2),
              ^^^^^^^^^^^^^^^^^^^^^^^^^^^^^^,
        File "/scratch/specforge-torchtitan-20261003/venv/lib/python3.12/site-packages/transformers/models/qwen3/modeling_qwen3.py", line 63, in forward,
          hidden_states = hidden_states * torch.rsqrt(variance + self.variance_epsilon),
                          ^^^^^^^^^^^^^^^^^^^^^^^^^^^^^^^^^^^^^^^^^^^^^^^^^^^^^^^^^^^^^,
      ,
      },
      stack_traces = {,
        File "/scratch/specforge-torchtitan-20261003/first-update-source-candidate1/specforge/modeling/draft/dflash2.py", line 237, in forward,
          hidden_states = self.self_attn(,
                          ^^^^^^^^^^^^^^^,
        File "/scratch/specforge-torchtitan-20261003/first-update-source-candidate1/specforge/modeling/draft/dflash.py", line 279, in forward,
          q, k, v = self._compute_qkv(hidden_states, target_hidden, position_embeddings),
                    ^^^^^^^^^^^^^^^^^^^^^^^^^^^^^^^^^^^^^^^^^^^^^^^^^^^^^^^^^^^^^^^^^^^^,
        File "/scratch/specforge-torchtitan-20261003/first-update-source-candidate1/specforge/modeling/draft/dflash.py", line 377, in _compute_qkv,
          q = self.q_norm(q).transpose(1, 2),
              ^^^^^^^^^^^^^^^^^^^^^^^^^^^^^^,
        File "/scratch/specforge-torchtitan-20261003/venv/lib/python3.12/site-packages/transformers/models/qwen3/modeling_qwen3.py", line 61, in forward,
          hidden_states = hidden_states.to(torch.float32),
                          ^^^^^^^^^^^^^^^^^^^^^^^^^^^^^^^,
      ,
      },
      stack_traces = {,
        File "/scratch/specforge-torchtitan-20261003/first-update-source-candidate1/specforge/modeling/draft/dflash2.py", line 237, in forward,
          hidden_states = self.self_attn(,
                          ^^^^^^^^^^^^^^^,
        File "/scratch/specforge-torchtitan-20261003/first-update-source-candidate1/specforge/modeling/draft/dflash.py", line 279, in forward,
          q, k, v = self._compute_qkv(hidden_states, target_hidden, position_embeddings),
                    ^^^^^^^^^^^^^^^^^^^^^^^^^^^^^^^^^^^^^^^^^^^^^^^^^^^^^^^^^^^^^^^^^^^^,
        File "/scratch/specforge-torchtitan-20261003/first-update-source-candidate1/specforge/modeling/draft/dflash.py", line 376, in _compute_qkv,
          q = q.view(bsz, q_len, -1, self.head_dim),
              ^^^^^^^^^^^^^^^^^^^^^^^^^^^^^^^^^^^^^,
      ,
      },
      stack_traces = {,
        File "/scratch/specforge-torchtitan-20261003/first-update-source-candidate1/specforge/modeling/draft/dflash2.py", line 237, in forward,
          hidden_states = self.self_attn(,
                          ^^^^^^^^^^^^^^^,
        File "/scratch/specforge-torchtitan-20261003/first-update-source-candidate1/specforge/modeling/draft/dflash.py", line 279, in forward,
          q, k, v = self._compute_qkv(hidden_states, target_hidden, position_embeddings),
                    ^^^^^^^^^^^^^^^^^^^^^^^^^^^^^^^^^^^^^^^^^^^^^^^^^^^^^^^^^^^^^^^^^^^^,
        File "/scratch/specforge-torchtitan-20261003/first-update-source-candidate1/specforge/modeling/draft/dflash.py", line 375, in _compute_qkv,
          q = self.q_proj(hidden_states),
              ^^^^^^^^^^^^^^^^^^^^^^^^^^,
      ,
      },
      stack_traces = {,
        File "/scratch/specforge-torchtitan-20261003/first-update-source-candidate1/specforge/modeling/draft/dflash2.py", line 237, in forward,
          hidden_states = self.self_attn(,
                          ^^^^^^^^^^^^^^^,
        File "/scratch/specforge-torchtitan-20261003/first-update-source-candidate1/specforge/modeling/draft/dflash.py", line 279, in forward,
          q, k, v = self._compute_qkv(hidden_states, target_hidden, position_embeddings),
                    ^^^^^^^^^^^^^^^^^^^^^^^^^^^^^^^^^^^^^^^^^^^^^^^^^^^^^^^^^^^^^^^^^^^^,
        File "/scratch/specforge-torchtitan-20261003/first-update-source-candidate1/specforge/modeling/draft/dflash.py", line 391, in _compute_qkv,
          q, k = apply_rotary_pos_emb(q, k, cos, sin),
                 ^^^^^^^^^^^^^^^^^^^^^^^^^^^^^^^^^^^^,
        File "/scratch/specforge-torchtitan-20261003/first-update-source-candidate1/specforge/modeling/draft/dflash.py", line 172, in apply_rotary_pos_emb,
          q_embed = (q * cos[..., -q_len:, :]) + (rotate_half(q) * sin[..., -q_len:, :]),
                         ^^^^^^^^^^^^^^^^^^^^^^^^^^^^^^^^^^^^^^^^^^^^^^^^^^^^^^^^^^^^^^^,
      ,
      },
      stack_traces = {,
        File "/scratch/specforge-torchtitan-20261003/first-update-source-candidate1/specforge/modeling/draft/dflash2.py", line 237, in forward,
          hidden_states = self.self_attn(,
                          ^^^^^^^^^^^^^^^,
        File "/scratch/specforge-torchtitan-20261003/first-update-source-candidate1/specforge/modeling/draft/dflash.py", line 279, in forward,
          q, k, v = self._compute_qkv(hidden_states, target_hidden, position_embeddings),
                    ^^^^^^^^^^^^^^^^^^^^^^^^^^^^^^^^^^^^^^^^^^^^^^^^^^^^^^^^^^^^^^^^^^^^,
        File "/scratch/specforge-torchtitan-20261003/first-update-source-candidate1/specforge/modeling/draft/dflash.py", line 391, in _compute_qkv,
          q, k = apply_rotary_pos_emb(q, k, cos, sin),
                 ^^^^^^^^^^^^^^^^^^^^^^^^^^^^^^^^^^^^,
        File "/scratch/specforge-torchtitan-20261003/first-update-source-candidate1/specforge/modeling/draft/dflash.py", line 169, in apply_rotary_pos_emb,
          cos = cos.unsqueeze(unsqueeze_dim),
                ^^^^^^^^^^^^^^^^^^^^^^^^^^^^,
      ,
      },
      stack_traces = {,
        File "/scratch/specforge-torchtitan-20261003/first-update-source-candidate1/specforge/modeling/draft/dflash2.py", line 237, in forward,
          hidden_states = self.self_attn(,
                          ^^^^^^^^^^^^^^^,
        File "/scratch/specforge-torchtitan-20261003/first-update-source-candidate1/specforge/modeling/draft/dflash.py", line 279, in forward,
          q, k, v = self._compute_qkv(hidden_states, target_hidden, position_embeddings),
                    ^^^^^^^^^^^^^^^^^^^^^^^^^^^^^^^^^^^^^^^^^^^^^^^^^^^^^^^^^^^^^^^^^^^^,
        File "/scratch/specforge-torchtitan-20261003/first-update-source-candidate1/specforge/modeling/draft/dflash.py", line 391, in _compute_qkv,
          q, k = apply_rotary_pos_emb(q, k, cos, sin),
                 ^^^^^^^^^^^^^^^^^^^^^^^^^^^^^^^^^^^^,
        File "/scratch/specforge-torchtitan-20261003/first-update-source-candidate1/specforge/modeling/draft/dflash.py", line 172, in apply_rotary_pos_emb,
          q_embed = (q * cos[..., -q_len:, :]) + (rotate_half(q) * sin[..., -q_len:, :]),
                                                  ^^^^^^^^^^^^^^^^^^^^^^^^^^^^^^^^^^^^^^,
      ,
      },
      stack_traces = {,
        File "/scratch/specforge-torchtitan-20261003/first-update-source-candidate1/specforge/modeling/draft/dflash2.py", line 237, in forward,
          hidden_states = self.self_attn(,
                          ^^^^^^^^^^^^^^^,
        File "/scratch/specforge-torchtitan-20261003/first-update-source-candidate1/specforge/modeling/draft/dflash.py", line 279, in forward,
          q, k, v = self._compute_qkv(hidden_states, target_hidden, position_embeddings),
                    ^^^^^^^^^^^^^^^^^^^^^^^^^^^^^^^^^^^^^^^^^^^^^^^^^^^^^^^^^^^^^^^^^^^^,
        File "/scratch/specforge-torchtitan-20261003/first-update-source-candidate1/specforge/modeling/draft/dflash.py", line 391, in _compute_qkv,
          q, k = apply_rotary_pos_emb(q, k, cos, sin),
                 ^^^^^^^^^^^^^^^^^^^^^^^^^^^^^^^^^^^^,
        File "/scratch/specforge-torchtitan-20261003/first-update-source-candidate1/specforge/modeling/draft/dflash.py", line 172, in apply_rotary_pos_emb,
          q_embed = (q * cos[..., -q_len:, :]) + (rotate_half(q) * sin[..., -q_len:, :]),
                                                                   ^^^^^^^^^^^^^^^^^^^^^,
      ,
      },
      stack_traces = {,
        File "/scratch/specforge-torchtitan-20261003/first-update-source-candidate1/specforge/modeling/draft/dflash2.py", line 237, in forward,
          hidden_states = self.self_attn(,
                          ^^^^^^^^^^^^^^^,
        File "/scratch/specforge-torchtitan-20261003/first-update-source-candidate1/specforge/modeling/draft/dflash.py", line 279, in forward,
          q, k, v = self._compute_qkv(hidden_states, target_hidden, position_embeddings),
                    ^^^^^^^^^^^^^^^^^^^^^^^^^^^^^^^^^^^^^^^^^^^^^^^^^^^^^^^^^^^^^^^^^^^^,
        File "/scratch/specforge-torchtitan-20261003/first-update-source-candidate1/specforge/modeling/draft/dflash.py", line 391, in _compute_qkv,
          q, k = apply_rotary_pos_emb(q, k, cos, sin),
                 ^^^^^^^^^^^^^^^^^^^^^^^^^^^^^^^^^^^^,
        File "/scratch/specforge-torchtitan-20261003/first-update-source-candidate1/specforge/modeling/draft/dflash.py", line 170, in apply_rotary_pos_emb,
          sin = sin.unsqueeze(unsqueeze_dim),
                ^^^^^^^^^^^^^^^^^^^^^^^^^^^^,
      ,
      }
    ), _split_size=None, _original_inner_fn=None, _original_ranges=None, _original_reduction_ranges=None)
  ))
  args[1]: TensorBox(StorageBox(
    ComputedBuffer(name='buf20', layout=FixedLayout('cuda:1', torch.bfloat16, size=[1, 2, 160, 8], stride=[2560, 8, 16, 1]), data=Pointwise(
      'cuda',
      torch.bfloat16,
      def inner_fn(index):
          _, i1, i2, i3 = index
          tmp0 = ops.load(primals_10, i3)
          tmp1 = ops.to_dtype(tmp0, torch.bfloat16, use_compute_types=False)
          tmp2 = ops.to_dtype(tmp1, torch.bfloat16)
          tmp3 = ops.load(buf13, i3 + 8 * i1 + 16 * i2)
          tmp4 = ops.to_dtype(tmp3, torch.bfloat16, use_compute_types=False)
          tmp5 = ops.to_dtype(tmp4, torch.bfloat16)
          tmp6 = ops.to_dtype(tmp5, torch.float32, src_dtype=torch.bfloat16, use_compute_types=False)
          tmp7 = ops.load(buf15, i1 + 2 * i2)
          tmp8 = tmp6 * tmp7
          tmp9 = ops.to_dtype(tmp8, torch.bfloat16, src_dtype=torch.float32, use_compute_types=False)
          tmp10 = ops.to_dtype(tmp9, torch.bfloat16)
          tmp11 = ops.to_dtype(tmp10, torch.bfloat16, use_compute_types=False)
          tmp12 = ops.to_dtype(tmp11, torch.bfloat16)
          tmp13 = ops.to_dtype(tmp12, torch.bfloat16, use_compute_types=False)
          tmp14 = ops.to_dtype(tmp13, torch.bfloat16)
          tmp15 = tmp2 * tmp14
          tmp16 = ops.to_dtype(tmp15, torch.bfloat16, use_compute_types=False)
          tmp17 = ops.to_dtype(tmp16, torch.bfloat16)
          tmp18 = ops.to_dtype(tmp17, torch.bfloat16, use_compute_types=False)
          tmp19 = ops.to_dtype(tmp18, torch.bfloat16)
          tmp20 = ops.load(primals_11, i3 + 8 * i2)
          tmp21 = ops.to_dtype(tmp20, torch.bfloat16, use_compute_types=False)
          tmp22 = ops.to_dtype(tmp21, torch.bfloat16)
          tmp23 = tmp19 * tmp22
          tmp24 = ops.to_dtype(tmp23, torch.bfloat16, use_compute_types=False)
          tmp25 = ops.to_dtype(tmp24, torch.bfloat16)
          tmp26 = ops.to_dtype(tmp25, torch.bfloat16, use_compute_types=False)
          tmp27 = ops.to_dtype(tmp26, torch.bfloat16)
          tmp28 = ops.load(buf19, i3 + 8 * i2 + 1280 * i1)
          tmp29 = ops.to_dtype(tmp28, torch.bfloat16, use_compute_types=False)
          tmp30 = ops.to_dtype(tmp29, torch.bfloat16)
          tmp31 = ops.load(primals_12, i3 + 8 * i2)
          tmp32 = ops.to_dtype(tmp31, torch.bfloat16, use_compute_types=False)
          tmp33 = ops.to_dtype(tmp32, torch.bfloat16)
          tmp34 = tmp30 * tmp33
          tmp35 = ops.to_dtype(tmp34, torch.bfloat16, use_compute_types=False)
          tmp36 = ops.to_dtype(tmp35, torch.bfloat16)
          tmp37 = ops.to_dtype(tmp36, torch.bfloat16, use_compute_types=False)
          tmp38 = ops.to_dtype(tmp37, torch.bfloat16)
          tmp39 = tmp27 + tmp38
          tmp40 = ops.to_dtype(tmp39, torch.bfloat16, use_compute_types=False)
          tmp41 = ops.to_dtype(tmp40, torch.bfloat16)
          return tmp41
      ,
      ranges=[1, 2, 160, 8],
      origin_node=add_4,
      origins=OrderedSet([add_4, mul_8, permute_7, mul_5, convert_e...,
      stack_traces = {,
        File "/scratch/specforge-torchtitan-20261003/first-update-source-candidate1/specforge/modeling/draft/dflash2.py", line 237, in forward,
          hidden_states = self.self_attn(,
                          ^^^^^^^^^^^^^^^,
        File "/scratch/specforge-torchtitan-20261003/first-update-source-candidate1/specforge/modeling/draft/dflash.py", line 279, in forward,
          q, k, v = self._compute_qkv(hidden_states, target_hidden, position_embeddings),
                    ^^^^^^^^^^^^^^^^^^^^^^^^^^^^^^^^^^^^^^^^^^^^^^^^^^^^^^^^^^^^^^^^^^^^,
        File "/scratch/specforge-torchtitan-20261003/first-update-source-candidate1/specforge/modeling/draft/dflash.py", line 391, in _compute_qkv,
          q, k = apply_rotary_pos_emb(q, k, cos, sin),
                 ^^^^^^^^^^^^^^^^^^^^^^^^^^^^^^^^^^^^,
        File "/scratch/specforge-torchtitan-20261003/first-update-source-candidate1/specforge/modeling/draft/dflash.py", line 173, in apply_rotary_pos_emb,
          k_embed = (k * cos) + (rotate_half(k) * sin),
                    ^^^^^^^^^^^^^^^^^^^^^^^^^^^^^^^^^^,
      ,
      },
      stack_traces = {,
        File "/scratch/specforge-torchtitan-20261003/first-update-source-candidate1/specforge/modeling/draft/dflash2.py", line 237, in forward,
          hidden_states = self.self_attn(,
                          ^^^^^^^^^^^^^^^,
        File "/scratch/specforge-torchtitan-20261003/first-update-source-candidate1/specforge/modeling/draft/dflash.py", line 279, in forward,
          q, k, v = self._compute_qkv(hidden_states, target_hidden, position_embeddings),
                    ^^^^^^^^^^^^^^^^^^^^^^^^^^^^^^^^^^^^^^^^^^^^^^^^^^^^^^^^^^^^^^^^^^^^,
        File "/scratch/specforge-torchtitan-20261003/first-update-source-candidate1/specforge/modeling/draft/dflash.py", line 391, in _compute_qkv,
          q, k = apply_rotary_pos_emb(q, k, cos, sin),
                 ^^^^^^^^^^^^^^^^^^^^^^^^^^^^^^^^^^^^,
        File "/scratch/specforge-torchtitan-20261003/first-update-source-candidate1/specforge/modeling/draft/dflash.py", line 173, in apply_rotary_pos_emb,
          k_embed = (k * cos) + (rotate_half(k) * sin),
                     ^^^^^^^^^^^^^^^^^^^^^^^^^^^^^^^^^,
      ,
      },
      stack_traces = {,
        File "/scratch/specforge-torchtitan-20261003/first-update-source-candidate1/specforge/modeling/draft/dflash2.py", line 237, in forward,
          hidden_states = self.self_attn(,
                          ^^^^^^^^^^^^^^^,
        File "/scratch/specforge-torchtitan-20261003/first-update-source-candidate1/specforge/modeling/draft/dflash.py", line 279, in forward,
          q, k, v = self._compute_qkv(hidden_states, target_hidden, position_embeddings),
                    ^^^^^^^^^^^^^^^^^^^^^^^^^^^^^^^^^^^^^^^^^^^^^^^^^^^^^^^^^^^^^^^^^^^^,
        File "/scratch/specforge-torchtitan-20261003/first-update-source-candidate1/specforge/modeling/draft/dflash.py", line 388, in _compute_qkv,
          k = self.k_norm(k).transpose(1, 2),
              ^^^^^^^^^^^^^^^^^^^^^^^^^^^^^^,
      ,
      },
      stack_traces = {,
        File "/scratch/specforge-torchtitan-20261003/first-update-source-candidate1/specforge/modeling/draft/dflash2.py", line 237, in forward,
          hidden_states = self.self_attn(,
                          ^^^^^^^^^^^^^^^,
        File "/scratch/specforge-torchtitan-20261003/first-update-source-candidate1/specforge/modeling/draft/dflash.py", line 279, in forward,
          q, k, v = self._compute_qkv(hidden_states, target_hidden, position_embeddings),
                    ^^^^^^^^^^^^^^^^^^^^^^^^^^^^^^^^^^^^^^^^^^^^^^^^^^^^^^^^^^^^^^^^^^^^,
        File "/scratch/specforge-torchtitan-20261003/first-update-source-candidate1/specforge/modeling/draft/dflash.py", line 388, in _compute_qkv,
          k = self.k_norm(k).transpose(1, 2),
              ^^^^^^^^^^^^^^^^^^^^^^^^^^^^^^,
        File "/scratch/specforge-torchtitan-20261003/venv/lib/python3.12/site-packages/transformers/models/qwen3/modeling_qwen3.py", line 64, in forward,
          return self.weight * hidden_states.to(input_dtype),
                 ^^^^^^^^^^^^^^^^^^^^^^^^^^^^^^^^^^^^^^^^^^^,
      ,
      },
      stack_traces = {,
        File "/scratch/specforge-torchtitan-20261003/first-update-source-candidate1/specforge/modeling/draft/dflash2.py", line 237, in forward,
          hidden_states = self.self_attn(,
                          ^^^^^^^^^^^^^^^,
        File "/scratch/specforge-torchtitan-20261003/first-update-source-candidate1/specforge/modeling/draft/dflash.py", line 279, in forward,
          q, k, v = self._compute_qkv(hidden_states, target_hidden, position_embeddings),
                    ^^^^^^^^^^^^^^^^^^^^^^^^^^^^^^^^^^^^^^^^^^^^^^^^^^^^^^^^^^^^^^^^^^^^,
        File "/scratch/specforge-torchtitan-20261003/first-update-source-candidate1/specforge/modeling/draft/dflash.py", line 388, in _compute_qkv,
          k = self.k_norm(k).transpose(1, 2),
              ^^^^^^^^^^^^^^^^^^^^^^^^^^^^^^,
        File "/scratch/specforge-torchtitan-20261003/venv/lib/python3.12/site-packages/transformers/models/qwen3/modeling_qwen3.py", line 64, in forward,
          return self.weight * hidden_states.to(input_dtype),
                               ^^^^^^^^^^^^^^^^^^^^^^^^^^^^^,
      ,
      },
      stack_traces = {,
        File "/scratch/specforge-torchtitan-20261003/first-update-source-candidate1/specforge/modeling/draft/dflash2.py", line 237, in forward,
          hidden_states = self.self_attn(,
                          ^^^^^^^^^^^^^^^,
        File "/scratch/specforge-torchtitan-20261003/first-update-source-candidate1/specforge/modeling/draft/dflash.py", line 279, in forward,
          q, k, v = self._compute_qkv(hidden_states, target_hidden, position_embeddings),
                    ^^^^^^^^^^^^^^^^^^^^^^^^^^^^^^^^^^^^^^^^^^^^^^^^^^^^^^^^^^^^^^^^^^^^,
        File "/scratch/specforge-torchtitan-20261003/first-update-source-candidate1/specforge/modeling/draft/dflash.py", line 388, in _compute_qkv,
          k = self.k_norm(k).transpose(1, 2),
              ^^^^^^^^^^^^^^^^^^^^^^^^^^^^^^,
        File "/scratch/specforge-torchtitan-20261003/venv/lib/python3.12/site-packages/transformers/models/qwen3/modeling_qwen3.py", line 63, in forward,
          hidden_states = hidden_states * torch.rsqrt(variance + self.variance_epsilon),
                          ^^^^^^^^^^^^^^^^^^^^^^^^^^^^^^^^^^^^^^^^^^^^^^^^^^^^^^^^^^^^^,
      ,
      },
      stack_traces = {,
        File "/scratch/specforge-torchtitan-20261003/first-update-source-candidate1/specforge/modeling/draft/dflash2.py", line 237, in forward,
          hidden_states = self.self_attn(,
                          ^^^^^^^^^^^^^^^,
        File "/scratch/specforge-torchtitan-20261003/first-update-source-candidate1/specforge/modeling/draft/dflash.py", line 279, in forward,
          q, k, v = self._compute_qkv(hidden_states, target_hidden, position_embeddings),
                    ^^^^^^^^^^^^^^^^^^^^^^^^^^^^^^^^^^^^^^^^^^^^^^^^^^^^^^^^^^^^^^^^^^^^,
        File "/scratch/specforge-torchtitan-20261003/first-update-source-candidate1/specforge/modeling/draft/dflash.py", line 388, in _compute_qkv,
          k = self.k_norm(k).transpose(1, 2),
              ^^^^^^^^^^^^^^^^^^^^^^^^^^^^^^,
        File "/scratch/specforge-torchtitan-20261003/venv/lib/python3.12/site-packages/transformers/models/qwen3/modeling_qwen3.py", line 61, in forward,
          hidden_states = hidden_states.to(torch.float32),
                          ^^^^^^^^^^^^^^^^^^^^^^^^^^^^^^^,
      ,
      },
      stack_traces = {,
        File "/scratch/specforge-torchtitan-20261003/first-update-source-candidate1/specforge/modeling/draft/dflash2.py", line 237, in forward,
          hidden_states = self.self_attn(,
                          ^^^^^^^^^^^^^^^,
        File "/scratch/specforge-torchtitan-20261003/first-update-source-candidate1/specforge/modeling/draft/dflash.py", line 279, in forward,
          q, k, v = self._compute_qkv(hidden_states, target_hidden, position_embeddings),
                    ^^^^^^^^^^^^^^^^^^^^^^^^^^^^^^^^^^^^^^^^^^^^^^^^^^^^^^^^^^^^^^^^^^^^,
        File "/scratch/specforge-torchtitan-20261003/first-update-source-candidate1/specforge/modeling/draft/dflash.py", line 382, in _compute_qkv,
          k = torch.cat([k_ctx, k_noise], dim=1).view(,
              ^^^^^^^^^^^^^^^^^^^^^^^^^^^^^^^^^^^^^^^^,
      ,
      },
      stack_traces = {,
        File "/scratch/specforge-torchtitan-20261003/first-update-source-candidate1/specforge/modeling/draft/dflash2.py", line 237, in forward,
          hidden_states = self.self_attn(,
                          ^^^^^^^^^^^^^^^,
        File "/scratch/specforge-torchtitan-20261003/first-update-source-candidate1/specforge/modeling/draft/dflash.py", line 279, in forward,
          q, k, v = self._compute_qkv(hidden_states, target_hidden, position_embeddings),
                    ^^^^^^^^^^^^^^^^^^^^^^^^^^^^^^^^^^^^^^^^^^^^^^^^^^^^^^^^^^^^^^^^^^^^,
        File "/scratch/specforge-torchtitan-20261003/first-update-source-candidate1/specforge/modeling/draft/dflash.py", line 391, in _compute_qkv,
          q, k = apply_rotary_pos_emb(q, k, cos, sin),
                 ^^^^^^^^^^^^^^^^^^^^^^^^^^^^^^^^^^^^,
        File "/scratch/specforge-torchtitan-20261003/first-update-source-candidate1/specforge/modeling/draft/dflash.py", line 169, in apply_rotary_pos_emb,
          cos = cos.unsqueeze(unsqueeze_dim),
                ^^^^^^^^^^^^^^^^^^^^^^^^^^^^,
      ,
      },
      stack_traces = {,
        File "/scratch/specforge-torchtitan-20261003/first-update-source-candidate1/specforge/modeling/draft/dflash2.py", line 237, in forward,
          hidden_states = self.self_attn(,
                          ^^^^^^^^^^^^^^^,
        File "/scratch/specforge-torchtitan-20261003/first-update-source-candidate1/specforge/modeling/draft/dflash.py", line 279, in forward,
          q, k, v = self._compute_qkv(hidden_states, target_hidden, position_embeddings),
                    ^^^^^^^^^^^^^^^^^^^^^^^^^^^^^^^^^^^^^^^^^^^^^^^^^^^^^^^^^^^^^^^^^^^^,
        File "/scratch/specforge-torchtitan-20261003/first-update-source-candidate1/specforge/modeling/draft/dflash.py", line 391, in _compute_qkv,
          q, k = apply_rotary_pos_emb(q, k, cos, sin),
                 ^^^^^^^^^^^^^^^^^^^^^^^^^^^^^^^^^^^^,
        File "/scratch/specforge-torchtitan-20261003/first-update-source-candidate1/specforge/modeling/draft/dflash.py", line 173, in apply_rotary_pos_emb,
          k_embed = (k * cos) + (rotate_half(k) * sin),
                                 ^^^^^^^^^^^^^^^^^^^^^,
      ,
      },
      stack_traces = {,
        File "/scratch/specforge-torchtitan-20261003/first-update-source-candidate1/specforge/modeling/draft/dflash2.py", line 237, in forward,
          hidden_states = self.self_attn(,
                          ^^^^^^^^^^^^^^^,
        File "/scratch/specforge-torchtitan-20261003/first-update-source-candidate1/specforge/modeling/draft/dflash.py", line 279, in forward,
          q, k, v = self._compute_qkv(hidden_states, target_hidden, position_embeddings),
                    ^^^^^^^^^^^^^^^^^^^^^^^^^^^^^^^^^^^^^^^^^^^^^^^^^^^^^^^^^^^^^^^^^^^^,
        File "/scratch/specforge-torchtitan-20261003/first-update-source-candidate1/specforge/modeling/draft/dflash.py", line 391, in _compute_qkv,
          q, k = apply_rotary_pos_emb(q, k, cos, sin),
                 ^^^^^^^^^^^^^^^^^^^^^^^^^^^^^^^^^^^^,
        File "/scratch/specforge-torchtitan-20261003/first-update-source-candidate1/specforge/modeling/draft/dflash.py", line 170, in apply_rotary_pos_emb,
          sin = sin.unsqueeze(unsqueeze_dim),
                ^^^^^^^^^^^^^^^^^^^^^^^^^^^^,
      ,
      }
    ), _split_size=None, _original_inner_fn=None, _original_ranges=None, _original_reduction_ranges=None)
  ))
  args[2]: TensorBox(
    ReinterpretView(
      StorageBox(
        ComputedBuffer(name='buf16', layout=FixedLayout('cuda:1', torch.bfloat16, size=[1, 160, 16], stride=[2560, 16, 1]), data=Pointwise(
          'cuda',
          torch.bfloat16,
          def inner_fn(index):
              _, i1, i2 = index
              tmp0 = ops.index_expr(i1, torch.int64)
              tmp1 = ops.constant(0, torch.int64)
              tmp2 = ops.index_expr(128, torch.int64)
              tmp3 = tmp0 >= tmp1
              tmp4 = tmp0 < tmp2
              tmp5 = ops.load(buf11, i2 + 16 * Identity(i1))
              tmp6 = ops.masked(tmp4, tmp5, 0.0)
              tmp7 = ops.index_expr(128, torch.int64)
              tmp8 = ops.index_expr(160, torch.int64)
              tmp9 = tmp0 >= tmp7
              tmp10 = tmp0 < tmp8
              tmp11 = ops.load(buf12, i2 + 16 * Identity(-128 + i1))
              tmp12 = ops.masked(tmp9, tmp11, 0.0)
              tmp13 = ops.where(tmp4, tmp6, tmp12)
              return tmp13
          ,
          ranges=[1, 160, 16],
          origin_node=cat_1,
          origins=OrderedSet([cat_1, view_19, view_23]),
          stack_traces = {,
            File "/scratch/specforge-torchtitan-20261003/first-update-source-candidate1/specforge/modeling/draft/dflash2.py", line 237, in forward,
              hidden_states = self.self_attn(,
                              ^^^^^^^^^^^^^^^,
            File "/scratch/specforge-torchtitan-20261003/first-update-source-candidate1/specforge/modeling/draft/dflash.py", line 279, in forward,
              q, k, v = self._compute_qkv(hidden_states, target_hidden, position_embeddings),
                        ^^^^^^^^^^^^^^^^^^^^^^^^^^^^^^^^^^^^^^^^^^^^^^^^^^^^^^^^^^^^^^^^^^^^,
            File "/scratch/specforge-torchtitan-20261003/first-update-source-candidate1/specforge/modeling/draft/dflash.py", line 385, in _compute_qkv,
              v = torch.cat([v_ctx, v_noise], dim=1).view(,
                  ^^^^^^^^^^^^^^^^^^^^^^^^^^^^^^^^^^^^^^^^,
          ,
          },
          stack_traces = {,
            File "/scratch/specforge-torchtitan-20261003/first-update-source-candidate1/specforge/modeling/draft/dflash2.py", line 237, in forward,
              hidden_states = self.self_attn(,
                              ^^^^^^^^^^^^^^^,
            File "/scratch/specforge-torchtitan-20261003/first-update-source-candidate1/specforge/modeling/draft/dflash.py", line 279, in forward,
              q, k, v = self._compute_qkv(hidden_states, target_hidden, position_embeddings),
                        ^^^^^^^^^^^^^^^^^^^^^^^^^^^^^^^^^^^^^^^^^^^^^^^^^^^^^^^^^^^^^^^^^^^^,
            File "/scratch/specforge-torchtitan-20261003/first-update-source-candidate1/specforge/modeling/draft/dflash.py", line 380, in _compute_qkv,
              v_ctx = self.v_proj(target_hidden),
                      ^^^^^^^^^^^^^^^^^^^^^^^^^^,
          ,
          },
          stack_traces = {,
            File "/scratch/specforge-torchtitan-20261003/first-update-source-candidate1/specforge/modeling/draft/dflash2.py", line 237, in forward,
              hidden_states = self.self_attn(,
                              ^^^^^^^^^^^^^^^,
            File "/scratch/specforge-torchtitan-20261003/first-update-source-candidate1/specforge/modeling/draft/dflash.py", line 279, in forward,
              q, k, v = self._compute_qkv(hidden_states, target_hidden, position_embeddings),
                        ^^^^^^^^^^^^^^^^^^^^^^^^^^^^^^^^^^^^^^^^^^^^^^^^^^^^^^^^^^^^^^^^^^^^,
            File "/scratch/specforge-torchtitan-20261003/first-update-source-candidate1/specforge/modeling/draft/dflash.py", line 381, in _compute_qkv,
              v_noise = self.v_proj(hidden_states),
                        ^^^^^^^^^^^^^^^^^^^^^^^^^^,
          ,
          }
        ), _split_size=None, _original_inner_fn=None, _original_ranges=None, _original_reduction_ranges=None)
      ),
      FixedLayout('cuda:1', torch.bfloat16, size=[1, 2, 160, 8], stride=[0, 8, 16, 1]),
      origins=OrderedSet([permute_8, view_25, cat_1, view_19, view_...,
      stack_traces = {,
        File "/scratch/specforge-torchtitan-20261003/first-update-source-candidate1/specforge/modeling/draft/dflash2.py", line 237, in forward,
          hidden_states = self.self_attn(,
                          ^^^^^^^^^^^^^^^,
        File "/scratch/specforge-torchtitan-20261003/first-update-source-candidate1/specforge/modeling/draft/dflash.py", line 279, in forward,
          q, k, v = self._compute_qkv(hidden_states, target_hidden, position_embeddings),
                    ^^^^^^^^^^^^^^^^^^^^^^^^^^^^^^^^^^^^^^^^^^^^^^^^^^^^^^^^^^^^^^^^^^^^,
        File "/scratch/specforge-torchtitan-20261003/first-update-source-candidate1/specforge/modeling/draft/dflash.py", line 389, in _compute_qkv,
          v = v.transpose(1, 2),
              ^^^^^^^^^^^^^^^^^,
      ,
      },
      stack_traces = {,
        File "/scratch/specforge-torchtitan-20261003/first-update-source-candidate1/specforge/modeling/draft/dflash2.py", line 237, in forward,
          hidden_states = self.self_attn(,
                          ^^^^^^^^^^^^^^^,
        File "/scratch/specforge-torchtitan-20261003/first-update-source-candidate1/specforge/modeling/draft/dflash.py", line 279, in forward,
          q, k, v = self._compute_qkv(hidden_states, target_hidden, position_embeddings),
                    ^^^^^^^^^^^^^^^^^^^^^^^^^^^^^^^^^^^^^^^^^^^^^^^^^^^^^^^^^^^^^^^^^^^^,
        File "/scratch/specforge-torchtitan-20261003/first-update-source-candidate1/specforge/modeling/draft/dflash.py", line 385, in _compute_qkv,
          v = torch.cat([v_ctx, v_noise], dim=1).view(,
              ^^^^^^^^^^^^^^^^^^^^^^^^^^^^^^^^^^^^^^^^,
      ,
      },
      stack_traces = {,
        File "/scratch/specforge-torchtitan-20261003/first-update-source-candidate1/specforge/modeling/draft/dflash2.py", line 237, in forward,
          hidden_states = self.self_attn(,
                          ^^^^^^^^^^^^^^^,
        File "/scratch/specforge-torchtitan-20261003/first-update-source-candidate1/specforge/modeling/draft/dflash.py", line 279, in forward,
          q, k, v = self._compute_qkv(hidden_states, target_hidden, position_embeddings),
                    ^^^^^^^^^^^^^^^^^^^^^^^^^^^^^^^^^^^^^^^^^^^^^^^^^^^^^^^^^^^^^^^^^^^^,
        File "/scratch/specforge-torchtitan-20261003/first-update-source-candidate1/specforge/modeling/draft/dflash.py", line 380, in _compute_qkv,
          v_ctx = self.v_proj(target_hidden),
                  ^^^^^^^^^^^^^^^^^^^^^^^^^^,
      ,
      },
      stack_traces = {,
        File "/scratch/specforge-torchtitan-20261003/first-update-source-candidate1/specforge/modeling/draft/dflash2.py", line 237, in forward,
          hidden_states = self.self_attn(,
                          ^^^^^^^^^^^^^^^,
        File "/scratch/specforge-torchtitan-20261003/first-update-source-candidate1/specforge/modeling/draft/dflash.py", line 279, in forward,
          q, k, v = self._compute_qkv(hidden_states, target_hidden, position_embeddings),
                    ^^^^^^^^^^^^^^^^^^^^^^^^^^^^^^^^^^^^^^^^^^^^^^^^^^^^^^^^^^^^^^^^^^^^,
        File "/scratch/specforge-torchtitan-20261003/first-update-source-candidate1/specforge/modeling/draft/dflash.py", line 381, in _compute_qkv,
          v_noise = self.v_proj(hidden_states),
                    ^^^^^^^^^^^^^^^^^^^^^^^^^^,
      ,
      }
    )
  )
  args[3]: Subgraph(name='sdpa_score0', graph_module=<lambda>(), inductor_config_patches=None, graph=None)
  args[4]: (32, 160, TensorBox(StorageBox(
    InputBuffer(name='primals_14', layout=FixedLayout('cuda:1', torch.int32, size=[1, 1, 1], stride=[1, 1, 1]))
  )), TensorBox(StorageBox(
    InputBuffer(name='primals_13', layout=FixedLayout('cuda:1', torch.int32, size=[1, 1, 1, 2], stride=[2, 2, 2, 1]))
  )), TensorBox(StorageBox(
    InputBuffer(name='primals_17', layout=FixedLayout('cuda:1', torch.int32, size=[1, 1, 1], stride=[1, 1, 1]))
  )), TensorBox(StorageBox(
    InputBuffer(name='primals_18', layout=FixedLayout('cuda:1', torch.int32, size=[1, 1, 1, 2], stride=[2, 2, 2, 1]))
  )), TensorBox(StorageBox(
    InputBuffer(name='primals_19', layout=FixedLayout('cuda:1', torch.int32, size=[1, 1, 2], stride=[2, 2, 1]))
  )), TensorBox(StorageBox(
    InputBuffer(name='primals_20', layout=FixedLayout('cuda:1', torch.int32, size=[1, 1, 2, 1], stride=[2, 2, 1, 1]))
  )), TensorBox(StorageBox(
    InputBuffer(name='primals_21', layout=FixedLayout('cuda:1', torch.int32, size=[1, 1, 2], stride=[2, 2, 1]))
  )), TensorBox(StorageBox(
    InputBuffer(name='primals_22', layout=FixedLayout('cuda:1', torch.int32, size=[1, 1, 2, 1], stride=[2, 2, 1, 1]))
  )), None, None, None, None, 128, 128, Subgraph(name='sdpa_mask0', graph_module=<lambda>(), inductor_config_patches=None, graph=None))
  args[5]: 0.3535533905932738
  args[6]: {'BACKEND': 'TRITON', 'PRESCALE_QK': False, 'ROWS_GUARANTEED_SAFE': False, 'BLOCKS_ARE_CONTIGUOUS': False, 'WRITE_DQ': True, 'OUTPUT_LOGSUMEXP': True, 'OUTPUT_MAX': False}
  args[7]: ()
  args[8]: (TensorBox(StorageBox(
    InputBuffer(name='primals_15', layout=FixedLayout('cuda:1', torch.int64, size=[1, 8], stride=[8, 1]))
  )), TensorBox(StorageBox(
    InputBuffer(name='primals_16', layout=FixedLayout('cuda:1', torch.bool, size=[1, 8], stride=[8, 1]))
  )))NotImplementedError: NYI: embedding dimension of the query, key, and value must be at least 16 but got E=8 and Ev=8
  target: flex_attention
  args[0]: TensorBox(StorageBox(
    ComputedBuffer(name='buf18', layout=FixedLayout('cuda:1', torch.bfloat16, size=[1, 4, 32, 8], stride=[1024, 8, 32, 1]), data=Pointwise(
      'cuda',
      torch.bfloat16,
      def inner_fn(index):
          _, i1, i2, i3 = index
          tmp0 = ops.load(primals_7, i3)
          tmp1 = ops.to_dtype(tmp0, torch.bfloat16, use_compute_types=False)
          tmp2 = ops.to_dtype(tmp1, torch.bfloat16)
          tmp3 = ops.load(buf6, i3 + 8 * i1 + 32 * i2)
          tmp4 = ops.to_dtype(tmp3, torch.bfloat16, use_compute_types=False)
          tmp5 = ops.to_dtype(tmp4, torch.bfloat16)
          tmp6 = ops.to_dtype(tmp5, torch.float32, src_dtype=torch.bfloat16, use_compute_types=False)
          tmp7 = ops.load(buf8, i1 + 4 * i2)
          tmp8 = tmp6 * tmp7
          tmp9 = ops.to_dtype(tmp8, torch.bfloat16, src_dtype=torch.float32, use_compute_types=False)
          tmp10 = ops.to_dtype(tmp9, torch.bfloat16)
          tmp11 = ops.to_dtype(tmp10, torch.bfloat16, use_compute_types=False)
          tmp12 = ops.to_dtype(tmp11, torch.bfloat16)
          tmp13 = ops.to_dtype(tmp12, torch.bfloat16, use_compute_types=False)
          tmp14 = ops.to_dtype(tmp13, torch.bfloat16)
          tmp15 = tmp2 * tmp14
          tmp16 = ops.to_dtype(tmp15, torch.bfloat16, use_compute_types=False)
          tmp17 = ops.to_dtype(tmp16, torch.bfloat16)
          tmp18 = ops.to_dtype(tmp17, torch.bfloat16, use_compute_types=False)
          tmp19 = ops.to_dtype(tmp18, torch.bfloat16)
          tmp20 = ops.load(primals_11, 1024 + i3 + 8 * i2)
          tmp21 = ops.to_dtype(tmp20, torch.bfloat16, use_compute_types=False)
          tmp22 = ops.to_dtype(tmp21, torch.bfloat16)
          tmp23 = tmp19 * tmp22
          tmp24 = ops.to_dtype(tmp23, torch.bfloat16, use_compute_types=False)
          tmp25 = ops.to_dtype(tmp24, torch.bfloat16)
          tmp26 = ops.to_dtype(tmp25, torch.bfloat16, use_compute_types=False)
          tmp27 = ops.to_dtype(tmp26, torch.bfloat16)
          tmp28 = ops.load(buf17, i3 + 8 * i2 + 256 * i1)
          tmp29 = ops.to_dtype(tmp28, torch.bfloat16, use_compute_types=False)
          tmp30 = ops.to_dtype(tmp29, torch.bfloat16)
          tmp31 = ops.load(primals_12, 1024 + i3 + 8 * i2)
          tmp32 = ops.to_dtype(tmp31, torch.bfloat16, use_compute_types=False)
          tmp33 = ops.to_dtype(tmp32, torch.bfloat16)
          tmp34 = tmp30 * tmp33
          tmp35 = ops.to_dtype(tmp34, torch.bfloat16, use_compute_types=False)
          tmp36 = ops.to_dtype(tmp35, torch.bfloat16)
          tmp37 = ops.to_dtype(tmp36, torch.bfloat16, use_compute_types=False)
          tmp38 = ops.to_dtype(tmp37, torch.bfloat16)
          tmp39 = tmp27 + tmp38
          tmp40 = ops.to_dtype(tmp39, torch.bfloat16, use_compute_types=False)
          tmp41 = ops.to_dtype(tmp40, torch.bfloat16)
          return tmp41
      ,
      ranges=[1, 4, 32, 8],
      origin_node=add_3,
      origins=OrderedSet([add_3, mul_6, permute_2, mul_3, convert_e...,
      stack_traces = {,
        File "/scratch/specforge-torchtitan-20261003/first-update-source-candidate1/specforge/modeling/draft/dflash2.py", line 237, in forward,
          hidden_states = self.self_attn(,
                          ^^^^^^^^^^^^^^^,
        File "/scratch/specforge-torchtitan-20261003/first-update-source-candidate1/specforge/modeling/draft/dflash.py", line 279, in forward,
          q, k, v = self._compute_qkv(hidden_states, target_hidden, position_embeddings),
                    ^^^^^^^^^^^^^^^^^^^^^^^^^^^^^^^^^^^^^^^^^^^^^^^^^^^^^^^^^^^^^^^^^^^^,
        File "/scratch/specforge-torchtitan-20261003/first-update-source-candidate1/specforge/modeling/draft/dflash.py", line 391, in _compute_qkv,
          q, k = apply_rotary_pos_emb(q, k, cos, sin),
                 ^^^^^^^^^^^^^^^^^^^^^^^^^^^^^^^^^^^^,
        File "/scratch/specforge-torchtitan-20261003/first-update-source-candidate1/specforge/modeling/draft/dflash.py", line 172, in apply_rotary_pos_emb,
          q_embed = (q * cos[..., -q_len:, :]) + (rotate_half(q) * sin[..., -q_len:, :]),
                    ^^^^^^^^^^^^^^^^^^^^^^^^^^^^^^^^^^^^^^^^^^^^^^^^^^^^^^^^^^^^^^^^^^^^,
      ,
      },
      stack_traces = {,
        File "/scratch/specforge-torchtitan-20261003/first-update-source-candidate1/specforge/modeling/draft/dflash2.py", line 237, in forward,
          hidden_states = self.self_attn(,
                          ^^^^^^^^^^^^^^^,
        File "/scratch/specforge-torchtitan-20261003/first-update-source-candidate1/specforge/modeling/draft/dflash.py", line 279, in forward,
          q, k, v = self._compute_qkv(hidden_states, target_hidden, position_embeddings),
                    ^^^^^^^^^^^^^^^^^^^^^^^^^^^^^^^^^^^^^^^^^^^^^^^^^^^^^^^^^^^^^^^^^^^^,
        File "/scratch/specforge-torchtitan-20261003/first-update-source-candidate1/specforge/modeling/draft/dflash.py", line 391, in _compute_qkv,
          q, k = apply_rotary_pos_emb(q, k, cos, sin),
                 ^^^^^^^^^^^^^^^^^^^^^^^^^^^^^^^^^^^^,
        File "/scratch/specforge-torchtitan-20261003/first-update-source-candidate1/specforge/modeling/draft/dflash.py", line 172, in apply_rotary_pos_emb,
          q_embed = (q * cos[..., -q_len:, :]) + (rotate_half(q) * sin[..., -q_len:, :]),
                     ^^^^^^^^^^^^^^^^^^^^^^^^^^^^^^^^^^^^^^^^^^^^^^^^^^^^^^^^^^^^^^^^^^^,
      ,
      },
      stack_traces = {,
        File "/scratch/specforge-torchtitan-20261003/first-update-source-candidate1/specforge/modeling/draft/dflash2.py", line 237, in forward,
          hidden_states = self.self_attn(,
                          ^^^^^^^^^^^^^^^,
        File "/scratch/specforge-torchtitan-20261003/first-update-source-candidate1/specforge/modeling/draft/dflash.py", line 279, in forward,
          q, k, v = self._compute_qkv(hidden_states, target_hidden, position_embeddings),
                    ^^^^^^^^^^^^^^^^^^^^^^^^^^^^^^^^^^^^^^^^^^^^^^^^^^^^^^^^^^^^^^^^^^^^,
        File "/scratch/specforge-torchtitan-20261003/first-update-source-candidate1/specforge/modeling/draft/dflash.py", line 377, in _compute_qkv,
          q = self.q_norm(q).transpose(1, 2),
              ^^^^^^^^^^^^^^^^^^^^^^^^^^^^^^,
      ,
      },
      stack_traces = {,
        File "/scratch/specforge-torchtitan-20261003/first-update-source-candidate1/specforge/modeling/draft/dflash2.py", line 237, in forward,
          hidden_states = self.self_attn(,
                          ^^^^^^^^^^^^^^^,
        File "/scratch/specforge-torchtitan-20261003/first-update-source-candidate1/specforge/modeling/draft/dflash.py", line 279, in forward,
          q, k, v = self._compute_qkv(hidden_states, target_hidden, position_embeddings),
                    ^^^^^^^^^^^^^^^^^^^^^^^^^^^^^^^^^^^^^^^^^^^^^^^^^^^^^^^^^^^^^^^^^^^^,
        File "/scratch/specforge-torchtitan-20261003/first-update-source-candidate1/specforge/modeling/draft/dflash.py", line 377, in _compute_qkv,
          q = self.q_norm(q).transpose(1, 2),
              ^^^^^^^^^^^^^^^^^^^^^^^^^^^^^^,
        File "/scratch/specforge-torchtitan-20261003/venv/lib/python3.12/site-packages/transformers/models/qwen3/modeling_qwen3.py", line 64, in forward,
          return self.weight * hidden_states.to(input_dtype),
                 ^^^^^^^^^^^^^^^^^^^^^^^^^^^^^^^^^^^^^^^^^^^,
      ,
      },
      stack_traces = {,
        File "/scratch/specforge-torchtitan-20261003/first-update-source-candidate1/specforge/modeling/draft/dflash2.py", line 237, in forward,
          hidden_states = self.self_attn(,
                          ^^^^^^^^^^^^^^^,
        File "/scratch/specforge-torchtitan-20261003/first-update-source-candidate1/specforge/modeling/draft/dflash.py", line 279, in forward,
          q, k, v = self._compute_qkv(hidden_states, target_hidden, position_embeddings),
                    ^^^^^^^^^^^^^^^^^^^^^^^^^^^^^^^^^^^^^^^^^^^^^^^^^^^^^^^^^^^^^^^^^^^^,
        File "/scratch/specforge-torchtitan-20261003/first-update-source-candidate1/specforge/modeling/draft/dflash.py", line 377, in _compute_qkv,
          q = self.q_norm(q).transpose(1, 2),
              ^^^^^^^^^^^^^^^^^^^^^^^^^^^^^^,
        File "/scratch/specforge-torchtitan-20261003/venv/lib/python3.12/site-packages/transformers/models/qwen3/modeling_qwen3.py", line 64, in forward,
          return self.weight * hidden_states.to(input_dtype),
                               ^^^^^^^^^^^^^^^^^^^^^^^^^^^^^,
      ,
      },
      stack_traces = {,
        File "/scratch/specforge-torchtitan-20261003/first-update-source-candidate1/specforge/modeling/draft/dflash2.py", line 237, in forward,
          hidden_states = self.self_attn(,
                          ^^^^^^^^^^^^^^^,
        File "/scratch/specforge-torchtitan-20261003/first-update-source-candidate1/specforge/modeling/draft/dflash.py", line 279, in forward,
          q, k, v = self._compute_qkv(hidden_states, target_hidden, position_embeddings),
                    ^^^^^^^^^^^^^^^^^^^^^^^^^^^^^^^^^^^^^^^^^^^^^^^^^^^^^^^^^^^^^^^^^^^^,
        File "/scratch/specforge-torchtitan-20261003/first-update-source-candidate1/specforge/modeling/draft/dflash.py", line 377, in _compute_qkv,
          q = self.q_norm(q).transpose(1, 2),
              ^^^^^^^^^^^^^^^^^^^^^^^^^^^^^^,
        File "/scratch/specforge-torchtitan-20261003/venv/lib/python3.12/site-packages/transformers/models/qwen3/modeling_qwen3.py", line 63, in forward,
          hidden_states = hidden_states * torch.rsqrt(variance + self.variance_epsilon),
                          ^^^^^^^^^^^^^^^^^^^^^^^^^^^^^^^^^^^^^^^^^^^^^^^^^^^^^^^^^^^^^,
      ,
      },
      stack_traces = {,
        File "/scratch/specforge-torchtitan-20261003/first-update-source-candidate1/specforge/modeling/draft/dflash2.py", line 237, in forward,
          hidden_states = self.self_attn(,
                          ^^^^^^^^^^^^^^^,
        File "/scratch/specforge-torchtitan-20261003/first-update-source-candidate1/specforge/modeling/draft/dflash.py", line 279, in forward,
          q, k, v = self._compute_qkv(hidden_states, target_hidden, position_embeddings),
                    ^^^^^^^^^^^^^^^^^^^^^^^^^^^^^^^^^^^^^^^^^^^^^^^^^^^^^^^^^^^^^^^^^^^^,
        File "/scratch/specforge-torchtitan-20261003/first-update-source-candidate1/specforge/modeling/draft/dflash.py", line 377, in _compute_qkv,
          q = self.q_norm(q).transpose(1, 2),
              ^^^^^^^^^^^^^^^^^^^^^^^^^^^^^^,
        File "/scratch/specforge-torchtitan-20261003/venv/lib/python3.12/site-packages/transformers/models/qwen3/modeling_qwen3.py", line 61, in forward,
          hidden_states = hidden_states.to(torch.float32),
                          ^^^^^^^^^^^^^^^^^^^^^^^^^^^^^^^,
      ,
      },
      stack_traces = {,
        File "/scratch/specforge-torchtitan-20261003/first-update-source-candidate1/specforge/modeling/draft/dflash2.py", line 237, in forward,
          hidden_states = self.self_attn(,
                          ^^^^^^^^^^^^^^^,
        File "/scratch/specforge-torchtitan-20261003/first-update-source-candidate1/specforge/modeling/draft/dflash.py", line 279, in forward,
          q, k, v = self._compute_qkv(hidden_states, target_hidden, position_embeddings),
                    ^^^^^^^^^^^^^^^^^^^^^^^^^^^^^^^^^^^^^^^^^^^^^^^^^^^^^^^^^^^^^^^^^^^^,
        File "/scratch/specforge-torchtitan-20261003/first-update-source-candidate1/specforge/modeling/draft/dflash.py", line 376, in _compute_qkv,
          q = q.view(bsz, q_len, -1, self.head_dim),
              ^^^^^^^^^^^^^^^^^^^^^^^^^^^^^^^^^^^^^,
      ,
      },
      stack_traces = {,
        File "/scratch/specforge-torchtitan-20261003/first-update-source-candidate1/specforge/modeling/draft/dflash2.py", line 237, in forward,
          hidden_states = self.self_attn(,
                          ^^^^^^^^^^^^^^^,
        File "/scratch/specforge-torchtitan-20261003/first-update-source-candidate1/specforge/modeling/draft/dflash.py", line 279, in forward,
          q, k, v = self._compute_qkv(hidden_states, target_hidden, position_embeddings),
                    ^^^^^^^^^^^^^^^^^^^^^^^^^^^^^^^^^^^^^^^^^^^^^^^^^^^^^^^^^^^^^^^^^^^^,
        File "/scratch/specforge-torchtitan-20261003/first-update-source-candidate1/specforge/modeling/draft/dflash.py", line 375, in _compute_qkv,
          q = self.q_proj(hidden_states),
              ^^^^^^^^^^^^^^^^^^^^^^^^^^,
      ,
      },
      stack_traces = {,
        File "/scratch/specforge-torchtitan-20261003/first-update-source-candidate1/specforge/modeling/draft/dflash2.py", line 237, in forward,
          hidden_states = self.self_attn(,
                          ^^^^^^^^^^^^^^^,
        File "/scratch/specforge-torchtitan-20261003/first-update-source-candidate1/specforge/modeling/draft/dflash.py", line 279, in forward,
          q, k, v = self._compute_qkv(hidden_states, target_hidden, position_embeddings),
                    ^^^^^^^^^^^^^^^^^^^^^^^^^^^^^^^^^^^^^^^^^^^^^^^^^^^^^^^^^^^^^^^^^^^^,
        File "/scratch/specforge-torchtitan-20261003/first-update-source-candidate1/specforge/modeling/draft/dflash.py", line 391, in _compute_qkv,
          q, k = apply_rotary_pos_emb(q, k, cos, sin),
                 ^^^^^^^^^^^^^^^^^^^^^^^^^^^^^^^^^^^^,
        File "/scratch/specforge-torchtitan-20261003/first-update-source-candidate1/specforge/modeling/draft/dflash.py", line 172, in apply_rotary_pos_emb,
          q_embed = (q * cos[..., -q_len:, :]) + (rotate_half(q) * sin[..., -q_len:, :]),
                         ^^^^^^^^^^^^^^^^^^^^^^^^^^^^^^^^^^^^^^^^^^^^^^^^^^^^^^^^^^^^^^^,
      ,
      },
      stack_traces = {,
        File "/scratch/specforge-torchtitan-20261003/first-update-source-candidate1/specforge/modeling/draft/dflash2.py", line 237, in forward,
          hidden_states = self.self_attn(,
                          ^^^^^^^^^^^^^^^,
        File "/scratch/specforge-torchtitan-20261003/first-update-source-candidate1/specforge/modeling/draft/dflash.py", line 279, in forward,
          q, k, v = self._compute_qkv(hidden_states, target_hidden, position_embeddings),
                    ^^^^^^^^^^^^^^^^^^^^^^^^^^^^^^^^^^^^^^^^^^^^^^^^^^^^^^^^^^^^^^^^^^^^,
        File "/scratch/specforge-torchtitan-20261003/first-update-source-candidate1/specforge/modeling/draft/dflash.py", line 391, in _compute_qkv,
          q, k = apply_rotary_pos_emb(q, k, cos, sin),
                 ^^^^^^^^^^^^^^^^^^^^^^^^^^^^^^^^^^^^,
        File "/scratch/specforge-torchtitan-20261003/first-update-source-candidate1/specforge/modeling/draft/dflash.py", line 169, in apply_rotary_pos_emb,
          cos = cos.unsqueeze(unsqueeze_dim),
                ^^^^^^^^^^^^^^^^^^^^^^^^^^^^,
      ,
      },
      stack_traces = {,
        File "/scratch/specforge-torchtitan-20261003/first-update-source-candidate1/specforge/modeling/draft/dflash2.py", line 237, in forward,
          hidden_states = self.self_attn(,
                          ^^^^^^^^^^^^^^^,
        File "/scratch/specforge-torchtitan-20261003/first-update-source-candidate1/specforge/modeling/draft/dflash.py", line 279, in forward,
          q, k, v = self._compute_qkv(hidden_states, target_hidden, position_embeddings),
                    ^^^^^^^^^^^^^^^^^^^^^^^^^^^^^^^^^^^^^^^^^^^^^^^^^^^^^^^^^^^^^^^^^^^^,
        File "/scratch/specforge-torchtitan-20261003/first-update-source-candidate1/specforge/modeling/draft/dflash.py", line 391, in _compute_qkv,
          q, k = apply_rotary_pos_emb(q, k, cos, sin),
                 ^^^^^^^^^^^^^^^^^^^^^^^^^^^^^^^^^^^^,
        File "/scratch/specforge-torchtitan-20261003/first-update-source-candidate1/specforge/modeling/draft/dflash.py", line 172, in apply_rotary_pos_emb,
          q_embed = (q * cos[..., -q_len:, :]) + (rotate_half(q) * sin[..., -q_len:, :]),
                                                  ^^^^^^^^^^^^^^^^^^^^^^^^^^^^^^^^^^^^^^,
      ,
      },
      stack_traces = {,
        File "/scratch/specforge-torchtitan-20261003/first-update-source-candidate1/specforge/modeling/draft/dflash2.py", line 237, in forward,
          hidden_states = self.self_attn(,
                          ^^^^^^^^^^^^^^^,
        File "/scratch/specforge-torchtitan-20261003/first-update-source-candidate1/specforge/modeling/draft/dflash.py", line 279, in forward,
          q, k, v = self._compute_qkv(hidden_states, target_hidden, position_embeddings),
                    ^^^^^^^^^^^^^^^^^^^^^^^^^^^^^^^^^^^^^^^^^^^^^^^^^^^^^^^^^^^^^^^^^^^^,
        File "/scratch/specforge-torchtitan-20261003/first-update-source-candidate1/specforge/modeling/draft/dflash.py", line 391, in _compute_qkv,
          q, k = apply_rotary_pos_emb(q, k, cos, sin),
                 ^^^^^^^^^^^^^^^^^^^^^^^^^^^^^^^^^^^^,
        File "/scratch/specforge-torchtitan-20261003/first-update-source-candidate1/specforge/modeling/draft/dflash.py", line 172, in apply_rotary_pos_emb,
          q_embed = (q * cos[..., -q_len:, :]) + (rotate_half(q) * sin[..., -q_len:, :]),
                                                                   ^^^^^^^^^^^^^^^^^^^^^,
      ,
      },
      stack_traces = {,
        File "/scratch/specforge-torchtitan-20261003/first-update-source-candidate1/specforge/modeling/draft/dflash2.py", line 237, in forward,
          hidden_states = self.self_attn(,
                          ^^^^^^^^^^^^^^^,
        File "/scratch/specforge-torchtitan-20261003/first-update-source-candidate1/specforge/modeling/draft/dflash.py", line 279, in forward,
          q, k, v = self._compute_qkv(hidden_states, target_hidden, position_embeddings),
                    ^^^^^^^^^^^^^^^^^^^^^^^^^^^^^^^^^^^^^^^^^^^^^^^^^^^^^^^^^^^^^^^^^^^^,
        File "/scratch/specforge-torchtitan-20261003/first-update-source-candidate1/specforge/modeling/draft/dflash.py", line 391, in _compute_qkv,
          q, k = apply_rotary_pos_emb(q, k, cos, sin),
                 ^^^^^^^^^^^^^^^^^^^^^^^^^^^^^^^^^^^^,
        File "/scratch/specforge-torchtitan-20261003/first-update-source-candidate1/specforge/modeling/draft/dflash.py", line 170, in apply_rotary_pos_emb,
          sin = sin.unsqueeze(unsqueeze_dim),
                ^^^^^^^^^^^^^^^^^^^^^^^^^^^^,
      ,
      }
    ), _split_size=None, _original_inner_fn=None, _original_ranges=None, _original_reduction_ranges=None)
  ))
  args[1]: TensorBox(StorageBox(
    ComputedBuffer(name='buf20', layout=FixedLayout('cuda:1', torch.bfloat16, size=[1, 2, 160, 8], stride=[2560, 8, 16, 1]), data=Pointwise(
      'cuda',
      torch.bfloat16,
      def inner_fn(index):
          _, i1, i2, i3 = index
          tmp0 = ops.load(primals_10, i3)
          tmp1 = ops.to_dtype(tmp0, torch.bfloat16, use_compute_types=False)
          tmp2 = ops.to_dtype(tmp1, torch.bfloat16)
          tmp3 = ops.load(buf13, i3 + 8 * i1 + 16 * i2)
          tmp4 = ops.to_dtype(tmp3, torch.bfloat16, use_compute_types=False)
          tmp5 = ops.to_dtype(tmp4, torch.bfloat16)
          tmp6 = ops.to_dtype(tmp5, torch.float32, src_dtype=torch.bfloat16, use_compute_types=False)
          tmp7 = ops.load(buf15, i1 + 2 * i2)
          tmp8 = tmp6 * tmp7
          tmp9 = ops.to_dtype(tmp8, torch.bfloat16, src_dtype=torch.float32, use_compute_types=False)
          tmp10 = ops.to_dtype(tmp9, torch.bfloat16)
          tmp11 = ops.to_dtype(tmp10, torch.bfloat16, use_compute_types=False)
          tmp12 = ops.to_dtype(tmp11, torch.bfloat16)
          tmp13 = ops.to_dtype(tmp12, torch.bfloat16, use_compute_types=False)
          tmp14 = ops.to_dtype(tmp13, torch.bfloat16)
          tmp15 = tmp2 * tmp14
          tmp16 = ops.to_dtype(tmp15, torch.bfloat16, use_compute_types=False)
          tmp17 = ops.to_dtype(tmp16, torch.bfloat16)
          tmp18 = ops.to_dtype(tmp17, torch.bfloat16, use_compute_types=False)
          tmp19 = ops.to_dtype(tmp18, torch.bfloat16)
          tmp20 = ops.load(primals_11, i3 + 8 * i2)
          tmp21 = ops.to_dtype(tmp20, torch.bfloat16, use_compute_types=False)
          tmp22 = ops.to_dtype(tmp21, torch.bfloat16)
          tmp23 = tmp19 * tmp22
          tmp24 = ops.to_dtype(tmp23, torch.bfloat16, use_compute_types=False)
          tmp25 = ops.to_dtype(tmp24, torch.bfloat16)
          tmp26 = ops.to_dtype(tmp25, torch.bfloat16, use_compute_types=False)
          tmp27 = ops.to_dtype(tmp26, torch.bfloat16)
          tmp28 = ops.load(buf19, i3 + 8 * i2 + 1280 * i1)
          tmp29 = ops.to_dtype(tmp28, torch.bfloat16, use_compute_types=False)
          tmp30 = ops.to_dtype(tmp29, torch.bfloat16)
          tmp31 = ops.load(primals_12, i3 + 8 * i2)
          tmp32 = ops.to_dtype(tmp31, torch.bfloat16, use_compute_types=False)
          tmp33 = ops.to_dtype(tmp32, torch.bfloat16)
          tmp34 = tmp30 * tmp33
          tmp35 = ops.to_dtype(tmp34, torch.bfloat16, use_compute_types=False)
          tmp36 = ops.to_dtype(tmp35, torch.bfloat16)
          tmp37 = ops.to_dtype(tmp36, torch.bfloat16, use_compute_types=False)
          tmp38 = ops.to_dtype(tmp37, torch.bfloat16)
          tmp39 = tmp27 + tmp38
          tmp40 = ops.to_dtype(tmp39, torch.bfloat16, use_compute_types=False)
          tmp41 = ops.to_dtype(tmp40, torch.bfloat16)
          return tmp41
      ,
      ranges=[1, 2, 160, 8],
      origin_node=add_4,
      origins=OrderedSet([add_4, mul_8, permute_7, mul_5, convert_e...,
      stack_traces = {,
        File "/scratch/specforge-torchtitan-20261003/first-update-source-candidate1/specforge/modeling/draft/dflash2.py", line 237, in forward,
          hidden_states = self.self_attn(,
                          ^^^^^^^^^^^^^^^,
        File "/scratch/specforge-torchtitan-20261003/first-update-source-candidate1/specforge/modeling/draft/dflash.py", line 279, in forward,
          q, k, v = self._compute_qkv(hidden_states, target_hidden, position_embeddings),
                    ^^^^^^^^^^^^^^^^^^^^^^^^^^^^^^^^^^^^^^^^^^^^^^^^^^^^^^^^^^^^^^^^^^^^,
        File "/scratch/specforge-torchtitan-20261003/first-update-source-candidate1/specforge/modeling/draft/dflash.py", line 391, in _compute_qkv,
          q, k = apply_rotary_pos_emb(q, k, cos, sin),
                 ^^^^^^^^^^^^^^^^^^^^^^^^^^^^^^^^^^^^,
        File "/scratch/specforge-torchtitan-20261003/first-update-source-candidate1/specforge/modeling/draft/dflash.py", line 173, in apply_rotary_pos_emb,
          k_embed = (k * cos) + (rotate_half(k) * sin),
                    ^^^^^^^^^^^^^^^^^^^^^^^^^^^^^^^^^^,
      ,
      },
      stack_traces = {,
        File "/scratch/specforge-torchtitan-20261003/first-update-source-candidate1/specforge/modeling/draft/dflash2.py", line 237, in forward,
          hidden_states = self.self_attn(,
                          ^^^^^^^^^^^^^^^,
        File "/scratch/specforge-torchtitan-20261003/first-update-source-candidate1/specforge/modeling/draft/dflash.py", line 279, in forward,
          q, k, v = self._compute_qkv(hidden_states, target_hidden, position_embeddings),
                    ^^^^^^^^^^^^^^^^^^^^^^^^^^^^^^^^^^^^^^^^^^^^^^^^^^^^^^^^^^^^^^^^^^^^,
        File "/scratch/specforge-torchtitan-20261003/first-update-source-candidate1/specforge/modeling/draft/dflash.py", line 391, in _compute_qkv,
          q, k = apply_rotary_pos_emb(q, k, cos, sin),
                 ^^^^^^^^^^^^^^^^^^^^^^^^^^^^^^^^^^^^,
        File "/scratch/specforge-torchtitan-20261003/first-update-source-candidate1/specforge/modeling/draft/dflash.py", line 173, in apply_rotary_pos_emb,
          k_embed = (k * cos) + (rotate_half(k) * sin),
                     ^^^^^^^^^^^^^^^^^^^^^^^^^^^^^^^^^,
      ,
      },
      stack_traces = {,
        File "/scratch/specforge-torchtitan-20261003/first-update-source-candidate1/specforge/modeling/draft/dflash2.py", line 237, in forward,
          hidden_states = self.self_attn(,
                          ^^^^^^^^^^^^^^^,
        File "/scratch/specforge-torchtitan-20261003/first-update-source-candidate1/specforge/modeling/draft/dflash.py", line 279, in forward,
          q, k, v = self._compute_qkv(hidden_states, target_hidden, position_embeddings),
                    ^^^^^^^^^^^^^^^^^^^^^^^^^^^^^^^^^^^^^^^^^^^^^^^^^^^^^^^^^^^^^^^^^^^^,
        File "/scratch/specforge-torchtitan-20261003/first-update-source-candidate1/specforge/modeling/draft/dflash.py", line 388, in _compute_qkv,
          k = self.k_norm(k).transpose(1, 2),
              ^^^^^^^^^^^^^^^^^^^^^^^^^^^^^^,
      ,
      },
      stack_traces = {,
        File "/scratch/specforge-torchtitan-20261003/first-update-source-candidate1/specforge/modeling/draft/dflash2.py", line 237, in forward,
          hidden_states = self.self_attn(,
                          ^^^^^^^^^^^^^^^,
        File "/scratch/specforge-torchtitan-20261003/first-update-source-candidate1/specforge/modeling/draft/dflash.py", line 279, in forward,
          q, k, v = self._compute_qkv(hidden_states, target_hidden, position_embeddings),
                    ^^^^^^^^^^^^^^^^^^^^^^^^^^^^^^^^^^^^^^^^^^^^^^^^^^^^^^^^^^^^^^^^^^^^,
        File "/scratch/specforge-torchtitan-20261003/first-update-source-candidate1/specforge/modeling/draft/dflash.py", line 388, in _compute_qkv,
          k = self.k_norm(k).transpose(1, 2),
              ^^^^^^^^^^^^^^^^^^^^^^^^^^^^^^,
        File "/scratch/specforge-torchtitan-20261003/venv/lib/python3.12/site-packages/transformers/models/qwen3/modeling_qwen3.py", line 64, in forward,
          return self.weight * hidden_states.to(input_dtype),
                 ^^^^^^^^^^^^^^^^^^^^^^^^^^^^^^^^^^^^^^^^^^^,
      ,
      },
      stack_traces = {,
        File "/scratch/specforge-torchtitan-20261003/first-update-source-candidate1/specforge/modeling/draft/dflash2.py", line 237, in forward,
          hidden_states = self.self_attn(,
                          ^^^^^^^^^^^^^^^,
        File "/scratch/specforge-torchtitan-20261003/first-update-source-candidate1/specforge/modeling/draft/dflash.py", line 279, in forward,
          q, k, v = self._compute_qkv(hidden_states, target_hidden, position_embeddings),
                    ^^^^^^^^^^^^^^^^^^^^^^^^^^^^^^^^^^^^^^^^^^^^^^^^^^^^^^^^^^^^^^^^^^^^,
        File "/scratch/specforge-torchtitan-20261003/first-update-source-candidate1/specforge/modeling/draft/dflash.py", line 388, in _compute_qkv,
          k = self.k_norm(k).transpose(1, 2),
              ^^^^^^^^^^^^^^^^^^^^^^^^^^^^^^,
        File "/scratch/specforge-torchtitan-20261003/venv/lib/python3.12/site-packages/transformers/models/qwen3/modeling_qwen3.py", line 64, in forward,
          return self.weight * hidden_states.to(input_dtype),
                               ^^^^^^^^^^^^^^^^^^^^^^^^^^^^^,
      ,
      },
      stack_traces = {,
        File "/scratch/specforge-torchtitan-20261003/first-update-source-candidate1/specforge/modeling/draft/dflash2.py", line 237, in forward,
          hidden_states = self.self_attn(,
                          ^^^^^^^^^^^^^^^,
        File "/scratch/specforge-torchtitan-20261003/first-update-source-candidate1/specforge/modeling/draft/dflash.py", line 279, in forward,
          q, k, v = self._compute_qkv(hidden_states, target_hidden, position_embeddings),
                    ^^^^^^^^^^^^^^^^^^^^^^^^^^^^^^^^^^^^^^^^^^^^^^^^^^^^^^^^^^^^^^^^^^^^,
        File "/scratch/specforge-torchtitan-20261003/first-update-source-candidate1/specforge/modeling/draft/dflash.py", line 388, in _compute_qkv,
          k = self.k_norm(k).transpose(1, 2),
              ^^^^^^^^^^^^^^^^^^^^^^^^^^^^^^,
        File "/scratch/specforge-torchtitan-20261003/venv/lib/python3.12/site-packages/transformers/models/qwen3/modeling_qwen3.py", line 63, in forward,
          hidden_states = hidden_states * torch.rsqrt(variance + self.variance_epsilon),
                          ^^^^^^^^^^^^^^^^^^^^^^^^^^^^^^^^^^^^^^^^^^^^^^^^^^^^^^^^^^^^^,
      ,
      },
      stack_traces = {,
        File "/scratch/specforge-torchtitan-20261003/first-update-source-candidate1/specforge/modeling/draft/dflash2.py", line 237, in forward,
          hidden_states = self.self_attn(,
                          ^^^^^^^^^^^^^^^,
        File "/scratch/specforge-torchtitan-20261003/first-update-source-candidate1/specforge/modeling/draft/dflash.py", line 279, in forward,
          q, k, v = self._compute_qkv(hidden_states, target_hidden, position_embeddings),
                    ^^^^^^^^^^^^^^^^^^^^^^^^^^^^^^^^^^^^^^^^^^^^^^^^^^^^^^^^^^^^^^^^^^^^,
        File "/scratch/specforge-torchtitan-20261003/first-update-source-candidate1/specforge/modeling/draft/dflash.py", line 388, in _compute_qkv,
          k = self.k_norm(k).transpose(1, 2),
              ^^^^^^^^^^^^^^^^^^^^^^^^^^^^^^,
        File "/scratch/specforge-torchtitan-20261003/venv/lib/python3.12/site-packages/transformers/models/qwen3/modeling_qwen3.py", line 61, in forward,
          hidden_states = hidden_states.to(torch.float32),
                          ^^^^^^^^^^^^^^^^^^^^^^^^^^^^^^^,
      ,
      },
      stack_traces = {,
        File "/scratch/specforge-torchtitan-20261003/first-update-source-candidate1/specforge/modeling/draft/dflash2.py", line 237, in forward,
          hidden_states = self.self_attn(,
                          ^^^^^^^^^^^^^^^,
        File "/scratch/specforge-torchtitan-20261003/first-update-source-candidate1/specforge/modeling/draft/dflash.py", line 279, in forward,
          q, k, v = self._compute_qkv(hidden_states, target_hidden, position_embeddings),
                    ^^^^^^^^^^^^^^^^^^^^^^^^^^^^^^^^^^^^^^^^^^^^^^^^^^^^^^^^^^^^^^^^^^^^,
        File "/scratch/specforge-torchtitan-20261003/first-update-source-candidate1/specforge/modeling/draft/dflash.py", line 382, in _compute_qkv,
          k = torch.cat([k_ctx, k_noise], dim=1).view(,
              ^^^^^^^^^^^^^^^^^^^^^^^^^^^^^^^^^^^^^^^^,
      ,
      },
      stack_traces = {,
        File "/scratch/specforge-torchtitan-20261003/first-update-source-candidate1/specforge/modeling/draft/dflash2.py", line 237, in forward,
          hidden_states = self.self_attn(,
                          ^^^^^^^^^^^^^^^,
        File "/scratch/specforge-torchtitan-20261003/first-update-source-candidate1/specforge/modeling/draft/dflash.py", line 279, in forward,
          q, k, v = self._compute_qkv(hidden_states, target_hidden, position_embeddings),
                    ^^^^^^^^^^^^^^^^^^^^^^^^^^^^^^^^^^^^^^^^^^^^^^^^^^^^^^^^^^^^^^^^^^^^,
        File "/scratch/specforge-torchtitan-20261003/first-update-source-candidate1/specforge/modeling/draft/dflash.py", line 391, in _compute_qkv,
          q, k = apply_rotary_pos_emb(q, k, cos, sin),
                 ^^^^^^^^^^^^^^^^^^^^^^^^^^^^^^^^^^^^,
        File "/scratch/specforge-torchtitan-20261003/first-update-source-candidate1/specforge/modeling/draft/dflash.py", line 169, in apply_rotary_pos_emb,
          cos = cos.unsqueeze(unsqueeze_dim),
                ^^^^^^^^^^^^^^^^^^^^^^^^^^^^,
      ,
      },
      stack_traces = {,
        File "/scratch/specforge-torchtitan-20261003/first-update-source-candidate1/specforge/modeling/draft/dflash2.py", line 237, in forward,
          hidden_states = self.self_attn(,
                          ^^^^^^^^^^^^^^^,
        File "/scratch/specforge-torchtitan-20261003/first-update-source-candidate1/specforge/modeling/draft/dflash.py", line 279, in forward,
          q, k, v = self._compute_qkv(hidden_states, target_hidden, position_embeddings),
                    ^^^^^^^^^^^^^^^^^^^^^^^^^^^^^^^^^^^^^^^^^^^^^^^^^^^^^^^^^^^^^^^^^^^^,
        File "/scratch/specforge-torchtitan-20261003/first-update-source-candidate1/specforge/modeling/draft/dflash.py", line 391, in _compute_qkv,
          q, k = apply_rotary_pos_emb(q, k, cos, sin),
                 ^^^^^^^^^^^^^^^^^^^^^^^^^^^^^^^^^^^^,
        File "/scratch/specforge-torchtitan-20261003/first-update-source-candidate1/specforge/modeling/draft/dflash.py", line 173, in apply_rotary_pos_emb,
          k_embed = (k * cos) + (rotate_half(k) * sin),
                                 ^^^^^^^^^^^^^^^^^^^^^,
      ,
      },
      stack_traces = {,
        File "/scratch/specforge-torchtitan-20261003/first-update-source-candidate1/specforge/modeling/draft/dflash2.py", line 237, in forward,
          hidden_states = self.self_attn(,
                          ^^^^^^^^^^^^^^^,
        File "/scratch/specforge-torchtitan-20261003/first-update-source-candidate1/specforge/modeling/draft/dflash.py", line 279, in forward,
          q, k, v = self._compute_qkv(hidden_states, target_hidden, position_embeddings),
                    ^^^^^^^^^^^^^^^^^^^^^^^^^^^^^^^^^^^^^^^^^^^^^^^^^^^^^^^^^^^^^^^^^^^^,
        File "/scratch/specforge-torchtitan-20261003/first-update-source-candidate1/specforge/modeling/draft/dflash.py", line 391, in _compute_qkv,
          q, k = apply_rotary_pos_emb(q, k, cos, sin),
                 ^^^^^^^^^^^^^^^^^^^^^^^^^^^^^^^^^^^^,
        File "/scratch/specforge-torchtitan-20261003/first-update-source-candidate1/specforge/modeling/draft/dflash.py", line 170, in apply_rotary_pos_emb,
          sin = sin.unsqueeze(unsqueeze_dim),
                ^^^^^^^^^^^^^^^^^^^^^^^^^^^^,
      ,
      }
    ), _split_size=None, _original_inner_fn=None, _original_ranges=None, _original_reduction_ranges=None)
  ))
  args[2]: TensorBox(
    ReinterpretView(
      StorageBox(
        ComputedBuffer(name='buf16', layout=FixedLayout('cuda:1', torch.bfloat16, size=[1, 160, 16], stride=[2560, 16, 1]), data=Pointwise(
          'cuda',
          torch.bfloat16,
          def inner_fn(index):
              _, i1, i2 = index
              tmp0 = ops.index_expr(i1, torch.int64)
              tmp1 = ops.constant(0, torch.int64)
              tmp2 = ops.index_expr(128, torch.int64)
              tmp3 = tmp0 >= tmp1
              tmp4 = tmp0 < tmp2
              tmp5 = ops.load(buf11, i2 + 16 * Identity(i1))
              tmp6 = ops.masked(tmp4, tmp5, 0.0)
              tmp7 = ops.index_expr(128, torch.int64)
              tmp8 = ops.index_expr(160, torch.int64)
              tmp9 = tmp0 >= tmp7
              tmp10 = tmp0 < tmp8
              tmp11 = ops.load(buf12, i2 + 16 * Identity(-128 + i1))
              tmp12 = ops.masked(tmp9, tmp11, 0.0)
              tmp13 = ops.where(tmp4, tmp6, tmp12)
              return tmp13
          ,
          ranges=[1, 160, 16],
          origin_node=cat_1,
          origins=OrderedSet([cat_1, view_19, view_23]),
          stack_traces = {,
            File "/scratch/specforge-torchtitan-20261003/first-update-source-candidate1/specforge/modeling/draft/dflash2.py", line 237, in forward,
              hidden_states = self.self_attn(,
                              ^^^^^^^^^^^^^^^,
            File "/scratch/specforge-torchtitan-20261003/first-update-source-candidate1/specforge/modeling/draft/dflash.py", line 279, in forward,
              q, k, v = self._compute_qkv(hidden_states, target_hidden, position_embeddings),
                        ^^^^^^^^^^^^^^^^^^^^^^^^^^^^^^^^^^^^^^^^^^^^^^^^^^^^^^^^^^^^^^^^^^^^,
            File "/scratch/specforge-torchtitan-20261003/first-update-source-candidate1/specforge/modeling/draft/dflash.py", line 385, in _compute_qkv,
              v = torch.cat([v_ctx, v_noise], dim=1).view(,
                  ^^^^^^^^^^^^^^^^^^^^^^^^^^^^^^^^^^^^^^^^,
          ,
          },
          stack_traces = {,
            File "/scratch/specforge-torchtitan-20261003/first-update-source-candidate1/specforge/modeling/draft/dflash2.py", line 237, in forward,
              hidden_states = self.self_attn(,
                              ^^^^^^^^^^^^^^^,
            File "/scratch/specforge-torchtitan-20261003/first-update-source-candidate1/specforge/modeling/draft/dflash.py", line 279, in forward,
              q, k, v = self._compute_qkv(hidden_states, target_hidden, position_embeddings),
                        ^^^^^^^^^^^^^^^^^^^^^^^^^^^^^^^^^^^^^^^^^^^^^^^^^^^^^^^^^^^^^^^^^^^^,
            File "/scratch/specforge-torchtitan-20261003/first-update-source-candidate1/specforge/modeling/draft/dflash.py", line 380, in _compute_qkv,
              v_ctx = self.v_proj(target_hidden),
                      ^^^^^^^^^^^^^^^^^^^^^^^^^^,
          ,
          },
          stack_traces = {,
            File "/scratch/specforge-torchtitan-20261003/first-update-source-candidate1/specforge/modeling/draft/dflash2.py", line 237, in forward,
              hidden_states = self.self_attn(,
                              ^^^^^^^^^^^^^^^,
            File "/scratch/specforge-torchtitan-20261003/first-update-source-candidate1/specforge/modeling/draft/dflash.py", line 279, in forward,
              q, k, v = self._compute_qkv(hidden_states, target_hidden, position_embeddings),
                        ^^^^^^^^^^^^^^^^^^^^^^^^^^^^^^^^^^^^^^^^^^^^^^^^^^^^^^^^^^^^^^^^^^^^,
            File "/scratch/specforge-torchtitan-20261003/first-update-source-candidate1/specforge/modeling/draft/dflash.py", line 381, in _compute_qkv,
              v_noise = self.v_proj(hidden_states),
                        ^^^^^^^^^^^^^^^^^^^^^^^^^^,
          ,
          }
        ), _split_size=None, _original_inner_fn=None, _original_ranges=None, _original_reduction_ranges=None)
      ),
      FixedLayout('cuda:1', torch.bfloat16, size=[1, 2, 160, 8], stride=[0, 8, 16, 1]),
      origins=OrderedSet([permute_8, view_25, cat_1, view_19, view_...,
      stack_traces = {,
        File "/scratch/specforge-torchtitan-20261003/first-update-source-candidate1/specforge/modeling/draft/dflash2.py", line 237, in forward,
          hidden_states = self.self_attn(,
                          ^^^^^^^^^^^^^^^,
        File "/scratch/specforge-torchtitan-20261003/first-update-source-candidate1/specforge/modeling/draft/dflash.py", line 279, in forward,
          q, k, v = self._compute_qkv(hidden_states, target_hidden, position_embeddings),
                    ^^^^^^^^^^^^^^^^^^^^^^^^^^^^^^^^^^^^^^^^^^^^^^^^^^^^^^^^^^^^^^^^^^^^,
        File "/scratch/specforge-torchtitan-20261003/first-update-source-candidate1/specforge/modeling/draft/dflash.py", line 389, in _compute_qkv,
          v = v.transpose(1, 2),
              ^^^^^^^^^^^^^^^^^,
      ,
      },
      stack_traces = {,
        File "/scratch/specforge-torchtitan-20261003/first-update-source-candidate1/specforge/modeling/draft/dflash2.py", line 237, in forward,
          hidden_states = self.self_attn(,
                          ^^^^^^^^^^^^^^^,
        File "/scratch/specforge-torchtitan-20261003/first-update-source-candidate1/specforge/modeling/draft/dflash.py", line 279, in forward,
          q, k, v = self._compute_qkv(hidden_states, target_hidden, position_embeddings),
                    ^^^^^^^^^^^^^^^^^^^^^^^^^^^^^^^^^^^^^^^^^^^^^^^^^^^^^^^^^^^^^^^^^^^^,
        File "/scratch/specforge-torchtitan-20261003/first-update-source-candidate1/specforge/modeling/draft/dflash.py", line 385, in _compute_qkv,
          v = torch.cat([v_ctx, v_noise], dim=1).view(,
              ^^^^^^^^^^^^^^^^^^^^^^^^^^^^^^^^^^^^^^^^,
      ,
      },
      stack_traces = {,
        File "/scratch/specforge-torchtitan-20261003/first-update-source-candidate1/specforge/modeling/draft/dflash2.py", line 237, in forward,
          hidden_states = self.self_attn(,
                          ^^^^^^^^^^^^^^^,
        File "/scratch/specforge-torchtitan-20261003/first-update-source-candidate1/specforge/modeling/draft/dflash.py", line 279, in forward,
          q, k, v = self._compute_qkv(hidden_states, target_hidden, position_embeddings),
                    ^^^^^^^^^^^^^^^^^^^^^^^^^^^^^^^^^^^^^^^^^^^^^^^^^^^^^^^^^^^^^^^^^^^^,
        File "/scratch/specforge-torchtitan-20261003/first-update-source-candidate1/specforge/modeling/draft/dflash.py", line 380, in _compute_qkv,
          v_ctx = self.v_proj(target_hidden),
                  ^^^^^^^^^^^^^^^^^^^^^^^^^^,
      ,
      },
      stack_traces = {,
        File "/scratch/specforge-torchtitan-20261003/first-update-source-candidate1/specforge/modeling/draft/dflash2.py", line 237, in forward,
          hidden_states = self.self_attn(,
                          ^^^^^^^^^^^^^^^,
        File "/scratch/specforge-torchtitan-20261003/first-update-source-candidate1/specforge/modeling/draft/dflash.py", line 279, in forward,
          q, k, v = self._compute_qkv(hidden_states, target_hidden, position_embeddings),
                    ^^^^^^^^^^^^^^^^^^^^^^^^^^^^^^^^^^^^^^^^^^^^^^^^^^^^^^^^^^^^^^^^^^^^,
        File "/scratch/specforge-torchtitan-20261003/first-update-source-candidate1/specforge/modeling/draft/dflash.py", line 381, in _compute_qkv,
          v_noise = self.v_proj(hidden_states),
                    ^^^^^^^^^^^^^^^^^^^^^^^^^^,
      ,
      }
    )
  )
  args[3]: Subgraph(name='sdpa_score0', graph_module=<lambda>(), inductor_config_patches=None, graph=None)
  args[4]: (32, 160, TensorBox(StorageBox(
    InputBuffer(name='primals_14', layout=FixedLayout('cuda:1', torch.int32, size=[1, 1, 1], stride=[1, 1, 1]))
  )), TensorBox(StorageBox(
    InputBuffer(name='primals_13', layout=FixedLayout('cuda:1', torch.int32, size=[1, 1, 1, 2], stride=[2, 2, 2, 1]))
  )), TensorBox(StorageBox(
    InputBuffer(name='primals_17', layout=FixedLayout('cuda:1', torch.int32, size=[1, 1, 1], stride=[1, 1, 1]))
  )), TensorBox(StorageBox(
    InputBuffer(name='primals_18', layout=FixedLayout('cuda:1', torch.int32, size=[1, 1, 1, 2], stride=[2, 2, 2, 1]))
  )), TensorBox(StorageBox(
    InputBuffer(name='primals_19', layout=FixedLayout('cuda:1', torch.int32, size=[1, 1, 2], stride=[2, 2, 1]))
  )), TensorBox(StorageBox(
    InputBuffer(name='primals_20', layout=FixedLayout('cuda:1', torch.int32, size=[1, 1, 2, 1], stride=[2, 2, 1, 1]))
  )), TensorBox(StorageBox(
    InputBuffer(name='primals_21', layout=FixedLayout('cuda:1', torch.int32, size=[1, 1, 2], stride=[2, 2, 1]))
  )), TensorBox(StorageBox(
    InputBuffer(name='primals_22', layout=FixedLayout('cuda:1', torch.int32, size=[1, 1, 2, 1], stride=[2, 2, 1, 1]))
  )), None, None, None, None, 128, 128, Subgraph(name='sdpa_mask0', graph_module=<lambda>(), inductor_config_patches=None, graph=None))
  args[5]: 0.3535533905932738
  args[6]: {'BACKEND': 'TRITON', 'PRESCALE_QK': False, 'ROWS_GUARANTEED_SAFE': False, 'BLOCKS_ARE_CONTIGUOUS': False, 'WRITE_DQ': True, 'OUTPUT_LOGSUMEXP': True, 'OUTPUT_MAX': False}
  args[7]: ()
  args[8]: (TensorBox(StorageBox(
    InputBuffer(name='primals_15', layout=FixedLayout('cuda:1', torch.int64, size=[1, 8], stride=[8, 1]))
  )), TensorBox(StorageBox(
    InputBuffer(name='primals_16', layout=FixedLayout('cuda:1', torch.bool, size=[1, 8], stride=[8, 1]))
  )))
Found from : 
   File "/scratch/specforge-torchtitan-20261003/first-update-source-candidate1/specforge/modeling/draft/dflash2.py", line 237, in forward
    hidden_states = self.self_attn(
                    ^^^^^^^^^^^^^^^
  File "/scratch/specforge-torchtitan-20261003/first-update-source-candidate1/specforge/modeling/draft/dflash.py", line 291, in forward
    attn_output = compile_friendly_flex_attention(
                  ^^^^^^^^^^^^^^^^^^^^^^^^^^^^^^^^
  File "/scratch/specforge-torchtitan-20261003/venv/lib/python3.12/site-packages/transformers/integrations/flex_attention.py", line 124, in compile_friendly_flex_attention
    return flex_attention_compiled(
           ^^^^^^^^^^^^^^^^^^^^^^^^
  File "/scratch/specforge-torchtitan-20261003/venv/lib/python3.12/site-packages/torch/nn/attention/flex_attention.py", line 2577, in flex_attention
    out, lse, max_scores = flex_attention_hop(
                           ^^^^^^^^^^^^^^^^^^^


Set TORCHDYNAMO_VERBOSE=1 for the internal stack trace (please do this especially if you're reporting a bug to PyTorch). For even more developer context, set TORCH_LOGS="+dynamo"

Traceback (most recent call last):
  File "/scratch/specforge-torchtitan-20261003/first-update-driver-candidate1/scripts/benchmark_training_backends.py", line 544, in main
    train()
  File "/scratch/specforge-torchtitan-20261003/venv/lib/python3.12/site-packages/torch/distributed/elastic/multiprocessing/errors/__init__.py", line 380, in wrapper
    return f(*args, **kwargs)
           ^^^^^^^^^^^^^^^^^^
  File "/scratch/specforge-torchtitan-20261003/venv/lib/python3.12/site-packages/torchtitan/trainer.py", line 1039, in train
    self.train_step(data_iterator)
  File "/scratch/specforge-torchtitan-20261003/first-update-driver-candidate1/scripts/benchmark_training_backends.py", line 418, in train_step
    super().train_step(data_iterator)
  File "/scratch/specforge-torchtitan-20261003/first-update-source-candidate1/specforge/training/torchtitan/runtime.py", line 190, in train_step
    return super().train_step(data_iterator)
           ^^^^^^^^^^^^^^^^^^^^^^^^^^^^^^^^^
  File "/scratch/specforge-torchtitan-20261003/venv/lib/python3.12/site-packages/torchtitan/trainer.py", line 925, in train_step
    loss = self.forward_backward_step(
           ^^^^^^^^^^^^^^^^^^^^^^^^^^^
  File "/scratch/specforge-torchtitan-20261003/first-update-driver-candidate1/scripts/benchmark_training_backends.py", line 408, in forward_backward_step
    loss = super().forward_backward_step(**kwargs)
           ^^^^^^^^^^^^^^^^^^^^^^^^^^^^^^^^^^^^^^^
  File "/scratch/specforge-torchtitan-20261003/venv/lib/python3.12/site-packages/torchtitan/observability/structured_logger/structured_logging.py", line 429, in sync_wrapper
    return func(*args, **kwargs)
           ^^^^^^^^^^^^^^^^^^^^^
  File "/scratch/specforge-torchtitan-20261003/venv/lib/python3.12/site-packages/torchtitan/trainer.py", line 804, in forward_backward_step
    return self.fwd_bwd_fn(inputs, labels, global_valid_tokens, extra_kwargs)
           ^^^^^^^^^^^^^^^^^^^^^^^^^^^^^^^^^^^^^^^^^^^^^^^^^^^^^^^^^^^^^^^^^^
  File "/scratch/specforge-torchtitan-20261003/venv/lib/python3.12/site-packages/torchtitan/distributed/cudagraph.py", line 403, in run
    return graph_wrapper(
           ^^^^^^^^^^^^^^
  File "/scratch/specforge-torchtitan-20261003/venv/lib/python3.12/site-packages/torchtitan/distributed/cudagraph.py", line 300, in __call__
    output = self._fn(*args)
             ^^^^^^^^^^^^^^^
  File "/scratch/specforge-torchtitan-20261003/venv/lib/python3.12/site-packages/torchtitan/distributed/cudagraph.py", line 381, in flat_fwd_bwd
    return fwd_bwd_fn(
           ^^^^^^^^^^^
  File "/scratch/specforge-torchtitan-20261003/venv/lib/python3.12/site-packages/torchtitan/trainer.py", line 814, in _forward_backward_body
    pred = self.model_parts[0](inputs, **extra_kwargs)
           ^^^^^^^^^^^^^^^^^^^^^^^^^^^^^^^^^^^^^^^^^^^
  File "/scratch/specforge-torchtitan-20261003/venv/lib/python3.12/site-packages/torch/nn/modules/module.py", line 1783, in _wrapped_call_impl
    return self._call_impl(*args, **kwargs)
           ^^^^^^^^^^^^^^^^^^^^^^^^^^^^^^^^
  File "/scratch/specforge-torchtitan-20261003/venv/lib/python3.12/site-packages/torch/nn/modules/module.py", line 1794, in _call_impl
    return forward_call(*args, **kwargs)
           ^^^^^^^^^^^^^^^^^^^^^^^^^^^^^
  File "/scratch/specforge-torchtitan-20261003/first-update-source-candidate1/specforge/training/torchtitan/model.py", line 241, in forward
    loss, accuracy, metrics = self.training_model(input_ids=input_ids, **kwargs)
                              ^^^^^^^^^^^^^^^^^^^^^^^^^^^^^^^^^^^^^^^^^^^^^^^^^^
  File "/scratch/specforge-torchtitan-20261003/venv/lib/python3.12/site-packages/torch/nn/modules/module.py", line 1783, in _wrapped_call_impl
    return self._call_impl(*args, **kwargs)
           ^^^^^^^^^^^^^^^^^^^^^^^^^^^^^^^^
  File "/scratch/specforge-torchtitan-20261003/venv/lib/python3.12/site-packages/torch/nn/modules/module.py", line 1794, in _call_impl
    return forward_call(*args, **kwargs)
           ^^^^^^^^^^^^^^^^^^^^^^^^^^^^^
  File "/scratch/specforge-torchtitan-20261003/first-update-source-candidate1/specforge/algorithms/common/dflash_family_model.py", line 1575, in forward
    self._forward_draft_blocks(
  File "/scratch/specforge-torchtitan-20261003/first-update-source-candidate1/specforge/algorithms/common/dflash_family_model.py", line 783, in _forward_draft_blocks
    output_hidden = self.draft_model(
                    ^^^^^^^^^^^^^^^^^
  File "/scratch/specforge-torchtitan-20261003/venv/lib/python3.12/site-packages/torch/nn/modules/module.py", line 1783, in _wrapped_call_impl
    return self._call_impl(*args, **kwargs)
           ^^^^^^^^^^^^^^^^^^^^^^^^^^^^^^^^
  File "/scratch/specforge-torchtitan-20261003/venv/lib/python3.12/site-packages/torch/nn/modules/module.py", line 1889, in _call_impl
    return inner()
           ^^^^^^^
  File "/scratch/specforge-torchtitan-20261003/venv/lib/python3.12/site-packages/torch/nn/modules/module.py", line 1837, in inner
    result = forward_call(*args, **kwargs)
             ^^^^^^^^^^^^^^^^^^^^^^^^^^^^^
  File "/scratch/specforge-torchtitan-20261003/first-update-source-candidate1/specforge/modeling/draft/dflash.py", line 807, in forward
    hidden_states = layer(
                    ^^^^^^
  File "/scratch/specforge-torchtitan-20261003/venv/lib/python3.12/site-packages/transformers/modeling_layers.py", line 93, in __call__
    return super().__call__(*args, **kwargs)
           ^^^^^^^^^^^^^^^^^^^^^^^^^^^^^^^^^
  File "/scratch/specforge-torchtitan-20261003/venv/lib/python3.12/site-packages/torch/nn/modules/module.py", line 1781, in _wrapped_call_impl
    return self._compiled_call_impl(*args, **kwargs)  # type: ignore[misc]
           ^^^^^^^^^^^^^^^^^^^^^^^^^^^^^^^^^^^^^^^^^
  File "/scratch/specforge-torchtitan-20261003/venv/lib/python3.12/site-packages/torch/_dynamo/eval_frame.py", line 1278, in compile_wrapper
    raise e.remove_dynamo_frames() from None  # see TORCHDYNAMO_VERBOSE=1
    ^^^^^^^^^^^^^^^^^^^^^^^^^^^^^^^^^^^^^^^^
  File "/scratch/specforge-torchtitan-20261003/venv/lib/python3.12/site-packages/torch/_inductor/compile_fx.py", line 1192, in _compile_fx_inner
    raise InductorError(e, currentframe()).with_traceback(
  File "/scratch/specforge-torchtitan-20261003/venv/lib/python3.12/site-packages/torch/_inductor/compile_fx.py", line 1169, in _compile_fx_inner
    mb_compiled_graph = fx_codegen_and_compile(
                        ^^^^^^^^^^^^^^^^^^^^^^^
  File "/scratch/specforge-torchtitan-20261003/venv/lib/python3.12/site-packages/torch/_inductor/compile_fx.py", line 2001, in fx_codegen_and_compile
    return scheme.codegen_and_compile(gm, example_inputs, inputs_to_check, graph_kwargs)
           ^^^^^^^^^^^^^^^^^^^^^^^^^^^^^^^^^^^^^^^^^^^^^^^^^^^^^^^^^^^^^^^^^^^^^^^^^^^^^
  File "/scratch/specforge-torchtitan-20261003/venv/lib/python3.12/site-packages/torch/_inductor/compile_fx.py", line 1660, in codegen_and_compile
    graph.run(*example_inputs)
  File "/scratch/specforge-torchtitan-20261003/venv/lib/python3.12/site-packages/torch/_inductor/graph.py", line 1135, in run
    return super().run(*args)
           ^^^^^^^^^^^^^^^^^^
  File "/scratch/specforge-torchtitan-20261003/venv/lib/python3.12/site-packages/torch/fx/interpreter.py", line 197, in run
    self.env[node] = self.run_node(node)
                     ^^^^^^^^^^^^^^^^^^^
  File "/scratch/specforge-torchtitan-20261003/venv/lib/python3.12/site-packages/torch/_inductor/graph.py", line 2062, in run_node
    result = super().run_node(n)
             ^^^^^^^^^^^^^^^^^^^
  File "/scratch/specforge-torchtitan-20261003/venv/lib/python3.12/site-packages/torch/fx/interpreter.py", line 294, in run_node
    return getattr(self, n.op)(n.target, args, kwargs)
           ^^^^^^^^^^^^^^^^^^^^^^^^^^^^^^^^^^^^^^^^^^^
  File "/scratch/specforge-torchtitan-20261003/venv/lib/python3.12/site-packages/torch/_inductor/graph.py", line 1567, in call_function
    raise LoweringException(
  File "/scratch/specforge-torchtitan-20261003/venv/lib/python3.12/site-packages/torch/_inductor/graph.py", line 1544, in call_function
    out = lowerings[target](*args, **kwargs)
          ^^^^^^^^^^^^^^^^^^^^^^^^^^^^^^^^^^
  File "/scratch/specforge-torchtitan-20261003/venv/lib/python3.12/site-packages/torch/_inductor/lowering.py", line 525, in wrapped
    out = decomp_fn(*args, **kwargs)
          ^^^^^^^^^^^^^^^^^^^^^^^^^^
  File "/scratch/specforge-torchtitan-20261003/venv/lib/python3.12/site-packages/torch/_inductor/kernel/flex/flex_attention.py", line 205, in flex_attention
    raise NotImplementedError(
torch._inductor.exc.InductorError: LoweringException: NotImplementedError: NYI: embedding dimension of the query, key, and value must be at least 16 but got E=8 and Ev=8
  target: flex_attention
  args[0]: TensorBox(StorageBox(
    ComputedBuffer(name='buf18', layout=FixedLayout('cuda:0', torch.bfloat16, size=[1, 4, 32, 8], stride=[1024, 8, 32, 1]), data=Pointwise(
      'cuda',
      torch.bfloat16,
      def inner_fn(index):
          _, i1, i2, i3 = index
          tmp0 = ops.load(primals_7, i3)
          tmp1 = ops.to_dtype(tmp0, torch.bfloat16, use_compute_types=False)
          tmp2 = ops.to_dtype(tmp1, torch.bfloat16)
          tmp3 = ops.load(buf6, i3 + 8 * i1 + 32 * i2)
          tmp4 = ops.to_dtype(tmp3, torch.bfloat16, use_compute_types=False)
          tmp5 = ops.to_dtype(tmp4, torch.bfloat16)
          tmp6 = ops.to_dtype(tmp5, torch.float32, src_dtype=torch.bfloat16, use_compute_types=False)
          tmp7 = ops.load(buf8, i1 + 4 * i2)
          tmp8 = tmp6 * tmp7
          tmp9 = ops.to_dtype(tmp8, torch.bfloat16, src_dtype=torch.float32, use_compute_types=False)
          tmp10 = ops.to_dtype(tmp9, torch.bfloat16)
          tmp11 = ops.to_dtype(tmp10, torch.bfloat16, use_compute_types=False)
          tmp12 = ops.to_dtype(tmp11, torch.bfloat16)
          tmp13 = ops.to_dtype(tmp12, torch.bfloat16, use_compute_types=False)
          tmp14 = ops.to_dtype(tmp13, torch.bfloat16)
          tmp15 = tmp2 * tmp14
          tmp16 = ops.to_dtype(tmp15, torch.bfloat16, use_compute_types=False)
          tmp17 = ops.to_dtype(tmp16, torch.bfloat16)
          tmp18 = ops.to_dtype(tmp17, torch.bfloat16, use_compute_types=False)
          tmp19 = ops.to_dtype(tmp18, torch.bfloat16)
          tmp20 = ops.load(primals_11, 1024 + i3 + 8 * i2)
          tmp21 = ops.to_dtype(tmp20, torch.bfloat16, use_compute_types=False)
          tmp22 = ops.to_dtype(tmp21, torch.bfloat16)
          tmp23 = tmp19 * tmp22
          tmp24 = ops.to_dtype(tmp23, torch.bfloat16, use_compute_types=False)
          tmp25 = ops.to_dtype(tmp24, torch.bfloat16)
          tmp26 = ops.to_dtype(tmp25, torch.bfloat16, use_compute_types=False)
          tmp27 = ops.to_dtype(tmp26, torch.bfloat16)
          tmp28 = ops.load(buf17, i3 + 8 * i2 + 256 * i1)
          tmp29 = ops.to_dtype(tmp28, torch.bfloat16, use_compute_types=False)
          tmp30 = ops.to_dtype(tmp29, torch.bfloat16)
          tmp31 = ops.load(primals_12, 1024 + i3 + 8 * i2)
          tmp32 = ops.to_dtype(tmp31, torch.bfloat16, use_compute_types=False)
          tmp33 = ops.to_dtype(tmp32, torch.bfloat16)
          tmp34 = tmp30 * tmp33
          tmp35 = ops.to_dtype(tmp34, torch.bfloat16, use_compute_types=False)
          tmp36 = ops.to_dtype(tmp35, torch.bfloat16)
          tmp37 = ops.to_dtype(tmp36, torch.bfloat16, use_compute_types=False)
          tmp38 = ops.to_dtype(tmp37, torch.bfloat16)
          tmp39 = tmp27 + tmp38
          tmp40 = ops.to_dtype(tmp39, torch.bfloat16, use_compute_types=False)
          tmp41 = ops.to_dtype(tmp40, torch.bfloat16)
          return tmp41
      ,
      ranges=[1, 4, 32, 8],
      origin_node=add_3,
      origins=OrderedSet([add_3, mul_6, permute_2, mul_3, convert_e...,
      stack_traces = {,
        File "/scratch/specforge-torchtitan-20261003/first-update-source-candidate1/specforge/modeling/draft/dflash2.py", line 237, in forward,
          hidden_states = self.self_attn(,
                          ^^^^^^^^^^^^^^^,
        File "/scratch/specforge-torchtitan-20261003/first-update-source-candidate1/specforge/modeling/draft/dflash.py", line 279, in forward,
          q, k, v = self._compute_qkv(hidden_states, target_hidden, position_embeddings),
                    ^^^^^^^^^^^^^^^^^^^^^^^^^^^^^^^^^^^^^^^^^^^^^^^^^^^^^^^^^^^^^^^^^^^^,
        File "/scratch/specforge-torchtitan-20261003/first-update-source-candidate1/specforge/modeling/draft/dflash.py", line 391, in _compute_qkv,
          q, k = apply_rotary_pos_emb(q, k, cos, sin),
                 ^^^^^^^^^^^^^^^^^^^^^^^^^^^^^^^^^^^^,
        File "/scratch/specforge-torchtitan-20261003/first-update-source-candidate1/specforge/modeling/draft/dflash.py", line 172, in apply_rotary_pos_emb,
          q_embed = (q * cos[..., -q_len:, :]) + (rotate_half(q) * sin[..., -q_len:, :]),
                    ^^^^^^^^^^^^^^^^^^^^^^^^^^^^^^^^^^^^^^^^^^^^^^^^^^^^^^^^^^^^^^^^^^^^,
      ,
      },
      stack_traces = {,
        File "/scratch/specforge-torchtitan-20261003/first-update-source-candidate1/specforge/modeling/draft/dflash2.py", line 237, in forward,
          hidden_states = self.self_attn(,
                          ^^^^^^^^^^^^^^^,
        File "/scratch/specforge-torchtitan-20261003/first-update-source-candidate1/specforge/modeling/draft/dflash.py", line 279, in forward,
          q, k, v = self._compute_qkv(hidden_states, target_hidden, position_embeddings),
                    ^^^^^^^^^^^^^^^^^^^^^^^^^^^^^^^^^^^^^^^^^^^^^^^^^^^^^^^^^^^^^^^^^^^^,
        File "/scratch/specforge-torchtitan-20261003/first-update-source-candidate1/specforge/modeling/draft/dflash.py", line 391, in _compute_qkv,
          q, k = apply_rotary_pos_emb(q, k, cos, sin),
                 ^^^^^^^^^^^^^^^^^^^^^^^^^^^^^^^^^^^^,
        File "/scratch/specforge-torchtitan-20261003/first-update-source-candidate1/specforge/modeling/draft/dflash.py", line 172, in apply_rotary_pos_emb,
          q_embed = (q * cos[..., -q_len:, :]) + (rotate_half(q) * sin[..., -q_len:, :]),
                     ^^^^^^^^^^^^^^^^^^^^^^^^^^^^^^^^^^^^^^^^^^^^^^^^^^^^^^^^^^^^^^^^^^^,
      ,
      },
      stack_traces = {,
        File "/scratch/specforge-torchtitan-20261003/first-update-source-candidate1/specforge/modeling/draft/dflash2.py", line 237, in forward,
          hidden_states = self.self_attn(,
                          ^^^^^^^^^^^^^^^,
        File "/scratch/specforge-torchtitan-20261003/first-update-source-candidate1/specforge/modeling/draft/dflash.py", line 279, in forward,
          q, k, v = self._compute_qkv(hidden_states, target_hidden, position_embeddings),
                    ^^^^^^^^^^^^^^^^^^^^^^^^^^^^^^^^^^^^^^^^^^^^^^^^^^^^^^^^^^^^^^^^^^^^,
        File "/scratch/specforge-torchtitan-20261003/first-update-source-candidate1/specforge/modeling/draft/dflash.py", line 377, in _compute_qkv,
          q = self.q_norm(q).transpose(1, 2),
              ^^^^^^^^^^^^^^^^^^^^^^^^^^^^^^,
      ,
      },
      stack_traces = {,
        File "/scratch/specforge-torchtitan-20261003/first-update-source-candidate1/specforge/modeling/draft/dflash2.py", line 237, in forward,
          hidden_states = self.self_attn(,
                          ^^^^^^^^^^^^^^^,
        File "/scratch/specforge-torchtitan-20261003/first-update-source-candidate1/specforge/modeling/draft/dflash.py", line 279, in forward,
          q, k, v = self._compute_qkv(hidden_states, target_hidden, position_embeddings),
                    ^^^^^^^^^^^^^^^^^^^^^^^^^^^^^^^^^^^^^^^^^^^^^^^^^^^^^^^^^^^^^^^^^^^^,
        File "/scratch/specforge-torchtitan-20261003/first-update-source-candidate1/specforge/modeling/draft/dflash.py", line 377, in _compute_qkv,
          q = self.q_norm(q).transpose(1, 2),
              ^^^^^^^^^^^^^^^^^^^^^^^^^^^^^^,
        File "/scratch/specforge-torchtitan-20261003/venv/lib/python3.12/site-packages/transformers/models/qwen3/modeling_qwen3.py", line 64, in forward,
          return self.weight * hidden_states.to(input_dtype),
                 ^^^^^^^^^^^^^^^^^^^^^^^^^^^^^^^^^^^^^^^^^^^,
      ,
      },
      stack_traces = {,
        File "/scratch/specforge-torchtitan-20261003/first-update-source-candidate1/specforge/modeling/draft/dflash2.py", line 237, in forward,
          hidden_states = self.self_attn(,
                          ^^^^^^^^^^^^^^^,
        File "/scratch/specforge-torchtitan-20261003/first-update-source-candidate1/specforge/modeling/draft/dflash.py", line 279, in forward,
          q, k, v = self._compute_qkv(hidden_states, target_hidden, position_embeddings),
                    ^^^^^^^^^^^^^^^^^^^^^^^^^^^^^^^^^^^^^^^^^^^^^^^^^^^^^^^^^^^^^^^^^^^^,
        File "/scratch/specforge-torchtitan-20261003/first-update-source-candidate1/specforge/modeling/draft/dflash.py", line 377, in _compute_qkv,
          q = self.q_norm(q).transpose(1, 2),
              ^^^^^^^^^^^^^^^^^^^^^^^^^^^^^^,
        File "/scratch/specforge-torchtitan-20261003/venv/lib/python3.12/site-packages/transformers/models/qwen3/modeling_qwen3.py", line 64, in forward,
          return self.weight * hidden_states.to(input_dtype),
                               ^^^^^^^^^^^^^^^^^^^^^^^^^^^^^,
      ,
      },
      stack_traces = {,
        File "/scratch/specforge-torchtitan-20261003/first-update-source-candidate1/specforge/modeling/draft/dflash2.py", line 237, in forward,
          hidden_states = self.self_attn(,
                          ^^^^^^^^^^^^^^^,
        File "/scratch/specforge-torchtitan-20261003/first-update-source-candidate1/specforge/modeling/draft/dflash.py", line 279, in forward,
          q, k, v = self._compute_qkv(hidden_states, target_hidden, position_embeddings),
                    ^^^^^^^^^^^^^^^^^^^^^^^^^^^^^^^^^^^^^^^^^^^^^^^^^^^^^^^^^^^^^^^^^^^^,
        File "/scratch/specforge-torchtitan-20261003/first-update-source-candidate1/specforge/modeling/draft/dflash.py", line 377, in _compute_qkv,
          q = self.q_norm(q).transpose(1, 2),
              ^^^^^^^^^^^^^^^^^^^^^^^^^^^^^^,
        File "/scratch/specforge-torchtitan-20261003/venv/lib/python3.12/site-packages/transformers/models/qwen3/modeling_qwen3.py", line 63, in forward,
          hidden_states = hidden_states * torch.rsqrt(variance + self.variance_epsilon),
                          ^^^^^^^^^^^^^^^^^^^^^^^^^^^^^^^^^^^^^^^^^^^^^^^^^^^^^^^^^^^^^,
      ,
      },
      stack_traces = {,
        File "/scratch/specforge-torchtitan-20261003/first-update-source-candidate1/specforge/modeling/draft/dflash2.py", line 237, in forward,
          hidden_states = self.self_attn(,
                          ^^^^^^^^^^^^^^^,
        File "/scratch/specforge-torchtitan-20261003/first-update-source-candidate1/specforge/modeling/draft/dflash.py", line 279, in forward,
          q, k, v = self._compute_qkv(hidden_states, target_hidden, position_embeddings),
                    ^^^^^^^^^^^^^^^^^^^^^^^^^^^^^^^^^^^^^^^^^^^^^^^^^^^^^^^^^^^^^^^^^^^^,
        File "/scratch/specforge-torchtitan-20261003/first-update-source-candidate1/specforge/modeling/draft/dflash.py", line 377, in _compute_qkv,
          q = self.q_norm(q).transpose(1, 2),
              ^^^^^^^^^^^^^^^^^^^^^^^^^^^^^^,
        File "/scratch/specforge-torchtitan-20261003/venv/lib/python3.12/site-packages/transformers/models/qwen3/modeling_qwen3.py", line 61, in forward,
          hidden_states = hidden_states.to(torch.float32),
                          ^^^^^^^^^^^^^^^^^^^^^^^^^^^^^^^,
      ,
      },
      stack_traces = {,
        File "/scratch/specforge-torchtitan-20261003/first-update-source-candidate1/specforge/modeling/draft/dflash2.py", line 237, in forward,
          hidden_states = self.self_attn(,
                          ^^^^^^^^^^^^^^^,
        File "/scratch/specforge-torchtitan-20261003/first-update-source-candidate1/specforge/modeling/draft/dflash.py", line 279, in forward,
          q, k, v = self._compute_qkv(hidden_states, target_hidden, position_embeddings),
                    ^^^^^^^^^^^^^^^^^^^^^^^^^^^^^^^^^^^^^^^^^^^^^^^^^^^^^^^^^^^^^^^^^^^^,
        File "/scratch/specforge-torchtitan-20261003/first-update-source-candidate1/specforge/modeling/draft/dflash.py", line 376, in _compute_qkv,
          q = q.view(bsz, q_len, -1, self.head_dim),
              ^^^^^^^^^^^^^^^^^^^^^^^^^^^^^^^^^^^^^,
      ,
      },
      stack_traces = {,
        File "/scratch/specforge-torchtitan-20261003/first-update-source-candidate1/specforge/modeling/draft/dflash2.py", line 237, in forward,
          hidden_states = self.self_attn(,
                          ^^^^^^^^^^^^^^^,
        File "/scratch/specforge-torchtitan-20261003/first-update-source-candidate1/specforge/modeling/draft/dflash.py", line 279, in forward,
          q, k, v = self._compute_qkv(hidden_states, target_hidden, position_embeddings),
                    ^^^^^^^^^^^^^^^^^^^^^^^^^^^^^^^^^^^^^^^^^^^^^^^^^^^^^^^^^^^^^^^^^^^^,
        File "/scratch/specforge-torchtitan-20261003/first-update-source-candidate1/specforge/modeling/draft/dflash.py", line 375, in _compute_qkv,
          q = self.q_proj(hidden_states),
              ^^^^^^^^^^^^^^^^^^^^^^^^^^,
      ,
      },
      stack_traces = {,
        File "/scratch/specforge-torchtitan-20261003/first-update-source-candidate1/specforge/modeling/draft/dflash2.py", line 237, in forward,
          hidden_states = self.self_attn(,
                          ^^^^^^^^^^^^^^^,
        File "/scratch/specforge-torchtitan-20261003/first-update-source-candidate1/specforge/modeling/draft/dflash.py", line 279, in forward,
          q, k, v = self._compute_qkv(hidden_states, target_hidden, position_embeddings),
                    ^^^^^^^^^^^^^^^^^^^^^^^^^^^^^^^^^^^^^^^^^^^^^^^^^^^^^^^^^^^^^^^^^^^^,
        File "/scratch/specforge-torchtitan-20261003/first-update-source-candidate1/specforge/modeling/draft/dflash.py", line 391, in _compute_qkv,
          q, k = apply_rotary_pos_emb(q, k, cos, sin),
                 ^^^^^^^^^^^^^^^^^^^^^^^^^^^^^^^^^^^^,
        File "/scratch/specforge-torchtitan-20261003/first-update-source-candidate1/specforge/modeling/draft/dflash.py", line 172, in apply_rotary_pos_emb,
          q_embed = (q * cos[..., -q_len:, :]) + (rotate_half(q) * sin[..., -q_len:, :]),
                         ^^^^^^^^^^^^^^^^^^^^^^^^^^^^^^^^^^^^^^^^^^^^^^^^^^^^^^^^^^^^^^^,
      ,
      },
      stack_traces = {,
        File "/scratch/specforge-torchtitan-20261003/first-update-source-candidate1/specforge/modeling/draft/dflash2.py", line 237, in forward,
          hidden_states = self.self_attn(,
                          ^^^^^^^^^^^^^^^,
        File "/scratch/specforge-torchtitan-20261003/first-update-source-candidate1/specforge/modeling/draft/dflash.py", line 279, in forward,
          q, k, v = self._compute_qkv(hidden_states, target_hidden, position_embeddings),
                    ^^^^^^^^^^^^^^^^^^^^^^^^^^^^^^^^^^^^^^^^^^^^^^^^^^^^^^^^^^^^^^^^^^^^,
        File "/scratch/specforge-torchtitan-20261003/first-update-source-candidate1/specforge/modeling/draft/dflash.py", line 391, in _compute_qkv,
          q, k = apply_rotary_pos_emb(q, k, cos, sin),
                 ^^^^^^^^^^^^^^^^^^^^^^^^^^^^^^^^^^^^,
        File "/scratch/specforge-torchtitan-20261003/first-update-source-candidate1/specforge/modeling/draft/dflash.py", line 169, in apply_rotary_pos_emb,
          cos = cos.unsqueeze(unsqueeze_dim),
                ^^^^^^^^^^^^^^^^^^^^^^^^^^^^,
      ,
      },
      stack_traces = {,
        File "/scratch/specforge-torchtitan-20261003/first-update-source-candidate1/specforge/modeling/draft/dflash2.py", line 237, in forward,
          hidden_states = self.self_attn(,
                          ^^^^^^^^^^^^^^^,
        File "/scratch/specforge-torchtitan-20261003/first-update-source-candidate1/specforge/modeling/draft/dflash.py", line 279, in forward,
          q, k, v = self._compute_qkv(hidden_states, target_hidden, position_embeddings),
                    ^^^^^^^^^^^^^^^^^^^^^^^^^^^^^^^^^^^^^^^^^^^^^^^^^^^^^^^^^^^^^^^^^^^^,
        File "/scratch/specforge-torchtitan-20261003/first-update-source-candidate1/specforge/modeling/draft/dflash.py", line 391, in _compute_qkv,
          q, k = apply_rotary_pos_emb(q, k, cos, sin),
                 ^^^^^^^^^^^^^^^^^^^^^^^^^^^^^^^^^^^^,
        File "/scratch/specforge-torchtitan-20261003/first-update-source-candidate1/specforge/modeling/draft/dflash.py", line 172, in apply_rotary_pos_emb,
          q_embed = (q * cos[..., -q_len:, :]) + (rotate_half(q) * sin[..., -q_len:, :]),
                                                  ^^^^^^^^^^^^^^^^^^^^^^^^^^^^^^^^^^^^^^,
      ,
      },
      stack_traces = {,
        File "/scratch/specforge-torchtitan-20261003/first-update-source-candidate1/specforge/modeling/draft/dflash2.py", line 237, in forward,
          hidden_states = self.self_attn(,
                          ^^^^^^^^^^^^^^^,
        File "/scratch/specforge-torchtitan-20261003/first-update-source-candidate1/specforge/modeling/draft/dflash.py", line 279, in forward,
          q, k, v = self._compute_qkv(hidden_states, target_hidden, position_embeddings),
                    ^^^^^^^^^^^^^^^^^^^^^^^^^^^^^^^^^^^^^^^^^^^^^^^^^^^^^^^^^^^^^^^^^^^^,
        File "/scratch/specforge-torchtitan-20261003/first-update-source-candidate1/specforge/modeling/draft/dflash.py", line 391, in _compute_qkv,
          q, k = apply_rotary_pos_emb(q, k, cos, sin),
                 ^^^^^^^^^^^^^^^^^^^^^^^^^^^^^^^^^^^^,
        File "/scratch/specforge-torchtitan-20261003/first-update-source-candidate1/specforge/modeling/draft/dflash.py", line 172, in apply_rotary_pos_emb,
          q_embed = (q * cos[..., -q_len:, :]) + (rotate_half(q) * sin[..., -q_len:, :]),
                                                                   ^^^^^^^^^^^^^^^^^^^^^,
      ,
      },
      stack_traces = {,
        File "/scratch/specforge-torchtitan-20261003/first-update-source-candidate1/specforge/modeling/draft/dflash2.py", line 237, in forward,
          hidden_states = self.self_attn(,
                          ^^^^^^^^^^^^^^^,
        File "/scratch/specforge-torchtitan-20261003/first-update-source-candidate1/specforge/modeling/draft/dflash.py", line 279, in forward,
          q, k, v = self._compute_qkv(hidden_states, target_hidden, position_embeddings),
                    ^^^^^^^^^^^^^^^^^^^^^^^^^^^^^^^^^^^^^^^^^^^^^^^^^^^^^^^^^^^^^^^^^^^^,
        File "/scratch/specforge-torchtitan-20261003/first-update-source-candidate1/specforge/modeling/draft/dflash.py", line 391, in _compute_qkv,
          q, k = apply_rotary_pos_emb(q, k, cos, sin),
                 ^^^^^^^^^^^^^^^^^^^^^^^^^^^^^^^^^^^^,
        File "/scratch/specforge-torchtitan-20261003/first-update-source-candidate1/specforge/modeling/draft/dflash.py", line 170, in apply_rotary_pos_emb,
          sin = sin.unsqueeze(unsqueeze_dim),
                ^^^^^^^^^^^^^^^^^^^^^^^^^^^^,
      ,
      }
    ), _split_size=None, _original_inner_fn=None, _original_ranges=None, _original_reduction_ranges=None)
  ))
  args[1]: TensorBox(StorageBox(
    ComputedBuffer(name='buf20', layout=FixedLayout('cuda:0', torch.bfloat16, size=[1, 2, 160, 8], stride=[2560, 8, 16, 1]), data=Pointwise(
      'cuda',
      torch.bfloat16,
      def inner_fn(index):
          _, i1, i2, i3 = index
          tmp0 = ops.load(primals_10, i3)
          tmp1 = ops.to_dtype(tmp0, torch.bfloat16, use_compute_types=False)
          tmp2 = ops.to_dtype(tmp1, torch.bfloat16)
          tmp3 = ops.load(buf13, i3 + 8 * i1 + 16 * i2)
          tmp4 = ops.to_dtype(tmp3, torch.bfloat16, use_compute_types=False)
          tmp5 = ops.to_dtype(tmp4, torch.bfloat16)
          tmp6 = ops.to_dtype(tmp5, torch.float32, src_dtype=torch.bfloat16, use_compute_types=False)
          tmp7 = ops.load(buf15, i1 + 2 * i2)
          tmp8 = tmp6 * tmp7
          tmp9 = ops.to_dtype(tmp8, torch.bfloat16, src_dtype=torch.float32, use_compute_types=False)
          tmp10 = ops.to_dtype(tmp9, torch.bfloat16)
          tmp11 = ops.to_dtype(tmp10, torch.bfloat16, use_compute_types=False)
          tmp12 = ops.to_dtype(tmp11, torch.bfloat16)
          tmp13 = ops.to_dtype(tmp12, torch.bfloat16, use_compute_types=False)
          tmp14 = ops.to_dtype(tmp13, torch.bfloat16)
          tmp15 = tmp2 * tmp14
          tmp16 = ops.to_dtype(tmp15, torch.bfloat16, use_compute_types=False)
          tmp17 = ops.to_dtype(tmp16, torch.bfloat16)
          tmp18 = ops.to_dtype(tmp17, torch.bfloat16, use_compute_types=False)
          tmp19 = ops.to_dtype(tmp18, torch.bfloat16)
          tmp20 = ops.load(primals_11, i3 + 8 * i2)
          tmp21 = ops.to_dtype(tmp20, torch.bfloat16, use_compute_types=False)
          tmp22 = ops.to_dtype(tmp21, torch.bfloat16)
          tmp23 = tmp19 * tmp22
          tmp24 = ops.to_dtype(tmp23, torch.bfloat16, use_compute_types=False)
          tmp25 = ops.to_dtype(tmp24, torch.bfloat16)
          tmp26 = ops.to_dtype(tmp25, torch.bfloat16, use_compute_types=False)
          tmp27 = ops.to_dtype(tmp26, torch.bfloat16)
          tmp28 = ops.load(buf19, i3 + 8 * i2 + 1280 * i1)
          tmp29 = ops.to_dtype(tmp28, torch.bfloat16, use_compute_types=False)
          tmp30 = ops.to_dtype(tmp29, torch.bfloat16)
          tmp31 = ops.load(primals_12, i3 + 8 * i2)
          tmp32 = ops.to_dtype(tmp31, torch.bfloat16, use_compute_types=False)
          tmp33 = ops.to_dtype(tmp32, torch.bfloat16)
          tmp34 = tmp30 * tmp33
          tmp35 = ops.to_dtype(tmp34, torch.bfloat16, use_compute_types=False)
          tmp36 = ops.to_dtype(tmp35, torch.bfloat16)
          tmp37 = ops.to_dtype(tmp36, torch.bfloat16, use_compute_types=False)
          tmp38 = ops.to_dtype(tmp37, torch.bfloat16)
          tmp39 = tmp27 + tmp38
          tmp40 = ops.to_dtype(tmp39, torch.bfloat16, use_compute_types=False)
          tmp41 = ops.to_dtype(tmp40, torch.bfloat16)
          return tmp41
      ,
      ranges=[1, 2, 160, 8],
      origin_node=add_4,
      origins=OrderedSet([add_4, mul_8, permute_7, mul_5, convert_e...,
      stack_traces = {,
        File "/scratch/specforge-torchtitan-20261003/first-update-source-candidate1/specforge/modeling/draft/dflash2.py", line 237, in forward,
          hidden_states = self.self_attn(,
                          ^^^^^^^^^^^^^^^,
        File "/scratch/specforge-torchtitan-20261003/first-update-source-candidate1/specforge/modeling/draft/dflash.py", line 279, in forward,
          q, k, v = self._compute_qkv(hidden_states, target_hidden, position_embeddings),
                    ^^^^^^^^^^^^^^^^^^^^^^^^^^^^^^^^^^^^^^^^^^^^^^^^^^^^^^^^^^^^^^^^^^^^,
        File "/scratch/specforge-torchtitan-20261003/first-update-source-candidate1/specforge/modeling/draft/dflash.py", line 391, in _compute_qkv,
          q, k = apply_rotary_pos_emb(q, k, cos, sin),
                 ^^^^^^^^^^^^^^^^^^^^^^^^^^^^^^^^^^^^,
        File "/scratch/specforge-torchtitan-20261003/first-update-source-candidate1/specforge/modeling/draft/dflash.py", line 173, in apply_rotary_pos_emb,
          k_embed = (k * cos) + (rotate_half(k) * sin),
                    ^^^^^^^^^^^^^^^^^^^^^^^^^^^^^^^^^^,
      ,
      },
      stack_traces = {,
        File "/scratch/specforge-torchtitan-20261003/first-update-source-candidate1/specforge/modeling/draft/dflash2.py", line 237, in forward,
          hidden_states = self.self_attn(,
                          ^^^^^^^^^^^^^^^,
        File "/scratch/specforge-torchtitan-20261003/first-update-source-candidate1/specforge/modeling/draft/dflash.py", line 279, in forward,
          q, k, v = self._compute_qkv(hidden_states, target_hidden, position_embeddings),
                    ^^^^^^^^^^^^^^^^^^^^^^^^^^^^^^^^^^^^^^^^^^^^^^^^^^^^^^^^^^^^^^^^^^^^,
        File "/scratch/specforge-torchtitan-20261003/first-update-source-candidate1/specforge/modeling/draft/dflash.py", line 391, in _compute_qkv,
          q, k = apply_rotary_pos_emb(q, k, cos, sin),
                 ^^^^^^^^^^^^^^^^^^^^^^^^^^^^^^^^^^^^,
        File "/scratch/specforge-torchtitan-20261003/first-update-source-candidate1/specforge/modeling/draft/dflash.py", line 173, in apply_rotary_pos_emb,
          k_embed = (k * cos) + (rotate_half(k) * sin),
                     ^^^^^^^^^^^^^^^^^^^^^^^^^^^^^^^^^,
      ,
      },
      stack_traces = {,
        File "/scratch/specforge-torchtitan-20261003/first-update-source-candidate1/specforge/modeling/draft/dflash2.py", line 237, in forward,
          hidden_states = self.self_attn(,
                          ^^^^^^^^^^^^^^^,
        File "/scratch/specforge-torchtitan-20261003/first-update-source-candidate1/specforge/modeling/draft/dflash.py", line 279, in forward,
          q, k, v = self._compute_qkv(hidden_states, target_hidden, position_embeddings),
                    ^^^^^^^^^^^^^^^^^^^^^^^^^^^^^^^^^^^^^^^^^^^^^^^^^^^^^^^^^^^^^^^^^^^^,
        File "/scratch/specforge-torchtitan-20261003/first-update-source-candidate1/specforge/modeling/draft/dflash.py", line 388, in _compute_qkv,
          k = self.k_norm(k).transpose(1, 2),
              ^^^^^^^^^^^^^^^^^^^^^^^^^^^^^^,
      ,
      },
      stack_traces = {,
        File "/scratch/specforge-torchtitan-20261003/first-update-source-candidate1/specforge/modeling/draft/dflash2.py", line 237, in forward,
          hidden_states = self.self_attn(,
                          ^^^^^^^^^^^^^^^,
        File "/scratch/specforge-torchtitan-20261003/first-update-source-candidate1/specforge/modeling/draft/dflash.py", line 279, in forward,
          q, k, v = self._compute_qkv(hidden_states, target_hidden, position_embeddings),
                    ^^^^^^^^^^^^^^^^^^^^^^^^^^^^^^^^^^^^^^^^^^^^^^^^^^^^^^^^^^^^^^^^^^^^,
        File "/scratch/specforge-torchtitan-20261003/first-update-source-candidate1/specforge/modeling/draft/dflash.py", line 388, in _compute_qkv,
          k = self.k_norm(k).transpose(1, 2),
              ^^^^^^^^^^^^^^^^^^^^^^^^^^^^^^,
        File "/scratch/specforge-torchtitan-20261003/venv/lib/python3.12/site-packages/transformers/models/qwen3/modeling_qwen3.py", line 64, in forward,
          return self.weight * hidden_states.to(input_dtype),
                 ^^^^^^^^^^^^^^^^^^^^^^^^^^^^^^^^^^^^^^^^^^^,
      ,
      },
      stack_traces = {,
        File "/scratch/specforge-torchtitan-20261003/first-update-source-candidate1/specforge/modeling/draft/dflash2.py", line 237, in forward,
          hidden_states = self.self_attn(,
                          ^^^^^^^^^^^^^^^,
        File "/scratch/specforge-torchtitan-20261003/first-update-source-candidate1/specforge/modeling/draft/dflash.py", line 279, in forward,
          q, k, v = self._compute_qkv(hidden_states, target_hidden, position_embeddings),
                    ^^^^^^^^^^^^^^^^^^^^^^^^^^^^^^^^^^^^^^^^^^^^^^^^^^^^^^^^^^^^^^^^^^^^,
        File "/scratch/specforge-torchtitan-20261003/first-update-source-candidate1/specforge/modeling/draft/dflash.py", line 388, in _compute_qkv,
          k = self.k_norm(k).transpose(1, 2),
              ^^^^^^^^^^^^^^^^^^^^^^^^^^^^^^,
        File "/scratch/specforge-torchtitan-20261003/venv/lib/python3.12/site-packages/transformers/models/qwen3/modeling_qwen3.py", line 64, in forward,
          return self.weight * hidden_states.to(input_dtype),
                               ^^^^^^^^^^^^^^^^^^^^^^^^^^^^^,
      ,
      },
      stack_traces = {,
        File "/scratch/specforge-torchtitan-20261003/first-update-source-candidate1/specforge/modeling/draft/dflash2.py", line 237, in forward,
          hidden_states = self.self_attn(,
                          ^^^^^^^^^^^^^^^,
        File "/scratch/specforge-torchtitan-20261003/first-update-source-candidate1/specforge/modeling/draft/dflash.py", line 279, in forward,
          q, k, v = self._compute_qkv(hidden_states, target_hidden, position_embeddings),
                    ^^^^^^^^^^^^^^^^^^^^^^^^^^^^^^^^^^^^^^^^^^^^^^^^^^^^^^^^^^^^^^^^^^^^,
        File "/scratch/specforge-torchtitan-20261003/first-update-source-candidate1/specforge/modeling/draft/dflash.py", line 388, in _compute_qkv,
          k = self.k_norm(k).transpose(1, 2),
              ^^^^^^^^^^^^^^^^^^^^^^^^^^^^^^,
        File "/scratch/specforge-torchtitan-20261003/venv/lib/python3.12/site-packages/transformers/models/qwen3/modeling_qwen3.py", line 63, in forward,
          hidden_states = hidden_states * torch.rsqrt(variance + self.variance_epsilon),
                          ^^^^^^^^^^^^^^^^^^^^^^^^^^^^^^^^^^^^^^^^^^^^^^^^^^^^^^^^^^^^^,
      ,
      },
      stack_traces = {,
        File "/scratch/specforge-torchtitan-20261003/first-update-source-candidate1/specforge/modeling/draft/dflash2.py", line 237, in forward,
          hidden_states = self.self_attn(,
                          ^^^^^^^^^^^^^^^,
        File "/scratch/specforge-torchtitan-20261003/first-update-source-candidate1/specforge/modeling/draft/dflash.py", line 279, in forward,
          q, k, v = self._compute_qkv(hidden_states, target_hidden, position_embeddings),
                    ^^^^^^^^^^^^^^^^^^^^^^^^^^^^^^^^^^^^^^^^^^^^^^^^^^^^^^^^^^^^^^^^^^^^,
        File "/scratch/specforge-torchtitan-20261003/first-update-source-candidate1/specforge/modeling/draft/dflash.py", line 388, in _compute_qkv,
          k = self.k_norm(k).transpose(1, 2),
              ^^^^^^^^^^^^^^^^^^^^^^^^^^^^^^,
        File "/scratch/specforge-torchtitan-20261003/venv/lib/python3.12/site-packages/transformers/models/qwen3/modeling_qwen3.py", line 61, in forward,
          hidden_states = hidden_states.to(torch.float32),
                          ^^^^^^^^^^^^^^^^^^^^^^^^^^^^^^^,
      ,
      },
      stack_traces = {,
        File "/scratch/specforge-torchtitan-20261003/first-update-source-candidate1/specforge/modeling/draft/dflash2.py", line 237, in forward,
          hidden_states = self.self_attn(,
                          ^^^^^^^^^^^^^^^,
        File "/scratch/specforge-torchtitan-20261003/first-update-source-candidate1/specforge/modeling/draft/dflash.py", line 279, in forward,
          q, k, v = self._compute_qkv(hidden_states, target_hidden, position_embeddings),
                    ^^^^^^^^^^^^^^^^^^^^^^^^^^^^^^^^^^^^^^^^^^^^^^^^^^^^^^^^^^^^^^^^^^^^,
        File "/scratch/specforge-torchtitan-20261003/first-update-source-candidate1/specforge/modeling/draft/dflash.py", line 382, in _compute_qkv,
          k = torch.cat([k_ctx, k_noise], dim=1).view(,
              ^^^^^^^^^^^^^^^^^^^^^^^^^^^^^^^^^^^^^^^^,
      ,
      },
      stack_traces = {,
        File "/scratch/specforge-torchtitan-20261003/first-update-source-candidate1/specforge/modeling/draft/dflash2.py", line 237, in forward,
          hidden_states = self.self_attn(,
                          ^^^^^^^^^^^^^^^,
        File "/scratch/specforge-torchtitan-20261003/first-update-source-candidate1/specforge/modeling/draft/dflash.py", line 279, in forward,
          q, k, v = self._compute_qkv(hidden_states, target_hidden, position_embeddings),
                    ^^^^^^^^^^^^^^^^^^^^^^^^^^^^^^^^^^^^^^^^^^^^^^^^^^^^^^^^^^^^^^^^^^^^,
        File "/scratch/specforge-torchtitan-20261003/first-update-source-candidate1/specforge/modeling/draft/dflash.py", line 391, in _compute_qkv,
          q, k = apply_rotary_pos_emb(q, k, cos, sin),
                 ^^^^^^^^^^^^^^^^^^^^^^^^^^^^^^^^^^^^,
        File "/scratch/specforge-torchtitan-20261003/first-update-source-candidate1/specforge/modeling/draft/dflash.py", line 169, in apply_rotary_pos_emb,
          cos = cos.unsqueeze(unsqueeze_dim),
                ^^^^^^^^^^^^^^^^^^^^^^^^^^^^,
      ,
      },
      stack_traces = {,
        File "/scratch/specforge-torchtitan-20261003/first-update-source-candidate1/specforge/modeling/draft/dflash2.py", line 237, in forward,
          hidden_states = self.self_attn(,
                          ^^^^^^^^^^^^^^^,
        File "/scratch/specforge-torchtitan-20261003/first-update-source-candidate1/specforge/modeling/draft/dflash.py", line 279, in forward,
          q, k, v = self._compute_qkv(hidden_states, target_hidden, position_embeddings),
                    ^^^^^^^^^^^^^^^^^^^^^^^^^^^^^^^^^^^^^^^^^^^^^^^^^^^^^^^^^^^^^^^^^^^^,
        File "/scratch/specforge-torchtitan-20261003/first-update-source-candidate1/specforge/modeling/draft/dflash.py", line 391, in _compute_qkv,
          q, k = apply_rotary_pos_emb(q, k, cos, sin),
                 ^^^^^^^^^^^^^^^^^^^^^^^^^^^^^^^^^^^^,
        File "/scratch/specforge-torchtitan-20261003/first-update-source-candidate1/specforge/modeling/draft/dflash.py", line 173, in apply_rotary_pos_emb,
          k_embed = (k * cos) + (rotate_half(k) * sin),
                                 ^^^^^^^^^^^^^^^^^^^^^,
      ,
      },
      stack_traces = {,
        File "/scratch/specforge-torchtitan-20261003/first-update-source-candidate1/specforge/modeling/draft/dflash2.py", line 237, in forward,
          hidden_states = self.self_attn(,
                          ^^^^^^^^^^^^^^^,
        File "/scratch/specforge-torchtitan-20261003/first-update-source-candidate1/specforge/modeling/draft/dflash.py", line 279, in forward,
          q, k, v = self._compute_qkv(hidden_states, target_hidden, position_embeddings),
                    ^^^^^^^^^^^^^^^^^^^^^^^^^^^^^^^^^^^^^^^^^^^^^^^^^^^^^^^^^^^^^^^^^^^^,
        File "/scratch/specforge-torchtitan-20261003/first-update-source-candidate1/specforge/modeling/draft/dflash.py", line 391, in _compute_qkv,
          q, k = apply_rotary_pos_emb(q, k, cos, sin),
                 ^^^^^^^^^^^^^^^^^^^^^^^^^^^^^^^^^^^^,
        File "/scratch/specforge-torchtitan-20261003/first-update-source-candidate1/specforge/modeling/draft/dflash.py", line 170, in apply_rotary_pos_emb,
          sin = sin.unsqueeze(unsqueeze_dim),
                ^^^^^^^^^^^^^^^^^^^^^^^^^^^^,
      ,
      }
    ), _split_size=None, _original_inner_fn=None, _original_ranges=None, _original_reduction_ranges=None)
  ))
  args[2]: TensorBox(
    ReinterpretView(
      StorageBox(
        ComputedBuffer(name='buf16', layout=FixedLayout('cuda:0', torch.bfloat16, size=[1, 160, 16], stride=[2560, 16, 1]), data=Pointwise(
          'cuda',
          torch.bfloat16,
          def inner_fn(index):
              _, i1, i2 = index
              tmp0 = ops.index_expr(i1, torch.int64)
              tmp1 = ops.constant(0, torch.int64)
              tmp2 = ops.index_expr(128, torch.int64)
              tmp3 = tmp0 >= tmp1
              tmp4 = tmp0 < tmp2
              tmp5 = ops.load(buf11, i2 + 16 * Identity(i1))
              tmp6 = ops.masked(tmp4, tmp5, 0.0)
              tmp7 = ops.index_expr(128, torch.int64)
              tmp8 = ops.index_expr(160, torch.int64)
              tmp9 = tmp0 >= tmp7
              tmp10 = tmp0 < tmp8
              tmp11 = ops.load(buf12, i2 + 16 * Identity(-128 + i1))
              tmp12 = ops.masked(tmp9, tmp11, 0.0)
              tmp13 = ops.where(tmp4, tmp6, tmp12)
              return tmp13
          ,
          ranges=[1, 160, 16],
          origin_node=cat_1,
          origins=OrderedSet([cat_1, view_19, view_23]),
          stack_traces = {,
            File "/scratch/specforge-torchtitan-20261003/first-update-source-candidate1/specforge/modeling/draft/dflash2.py", line 237, in forward,
              hidden_states = self.self_attn(,
                              ^^^^^^^^^^^^^^^,
            File "/scratch/specforge-torchtitan-20261003/first-update-source-candidate1/specforge/modeling/draft/dflash.py", line 279, in forward,
              q, k, v = self._compute_qkv(hidden_states, target_hidden, position_embeddings),
                        ^^^^^^^^^^^^^^^^^^^^^^^^^^^^^^^^^^^^^^^^^^^^^^^^^^^^^^^^^^^^^^^^^^^^,
            File "/scratch/specforge-torchtitan-20261003/first-update-source-candidate1/specforge/modeling/draft/dflash.py", line 385, in _compute_qkv,
              v = torch.cat([v_ctx, v_noise], dim=1).view(,
                  ^^^^^^^^^^^^^^^^^^^^^^^^^^^^^^^^^^^^^^^^,
          ,
          },
          stack_traces = {,
            File "/scratch/specforge-torchtitan-20261003/first-update-source-candidate1/specforge/modeling/draft/dflash2.py", line 237, in forward,
              hidden_states = self.self_attn(,
                              ^^^^^^^^^^^^^^^,
            File "/scratch/specforge-torchtitan-20261003/first-update-source-candidate1/specforge/modeling/draft/dflash.py", line 279, in forward,
              q, k, v = self._compute_qkv(hidden_states, target_hidden, position_embeddings),
                        ^^^^^^^^^^^^^^^^^^^^^^^^^^^^^^^^^^^^^^^^^^^^^^^^^^^^^^^^^^^^^^^^^^^^,
            File "/scratch/specforge-torchtitan-20261003/first-update-source-candidate1/specforge/modeling/draft/dflash.py", line 380, in _compute_qkv,
              v_ctx = self.v_proj(target_hidden),
                      ^^^^^^^^^^^^^^^^^^^^^^^^^^,
          ,
          },
          stack_traces = {,
            File "/scratch/specforge-torchtitan-20261003/first-update-source-candidate1/specforge/modeling/draft/dflash2.py", line 237, in forward,
              hidden_states = self.self_attn(,
                              ^^^^^^^^^^^^^^^,
            File "/scratch/specforge-torchtitan-20261003/first-update-source-candidate1/specforge/modeling/draft/dflash.py", line 279, in forward,
              q, k, v = self._compute_qkv(hidden_states, target_hidden, position_embeddings),
                        ^^^^^^^^^^^^^^^^^^^^^^^^^^^^^^^^^^^^^^^^^^^^^^^^^^^^^^^^^^^^^^^^^^^^,
            File "/scratch/specforge-torchtitan-20261003/first-update-source-candidate1/specforge/modeling/draft/dflash.py", line 381, in _compute_qkv,
              v_noise = self.v_proj(hidden_states),
                        ^^^^^^^^^^^^^^^^^^^^^^^^^^,
          ,
          }
        ), _split_size=None, _original_inner_fn=None, _original_ranges=None, _original_reduction_ranges=None)
      ),
      FixedLayout('cuda:0', torch.bfloat16, size=[1, 2, 160, 8], stride=[0, 8, 16, 1]),
      origins=OrderedSet([permute_8, view_25, cat_1, view_19, view_...,
      stack_traces = {,
        File "/scratch/specforge-torchtitan-20261003/first-update-source-candidate1/specforge/modeling/draft/dflash2.py", line 237, in forward,
          hidden_states = self.self_attn(,
                          ^^^^^^^^^^^^^^^,
        File "/scratch/specforge-torchtitan-20261003/first-update-source-candidate1/specforge/modeling/draft/dflash.py", line 279, in forward,
          q, k, v = self._compute_qkv(hidden_states, target_hidden, position_embeddings),
                    ^^^^^^^^^^^^^^^^^^^^^^^^^^^^^^^^^^^^^^^^^^^^^^^^^^^^^^^^^^^^^^^^^^^^,
        File "/scratch/specforge-torchtitan-20261003/first-update-source-candidate1/specforge/modeling/draft/dflash.py", line 389, in _compute_qkv,
          v = v.transpose(1, 2),
              ^^^^^^^^^^^^^^^^^,
      ,
      },
      stack_traces = {,
        File "/scratch/specforge-torchtitan-20261003/first-update-source-candidate1/specforge/modeling/draft/dflash2.py", line 237, in forward,
          hidden_states = self.self_attn(,
                          ^^^^^^^^^^^^^^^,
        File "/scratch/specforge-torchtitan-20261003/first-update-source-candidate1/specforge/modeling/draft/dflash.py", line 279, in forward,
          q, k, v = self._compute_qkv(hidden_states, target_hidden, position_embeddings),
                    ^^^^^^^^^^^^^^^^^^^^^^^^^^^^^^^^^^^^^^^^^^^^^^^^^^^^^^^^^^^^^^^^^^^^,
        File "/scratch/specforge-torchtitan-20261003/first-update-source-candidate1/specforge/modeling/draft/dflash.py", line 385, in _compute_qkv,
          v = torch.cat([v_ctx, v_noise], dim=1).view(,
              ^^^^^^^^^^^^^^^^^^^^^^^^^^^^^^^^^^^^^^^^,
      ,
      },
      stack_traces = {,
        File "/scratch/specforge-torchtitan-20261003/first-update-source-candidate1/specforge/modeling/draft/dflash2.py", line 237, in forward,
          hidden_states = self.self_attn(,
                          ^^^^^^^^^^^^^^^,
        File "/scratch/specforge-torchtitan-20261003/first-update-source-candidate1/specforge/modeling/draft/dflash.py", line 279, in forward,
          q, k, v = self._compute_qkv(hidden_states, target_hidden, position_embeddings),
                    ^^^^^^^^^^^^^^^^^^^^^^^^^^^^^^^^^^^^^^^^^^^^^^^^^^^^^^^^^^^^^^^^^^^^,
        File "/scratch/specforge-torchtitan-20261003/first-update-source-candidate1/specforge/modeling/draft/dflash.py", line 380, in _compute_qkv,
          v_ctx = self.v_proj(target_hidden),
                  ^^^^^^^^^^^^^^^^^^^^^^^^^^,
      ,
      },
      stack_traces = {,
        File "/scratch/specforge-torchtitan-20261003/first-update-source-candidate1/specforge/modeling/draft/dflash2.py", line 237, in forward,
          hidden_states = self.self_attn(,
                          ^^^^^^^^^^^^^^^,
        File "/scratch/specforge-torchtitan-20261003/first-update-source-candidate1/specforge/modeling/draft/dflash.py", line 279, in forward,
          q, k, v = self._compute_qkv(hidden_states, target_hidden, position_embeddings),
                    ^^^^^^^^^^^^^^^^^^^^^^^^^^^^^^^^^^^^^^^^^^^^^^^^^^^^^^^^^^^^^^^^^^^^,
        File "/scratch/specforge-torchtitan-20261003/first-update-source-candidate1/specforge/modeling/draft/dflash.py", line 381, in _compute_qkv,
          v_noise = self.v_proj(hidden_states),
                    ^^^^^^^^^^^^^^^^^^^^^^^^^^,
      ,
      }
    )
  )
  args[3]: Subgraph(name='sdpa_score0', graph_module=<lambda>(), inductor_config_patches=None, graph=None)
  args[4]: (32, 160, TensorBox(StorageBox(
    InputBuffer(name='primals_14', layout=FixedLayout('cuda:0', torch.int32, size=[1, 1, 1], stride=[1, 1, 1]))
  )), TensorBox(StorageBox(
    InputBuffer(name='primals_13', layout=FixedLayout('cuda:0', torch.int32, size=[1, 1, 1, 2], stride=[2, 2, 2, 1]))
  )), TensorBox(StorageBox(
    InputBuffer(name='primals_17', layout=FixedLayout('cuda:0', torch.int32, size=[1, 1, 1], stride=[1, 1, 1]))
  )), TensorBox(StorageBox(
    InputBuffer(name='primals_18', layout=FixedLayout('cuda:0', torch.int32, size=[1, 1, 1, 2], stride=[2, 2, 2, 1]))
  )), TensorBox(StorageBox(
    InputBuffer(name='primals_19', layout=FixedLayout('cuda:0', torch.int32, size=[1, 1, 2], stride=[2, 2, 1]))
  )), TensorBox(StorageBox(
    InputBuffer(name='primals_20', layout=FixedLayout('cuda:0', torch.int32, size=[1, 1, 2, 1], stride=[2, 2, 1, 1]))
  )), TensorBox(StorageBox(
    InputBuffer(name='primals_21', layout=FixedLayout('cuda:0', torch.int32, size=[1, 1, 2], stride=[2, 2, 1]))
  )), TensorBox(StorageBox(
    InputBuffer(name='primals_22', layout=FixedLayout('cuda:0', torch.int32, size=[1, 1, 2, 1], stride=[2, 2, 1, 1]))
  )), None, None, None, None, 128, 128, Subgraph(name='sdpa_mask0', graph_module=<lambda>(), inductor_config_patches=None, graph=None))
  args[5]: 0.3535533905932738
  args[6]: {'BACKEND': 'TRITON', 'PRESCALE_QK': False, 'ROWS_GUARANTEED_SAFE': False, 'BLOCKS_ARE_CONTIGUOUS': False, 'WRITE_DQ': True, 'OUTPUT_LOGSUMEXP': True, 'OUTPUT_MAX': False}
  args[7]: ()
  args[8]: (TensorBox(StorageBox(
    InputBuffer(name='primals_15', layout=FixedLayout('cuda:0', torch.int64, size=[1, 8], stride=[8, 1]))
  )), TensorBox(StorageBox(
    InputBuffer(name='primals_16', layout=FixedLayout('cuda:0', torch.bool, size=[1, 8], stride=[8, 1]))
  )))NotImplementedError: NYI: embedding dimension of the query, key, and value must be at least 16 but got E=8 and Ev=8
  target: flex_attention
  args[0]: TensorBox(StorageBox(
    ComputedBuffer(name='buf18', layout=FixedLayout('cuda:0', torch.bfloat16, size=[1, 4, 32, 8], stride=[1024, 8, 32, 1]), data=Pointwise(
      'cuda',
      torch.bfloat16,
      def inner_fn(index):
          _, i1, i2, i3 = index
          tmp0 = ops.load(primals_7, i3)
          tmp1 = ops.to_dtype(tmp0, torch.bfloat16, use_compute_types=False)
          tmp2 = ops.to_dtype(tmp1, torch.bfloat16)
          tmp3 = ops.load(buf6, i3 + 8 * i1 + 32 * i2)
          tmp4 = ops.to_dtype(tmp3, torch.bfloat16, use_compute_types=False)
          tmp5 = ops.to_dtype(tmp4, torch.bfloat16)
          tmp6 = ops.to_dtype(tmp5, torch.float32, src_dtype=torch.bfloat16, use_compute_types=False)
          tmp7 = ops.load(buf8, i1 + 4 * i2)
          tmp8 = tmp6 * tmp7
          tmp9 = ops.to_dtype(tmp8, torch.bfloat16, src_dtype=torch.float32, use_compute_types=False)
          tmp10 = ops.to_dtype(tmp9, torch.bfloat16)
          tmp11 = ops.to_dtype(tmp10, torch.bfloat16, use_compute_types=False)
          tmp12 = ops.to_dtype(tmp11, torch.bfloat16)
          tmp13 = ops.to_dtype(tmp12, torch.bfloat16, use_compute_types=False)
          tmp14 = ops.to_dtype(tmp13, torch.bfloat16)
          tmp15 = tmp2 * tmp14
          tmp16 = ops.to_dtype(tmp15, torch.bfloat16, use_compute_types=False)
          tmp17 = ops.to_dtype(tmp16, torch.bfloat16)
          tmp18 = ops.to_dtype(tmp17, torch.bfloat16, use_compute_types=False)
          tmp19 = ops.to_dtype(tmp18, torch.bfloat16)
          tmp20 = ops.load(primals_11, 1024 + i3 + 8 * i2)
          tmp21 = ops.to_dtype(tmp20, torch.bfloat16, use_compute_types=False)
          tmp22 = ops.to_dtype(tmp21, torch.bfloat16)
          tmp23 = tmp19 * tmp22
          tmp24 = ops.to_dtype(tmp23, torch.bfloat16, use_compute_types=False)
          tmp25 = ops.to_dtype(tmp24, torch.bfloat16)
          tmp26 = ops.to_dtype(tmp25, torch.bfloat16, use_compute_types=False)
          tmp27 = ops.to_dtype(tmp26, torch.bfloat16)
          tmp28 = ops.load(buf17, i3 + 8 * i2 + 256 * i1)
          tmp29 = ops.to_dtype(tmp28, torch.bfloat16, use_compute_types=False)
          tmp30 = ops.to_dtype(tmp29, torch.bfloat16)
          tmp31 = ops.load(primals_12, 1024 + i3 + 8 * i2)
          tmp32 = ops.to_dtype(tmp31, torch.bfloat16, use_compute_types=False)
          tmp33 = ops.to_dtype(tmp32, torch.bfloat16)
          tmp34 = tmp30 * tmp33
          tmp35 = ops.to_dtype(tmp34, torch.bfloat16, use_compute_types=False)
          tmp36 = ops.to_dtype(tmp35, torch.bfloat16)
          tmp37 = ops.to_dtype(tmp36, torch.bfloat16, use_compute_types=False)
          tmp38 = ops.to_dtype(tmp37, torch.bfloat16)
          tmp39 = tmp27 + tmp38
          tmp40 = ops.to_dtype(tmp39, torch.bfloat16, use_compute_types=False)
          tmp41 = ops.to_dtype(tmp40, torch.bfloat16)
          return tmp41
      ,
      ranges=[1, 4, 32, 8],
      origin_node=add_3,
      origins=OrderedSet([add_3, mul_6, permute_2, mul_3, convert_e...,
      stack_traces = {,
        File "/scratch/specforge-torchtitan-20261003/first-update-source-candidate1/specforge/modeling/draft/dflash2.py", line 237, in forward,
          hidden_states = self.self_attn(,
                          ^^^^^^^^^^^^^^^,
        File "/scratch/specforge-torchtitan-20261003/first-update-source-candidate1/specforge/modeling/draft/dflash.py", line 279, in forward,
          q, k, v = self._compute_qkv(hidden_states, target_hidden, position_embeddings),
                    ^^^^^^^^^^^^^^^^^^^^^^^^^^^^^^^^^^^^^^^^^^^^^^^^^^^^^^^^^^^^^^^^^^^^,
        File "/scratch/specforge-torchtitan-20261003/first-update-source-candidate1/specforge/modeling/draft/dflash.py", line 391, in _compute_qkv,
          q, k = apply_rotary_pos_emb(q, k, cos, sin),
                 ^^^^^^^^^^^^^^^^^^^^^^^^^^^^^^^^^^^^,
        File "/scratch/specforge-torchtitan-20261003/first-update-source-candidate1/specforge/modeling/draft/dflash.py", line 172, in apply_rotary_pos_emb,
          q_embed = (q * cos[..., -q_len:, :]) + (rotate_half(q) * sin[..., -q_len:, :]),
                    ^^^^^^^^^^^^^^^^^^^^^^^^^^^^^^^^^^^^^^^^^^^^^^^^^^^^^^^^^^^^^^^^^^^^,
      ,
      },
      stack_traces = {,
        File "/scratch/specforge-torchtitan-20261003/first-update-source-candidate1/specforge/modeling/draft/dflash2.py", line 237, in forward,
          hidden_states = self.self_attn(,
                          ^^^^^^^^^^^^^^^,
        File "/scratch/specforge-torchtitan-20261003/first-update-source-candidate1/specforge/modeling/draft/dflash.py", line 279, in forward,
          q, k, v = self._compute_qkv(hidden_states, target_hidden, position_embeddings),
                    ^^^^^^^^^^^^^^^^^^^^^^^^^^^^^^^^^^^^^^^^^^^^^^^^^^^^^^^^^^^^^^^^^^^^,
        File "/scratch/specforge-torchtitan-20261003/first-update-source-candidate1/specforge/modeling/draft/dflash.py", line 391, in _compute_qkv,
          q, k = apply_rotary_pos_emb(q, k, cos, sin),
                 ^^^^^^^^^^^^^^^^^^^^^^^^^^^^^^^^^^^^,
        File "/scratch/specforge-torchtitan-20261003/first-update-source-candidate1/specforge/modeling/draft/dflash.py", line 172, in apply_rotary_pos_emb,
          q_embed = (q * cos[..., -q_len:, :]) + (rotate_half(q) * sin[..., -q_len:, :]),
                     ^^^^^^^^^^^^^^^^^^^^^^^^^^^^^^^^^^^^^^^^^^^^^^^^^^^^^^^^^^^^^^^^^^^,
      ,
      },
      stack_traces = {,
        File "/scratch/specforge-torchtitan-20261003/first-update-source-candidate1/specforge/modeling/draft/dflash2.py", line 237, in forward,
          hidden_states = self.self_attn(,
                          ^^^^^^^^^^^^^^^,
        File "/scratch/specforge-torchtitan-20261003/first-update-source-candidate1/specforge/modeling/draft/dflash.py", line 279, in forward,
          q, k, v = self._compute_qkv(hidden_states, target_hidden, position_embeddings),
                    ^^^^^^^^^^^^^^^^^^^^^^^^^^^^^^^^^^^^^^^^^^^^^^^^^^^^^^^^^^^^^^^^^^^^,
        File "/scratch/specforge-torchtitan-20261003/first-update-source-candidate1/specforge/modeling/draft/dflash.py", line 377, in _compute_qkv,
          q = self.q_norm(q).transpose(1, 2),
              ^^^^^^^^^^^^^^^^^^^^^^^^^^^^^^,
      ,
      },
      stack_traces = {,
        File "/scratch/specforge-torchtitan-20261003/first-update-source-candidate1/specforge/modeling/draft/dflash2.py", line 237, in forward,
          hidden_states = self.self_attn(,
                          ^^^^^^^^^^^^^^^,
        File "/scratch/specforge-torchtitan-20261003/first-update-source-candidate1/specforge/modeling/draft/dflash.py", line 279, in forward,
          q, k, v = self._compute_qkv(hidden_states, target_hidden, position_embeddings),
                    ^^^^^^^^^^^^^^^^^^^^^^^^^^^^^^^^^^^^^^^^^^^^^^^^^^^^^^^^^^^^^^^^^^^^,
        File "/scratch/specforge-torchtitan-20261003/first-update-source-candidate1/specforge/modeling/draft/dflash.py", line 377, in _compute_qkv,
          q = self.q_norm(q).transpose(1, 2),
              ^^^^^^^^^^^^^^^^^^^^^^^^^^^^^^,
        File "/scratch/specforge-torchtitan-20261003/venv/lib/python3.12/site-packages/transformers/models/qwen3/modeling_qwen3.py", line 64, in forward,
          return self.weight * hidden_states.to(input_dtype),
                 ^^^^^^^^^^^^^^^^^^^^^^^^^^^^^^^^^^^^^^^^^^^,
      ,
      },
      stack_traces = {,
        File "/scratch/specforge-torchtitan-20261003/first-update-source-candidate1/specforge/modeling/draft/dflash2.py", line 237, in forward,
          hidden_states = self.self_attn(,
                          ^^^^^^^^^^^^^^^,
        File "/scratch/specforge-torchtitan-20261003/first-update-source-candidate1/specforge/modeling/draft/dflash.py", line 279, in forward,
          q, k, v = self._compute_qkv(hidden_states, target_hidden, position_embeddings),
                    ^^^^^^^^^^^^^^^^^^^^^^^^^^^^^^^^^^^^^^^^^^^^^^^^^^^^^^^^^^^^^^^^^^^^,
        File "/scratch/specforge-torchtitan-20261003/first-update-source-candidate1/specforge/modeling/draft/dflash.py", line 377, in _compute_qkv,
          q = self.q_norm(q).transpose(1, 2),
              ^^^^^^^^^^^^^^^^^^^^^^^^^^^^^^,
        File "/scratch/specforge-torchtitan-20261003/venv/lib/python3.12/site-packages/transformers/models/qwen3/modeling_qwen3.py", line 64, in forward,
          return self.weight * hidden_states.to(input_dtype),
                               ^^^^^^^^^^^^^^^^^^^^^^^^^^^^^,
      ,
      },
      stack_traces = {,
        File "/scratch/specforge-torchtitan-20261003/first-update-source-candidate1/specforge/modeling/draft/dflash2.py", line 237, in forward,
          hidden_states = self.self_attn(,
                          ^^^^^^^^^^^^^^^,
        File "/scratch/specforge-torchtitan-20261003/first-update-source-candidate1/specforge/modeling/draft/dflash.py", line 279, in forward,
          q, k, v = self._compute_qkv(hidden_states, target_hidden, position_embeddings),
                    ^^^^^^^^^^^^^^^^^^^^^^^^^^^^^^^^^^^^^^^^^^^^^^^^^^^^^^^^^^^^^^^^^^^^,
        File "/scratch/specforge-torchtitan-20261003/first-update-source-candidate1/specforge/modeling/draft/dflash.py", line 377, in _compute_qkv,
          q = self.q_norm(q).transpose(1, 2),
              ^^^^^^^^^^^^^^^^^^^^^^^^^^^^^^,
        File "/scratch/specforge-torchtitan-20261003/venv/lib/python3.12/site-packages/transformers/models/qwen3/modeling_qwen3.py", line 63, in forward,
          hidden_states = hidden_states * torch.rsqrt(variance + self.variance_epsilon),
                          ^^^^^^^^^^^^^^^^^^^^^^^^^^^^^^^^^^^^^^^^^^^^^^^^^^^^^^^^^^^^^,
      ,
      },
      stack_traces = {,
        File "/scratch/specforge-torchtitan-20261003/first-update-source-candidate1/specforge/modeling/draft/dflash2.py", line 237, in forward,
          hidden_states = self.self_attn(,
                          ^^^^^^^^^^^^^^^,
        File "/scratch/specforge-torchtitan-20261003/first-update-source-candidate1/specforge/modeling/draft/dflash.py", line 279, in forward,
          q, k, v = self._compute_qkv(hidden_states, target_hidden, position_embeddings),
                    ^^^^^^^^^^^^^^^^^^^^^^^^^^^^^^^^^^^^^^^^^^^^^^^^^^^^^^^^^^^^^^^^^^^^,
        File "/scratch/specforge-torchtitan-20261003/first-update-source-candidate1/specforge/modeling/draft/dflash.py", line 377, in _compute_qkv,
          q = self.q_norm(q).transpose(1, 2),
              ^^^^^^^^^^^^^^^^^^^^^^^^^^^^^^,
        File "/scratch/specforge-torchtitan-20261003/venv/lib/python3.12/site-packages/transformers/models/qwen3/modeling_qwen3.py", line 61, in forward,
          hidden_states = hidden_states.to(torch.float32),
                          ^^^^^^^^^^^^^^^^^^^^^^^^^^^^^^^,
      ,
      },
      stack_traces = {,
        File "/scratch/specforge-torchtitan-20261003/first-update-source-candidate1/specforge/modeling/draft/dflash2.py", line 237, in forward,
          hidden_states = self.self_attn(,
                          ^^^^^^^^^^^^^^^,
        File "/scratch/specforge-torchtitan-20261003/first-update-source-candidate1/specforge/modeling/draft/dflash.py", line 279, in forward,
          q, k, v = self._compute_qkv(hidden_states, target_hidden, position_embeddings),
                    ^^^^^^^^^^^^^^^^^^^^^^^^^^^^^^^^^^^^^^^^^^^^^^^^^^^^^^^^^^^^^^^^^^^^,
        File "/scratch/specforge-torchtitan-20261003/first-update-source-candidate1/specforge/modeling/draft/dflash.py", line 376, in _compute_qkv,
          q = q.view(bsz, q_len, -1, self.head_dim),
              ^^^^^^^^^^^^^^^^^^^^^^^^^^^^^^^^^^^^^,
      ,
      },
      stack_traces = {,
        File "/scratch/specforge-torchtitan-20261003/first-update-source-candidate1/specforge/modeling/draft/dflash2.py", line 237, in forward,
          hidden_states = self.self_attn(,
                          ^^^^^^^^^^^^^^^,
        File "/scratch/specforge-torchtitan-20261003/first-update-source-candidate1/specforge/modeling/draft/dflash.py", line 279, in forward,
          q, k, v = self._compute_qkv(hidden_states, target_hidden, position_embeddings),
                    ^^^^^^^^^^^^^^^^^^^^^^^^^^^^^^^^^^^^^^^^^^^^^^^^^^^^^^^^^^^^^^^^^^^^,
        File "/scratch/specforge-torchtitan-20261003/first-update-source-candidate1/specforge/modeling/draft/dflash.py", line 375, in _compute_qkv,
          q = self.q_proj(hidden_states),
              ^^^^^^^^^^^^^^^^^^^^^^^^^^,
      ,
      },
      stack_traces = {,
        File "/scratch/specforge-torchtitan-20261003/first-update-source-candidate1/specforge/modeling/draft/dflash2.py", line 237, in forward,
          hidden_states = self.self_attn(,
                          ^^^^^^^^^^^^^^^,
        File "/scratch/specforge-torchtitan-20261003/first-update-source-candidate1/specforge/modeling/draft/dflash.py", line 279, in forward,
          q, k, v = self._compute_qkv(hidden_states, target_hidden, position_embeddings),
                    ^^^^^^^^^^^^^^^^^^^^^^^^^^^^^^^^^^^^^^^^^^^^^^^^^^^^^^^^^^^^^^^^^^^^,
        File "/scratch/specforge-torchtitan-20261003/first-update-source-candidate1/specforge/modeling/draft/dflash.py", line 391, in _compute_qkv,
          q, k = apply_rotary_pos_emb(q, k, cos, sin),
                 ^^^^^^^^^^^^^^^^^^^^^^^^^^^^^^^^^^^^,
        File "/scratch/specforge-torchtitan-20261003/first-update-source-candidate1/specforge/modeling/draft/dflash.py", line 172, in apply_rotary_pos_emb,
          q_embed = (q * cos[..., -q_len:, :]) + (rotate_half(q) * sin[..., -q_len:, :]),
                         ^^^^^^^^^^^^^^^^^^^^^^^^^^^^^^^^^^^^^^^^^^^^^^^^^^^^^^^^^^^^^^^,
      ,
      },
      stack_traces = {,
        File "/scratch/specforge-torchtitan-20261003/first-update-source-candidate1/specforge/modeling/draft/dflash2.py", line 237, in forward,
          hidden_states = self.self_attn(,
                          ^^^^^^^^^^^^^^^,
        File "/scratch/specforge-torchtitan-20261003/first-update-source-candidate1/specforge/modeling/draft/dflash.py", line 279, in forward,
          q, k, v = self._compute_qkv(hidden_states, target_hidden, position_embeddings),
                    ^^^^^^^^^^^^^^^^^^^^^^^^^^^^^^^^^^^^^^^^^^^^^^^^^^^^^^^^^^^^^^^^^^^^,
        File "/scratch/specforge-torchtitan-20261003/first-update-source-candidate1/specforge/modeling/draft/dflash.py", line 391, in _compute_qkv,
          q, k = apply_rotary_pos_emb(q, k, cos, sin),
                 ^^^^^^^^^^^^^^^^^^^^^^^^^^^^^^^^^^^^,
        File "/scratch/specforge-torchtitan-20261003/first-update-source-candidate1/specforge/modeling/draft/dflash.py", line 169, in apply_rotary_pos_emb,
          cos = cos.unsqueeze(unsqueeze_dim),
                ^^^^^^^^^^^^^^^^^^^^^^^^^^^^,
      ,
      },
      stack_traces = {,
        File "/scratch/specforge-torchtitan-20261003/first-update-source-candidate1/specforge/modeling/draft/dflash2.py", line 237, in forward,
          hidden_states = self.self_attn(,
                          ^^^^^^^^^^^^^^^,
        File "/scratch/specforge-torchtitan-20261003/first-update-source-candidate1/specforge/modeling/draft/dflash.py", line 279, in forward,
          q, k, v = self._compute_qkv(hidden_states, target_hidden, position_embeddings),
                    ^^^^^^^^^^^^^^^^^^^^^^^^^^^^^^^^^^^^^^^^^^^^^^^^^^^^^^^^^^^^^^^^^^^^,
        File "/scratch/specforge-torchtitan-20261003/first-update-source-candidate1/specforge/modeling/draft/dflash.py", line 391, in _compute_qkv,
          q, k = apply_rotary_pos_emb(q, k, cos, sin),
                 ^^^^^^^^^^^^^^^^^^^^^^^^^^^^^^^^^^^^,
        File "/scratch/specforge-torchtitan-20261003/first-update-source-candidate1/specforge/modeling/draft/dflash.py", line 172, in apply_rotary_pos_emb,
          q_embed = (q * cos[..., -q_len:, :]) + (rotate_half(q) * sin[..., -q_len:, :]),
                                                  ^^^^^^^^^^^^^^^^^^^^^^^^^^^^^^^^^^^^^^,
      ,
      },
      stack_traces = {,
        File "/scratch/specforge-torchtitan-20261003/first-update-source-candidate1/specforge/modeling/draft/dflash2.py", line 237, in forward,
          hidden_states = self.self_attn(,
                          ^^^^^^^^^^^^^^^,
        File "/scratch/specforge-torchtitan-20261003/first-update-source-candidate1/specforge/modeling/draft/dflash.py", line 279, in forward,
          q, k, v = self._compute_qkv(hidden_states, target_hidden, position_embeddings),
                    ^^^^^^^^^^^^^^^^^^^^^^^^^^^^^^^^^^^^^^^^^^^^^^^^^^^^^^^^^^^^^^^^^^^^,
        File "/scratch/specforge-torchtitan-20261003/first-update-source-candidate1/specforge/modeling/draft/dflash.py", line 391, in _compute_qkv,
          q, k = apply_rotary_pos_emb(q, k, cos, sin),
                 ^^^^^^^^^^^^^^^^^^^^^^^^^^^^^^^^^^^^,
        File "/scratch/specforge-torchtitan-20261003/first-update-source-candidate1/specforge/modeling/draft/dflash.py", line 172, in apply_rotary_pos_emb,
          q_embed = (q * cos[..., -q_len:, :]) + (rotate_half(q) * sin[..., -q_len:, :]),
                                                                   ^^^^^^^^^^^^^^^^^^^^^,
      ,
      },
      stack_traces = {,
        File "/scratch/specforge-torchtitan-20261003/first-update-source-candidate1/specforge/modeling/draft/dflash2.py", line 237, in forward,
          hidden_states = self.self_attn(,
                          ^^^^^^^^^^^^^^^,
        File "/scratch/specforge-torchtitan-20261003/first-update-source-candidate1/specforge/modeling/draft/dflash.py", line 279, in forward,
          q, k, v = self._compute_qkv(hidden_states, target_hidden, position_embeddings),
                    ^^^^^^^^^^^^^^^^^^^^^^^^^^^^^^^^^^^^^^^^^^^^^^^^^^^^^^^^^^^^^^^^^^^^,
        File "/scratch/specforge-torchtitan-20261003/first-update-source-candidate1/specforge/modeling/draft/dflash.py", line 391, in _compute_qkv,
          q, k = apply_rotary_pos_emb(q, k, cos, sin),
                 ^^^^^^^^^^^^^^^^^^^^^^^^^^^^^^^^^^^^,
        File "/scratch/specforge-torchtitan-20261003/first-update-source-candidate1/specforge/modeling/draft/dflash.py", line 170, in apply_rotary_pos_emb,
          sin = sin.unsqueeze(unsqueeze_dim),
                ^^^^^^^^^^^^^^^^^^^^^^^^^^^^,
      ,
      }
    ), _split_size=None, _original_inner_fn=None, _original_ranges=None, _original_reduction_ranges=None)
  ))
  args[1]: TensorBox(StorageBox(
    ComputedBuffer(name='buf20', layout=FixedLayout('cuda:0', torch.bfloat16, size=[1, 2, 160, 8], stride=[2560, 8, 16, 1]), data=Pointwise(
      'cuda',
      torch.bfloat16,
      def inner_fn(index):
          _, i1, i2, i3 = index
          tmp0 = ops.load(primals_10, i3)
          tmp1 = ops.to_dtype(tmp0, torch.bfloat16, use_compute_types=False)
          tmp2 = ops.to_dtype(tmp1, torch.bfloat16)
          tmp3 = ops.load(buf13, i3 + 8 * i1 + 16 * i2)
          tmp4 = ops.to_dtype(tmp3, torch.bfloat16, use_compute_types=False)
          tmp5 = ops.to_dtype(tmp4, torch.bfloat16)
          tmp6 = ops.to_dtype(tmp5, torch.float32, src_dtype=torch.bfloat16, use_compute_types=False)
          tmp7 = ops.load(buf15, i1 + 2 * i2)
          tmp8 = tmp6 * tmp7
          tmp9 = ops.to_dtype(tmp8, torch.bfloat16, src_dtype=torch.float32, use_compute_types=False)
          tmp10 = ops.to_dtype(tmp9, torch.bfloat16)
          tmp11 = ops.to_dtype(tmp10, torch.bfloat16, use_compute_types=False)
          tmp12 = ops.to_dtype(tmp11, torch.bfloat16)
          tmp13 = ops.to_dtype(tmp12, torch.bfloat16, use_compute_types=False)
          tmp14 = ops.to_dtype(tmp13, torch.bfloat16)
          tmp15 = tmp2 * tmp14
          tmp16 = ops.to_dtype(tmp15, torch.bfloat16, use_compute_types=False)
          tmp17 = ops.to_dtype(tmp16, torch.bfloat16)
          tmp18 = ops.to_dtype(tmp17, torch.bfloat16, use_compute_types=False)
          tmp19 = ops.to_dtype(tmp18, torch.bfloat16)
          tmp20 = ops.load(primals_11, i3 + 8 * i2)
          tmp21 = ops.to_dtype(tmp20, torch.bfloat16, use_compute_types=False)
          tmp22 = ops.to_dtype(tmp21, torch.bfloat16)
          tmp23 = tmp19 * tmp22
          tmp24 = ops.to_dtype(tmp23, torch.bfloat16, use_compute_types=False)
          tmp25 = ops.to_dtype(tmp24, torch.bfloat16)
          tmp26 = ops.to_dtype(tmp25, torch.bfloat16, use_compute_types=False)
          tmp27 = ops.to_dtype(tmp26, torch.bfloat16)
          tmp28 = ops.load(buf19, i3 + 8 * i2 + 1280 * i1)
          tmp29 = ops.to_dtype(tmp28, torch.bfloat16, use_compute_types=False)
          tmp30 = ops.to_dtype(tmp29, torch.bfloat16)
          tmp31 = ops.load(primals_12, i3 + 8 * i2)
          tmp32 = ops.to_dtype(tmp31, torch.bfloat16, use_compute_types=False)
          tmp33 = ops.to_dtype(tmp32, torch.bfloat16)
          tmp34 = tmp30 * tmp33
          tmp35 = ops.to_dtype(tmp34, torch.bfloat16, use_compute_types=False)
          tmp36 = ops.to_dtype(tmp35, torch.bfloat16)
          tmp37 = ops.to_dtype(tmp36, torch.bfloat16, use_compute_types=False)
          tmp38 = ops.to_dtype(tmp37, torch.bfloat16)
          tmp39 = tmp27 + tmp38
          tmp40 = ops.to_dtype(tmp39, torch.bfloat16, use_compute_types=False)
          tmp41 = ops.to_dtype(tmp40, torch.bfloat16)
          return tmp41
      ,
      ranges=[1, 2, 160, 8],
      origin_node=add_4,
      origins=OrderedSet([add_4, mul_8, permute_7, mul_5, convert_e...,
      stack_traces = {,
        File "/scratch/specforge-torchtitan-20261003/first-update-source-candidate1/specforge/modeling/draft/dflash2.py", line 237, in forward,
          hidden_states = self.self_attn(,
                          ^^^^^^^^^^^^^^^,
        File "/scratch/specforge-torchtitan-20261003/first-update-source-candidate1/specforge/modeling/draft/dflash.py", line 279, in forward,
          q, k, v = self._compute_qkv(hidden_states, target_hidden, position_embeddings),
                    ^^^^^^^^^^^^^^^^^^^^^^^^^^^^^^^^^^^^^^^^^^^^^^^^^^^^^^^^^^^^^^^^^^^^,
        File "/scratch/specforge-torchtitan-20261003/first-update-source-candidate1/specforge/modeling/draft/dflash.py", line 391, in _compute_qkv,
          q, k = apply_rotary_pos_emb(q, k, cos, sin),
                 ^^^^^^^^^^^^^^^^^^^^^^^^^^^^^^^^^^^^,
        File "/scratch/specforge-torchtitan-20261003/first-update-source-candidate1/specforge/modeling/draft/dflash.py", line 173, in apply_rotary_pos_emb,
          k_embed = (k * cos) + (rotate_half(k) * sin),
                    ^^^^^^^^^^^^^^^^^^^^^^^^^^^^^^^^^^,
      ,
      },
      stack_traces = {,
        File "/scratch/specforge-torchtitan-20261003/first-update-source-candidate1/specforge/modeling/draft/dflash2.py", line 237, in forward,
          hidden_states = self.self_attn(,
                          ^^^^^^^^^^^^^^^,
        File "/scratch/specforge-torchtitan-20261003/first-update-source-candidate1/specforge/modeling/draft/dflash.py", line 279, in forward,
          q, k, v = self._compute_qkv(hidden_states, target_hidden, position_embeddings),
                    ^^^^^^^^^^^^^^^^^^^^^^^^^^^^^^^^^^^^^^^^^^^^^^^^^^^^^^^^^^^^^^^^^^^^,
        File "/scratch/specforge-torchtitan-20261003/first-update-source-candidate1/specforge/modeling/draft/dflash.py", line 391, in _compute_qkv,
          q, k = apply_rotary_pos_emb(q, k, cos, sin),
                 ^^^^^^^^^^^^^^^^^^^^^^^^^^^^^^^^^^^^,
        File "/scratch/specforge-torchtitan-20261003/first-update-source-candidate1/specforge/modeling/draft/dflash.py", line 173, in apply_rotary_pos_emb,
          k_embed = (k * cos) + (rotate_half(k) * sin),
                     ^^^^^^^^^^^^^^^^^^^^^^^^^^^^^^^^^,
      ,
      },
      stack_traces = {,
        File "/scratch/specforge-torchtitan-20261003/first-update-source-candidate1/specforge/modeling/draft/dflash2.py", line 237, in forward,
          hidden_states = self.self_attn(,
                          ^^^^^^^^^^^^^^^,
        File "/scratch/specforge-torchtitan-20261003/first-update-source-candidate1/specforge/modeling/draft/dflash.py", line 279, in forward,
          q, k, v = self._compute_qkv(hidden_states, target_hidden, position_embeddings),
                    ^^^^^^^^^^^^^^^^^^^^^^^^^^^^^^^^^^^^^^^^^^^^^^^^^^^^^^^^^^^^^^^^^^^^,
        File "/scratch/specforge-torchtitan-20261003/first-update-source-candidate1/specforge/modeling/draft/dflash.py", line 388, in _compute_qkv,
          k = self.k_norm(k).transpose(1, 2),
              ^^^^^^^^^^^^^^^^^^^^^^^^^^^^^^,
      ,
      },
      stack_traces = {,
        File "/scratch/specforge-torchtitan-20261003/first-update-source-candidate1/specforge/modeling/draft/dflash2.py", line 237, in forward,
          hidden_states = self.self_attn(,
                          ^^^^^^^^^^^^^^^,
        File "/scratch/specforge-torchtitan-20261003/first-update-source-candidate1/specforge/modeling/draft/dflash.py", line 279, in forward,
          q, k, v = self._compute_qkv(hidden_states, target_hidden, position_embeddings),
                    ^^^^^^^^^^^^^^^^^^^^^^^^^^^^^^^^^^^^^^^^^^^^^^^^^^^^^^^^^^^^^^^^^^^^,
        File "/scratch/specforge-torchtitan-20261003/first-update-source-candidate1/specforge/modeling/draft/dflash.py", line 388, in _compute_qkv,
          k = self.k_norm(k).transpose(1, 2),
              ^^^^^^^^^^^^^^^^^^^^^^^^^^^^^^,
        File "/scratch/specforge-torchtitan-20261003/venv/lib/python3.12/site-packages/transformers/models/qwen3/modeling_qwen3.py", line 64, in forward,
          return self.weight * hidden_states.to(input_dtype),
                 ^^^^^^^^^^^^^^^^^^^^^^^^^^^^^^^^^^^^^^^^^^^,
      ,
      },
      stack_traces = {,
        File "/scratch/specforge-torchtitan-20261003/first-update-source-candidate1/specforge/modeling/draft/dflash2.py", line 237, in forward,
          hidden_states = self.self_attn(,
                          ^^^^^^^^^^^^^^^,
        File "/scratch/specforge-torchtitan-20261003/first-update-source-candidate1/specforge/modeling/draft/dflash.py", line 279, in forward,
          q, k, v = self._compute_qkv(hidden_states, target_hidden, position_embeddings),
                    ^^^^^^^^^^^^^^^^^^^^^^^^^^^^^^^^^^^^^^^^^^^^^^^^^^^^^^^^^^^^^^^^^^^^,
        File "/scratch/specforge-torchtitan-20261003/first-update-source-candidate1/specforge/modeling/draft/dflash.py", line 388, in _compute_qkv,
          k = self.k_norm(k).transpose(1, 2),
              ^^^^^^^^^^^^^^^^^^^^^^^^^^^^^^,
        File "/scratch/specforge-torchtitan-20261003/venv/lib/python3.12/site-packages/transformers/models/qwen3/modeling_qwen3.py", line 64, in forward,
          return self.weight * hidden_states.to(input_dtype),
                               ^^^^^^^^^^^^^^^^^^^^^^^^^^^^^,
      ,
      },
      stack_traces = {,
        File "/scratch/specforge-torchtitan-20261003/first-update-source-candidate1/specforge/modeling/draft/dflash2.py", line 237, in forward,
          hidden_states = self.self_attn(,
                          ^^^^^^^^^^^^^^^,
        File "/scratch/specforge-torchtitan-20261003/first-update-source-candidate1/specforge/modeling/draft/dflash.py", line 279, in forward,
          q, k, v = self._compute_qkv(hidden_states, target_hidden, position_embeddings),
                    ^^^^^^^^^^^^^^^^^^^^^^^^^^^^^^^^^^^^^^^^^^^^^^^^^^^^^^^^^^^^^^^^^^^^,
        File "/scratch/specforge-torchtitan-20261003/first-update-source-candidate1/specforge/modeling/draft/dflash.py", line 388, in _compute_qkv,
          k = self.k_norm(k).transpose(1, 2),
              ^^^^^^^^^^^^^^^^^^^^^^^^^^^^^^,
        File "/scratch/specforge-torchtitan-20261003/venv/lib/python3.12/site-packages/transformers/models/qwen3/modeling_qwen3.py", line 63, in forward,
          hidden_states = hidden_states * torch.rsqrt(variance + self.variance_epsilon),
                          ^^^^^^^^^^^^^^^^^^^^^^^^^^^^^^^^^^^^^^^^^^^^^^^^^^^^^^^^^^^^^,
      ,
      },
      stack_traces = {,
        File "/scratch/specforge-torchtitan-20261003/first-update-source-candidate1/specforge/modeling/draft/dflash2.py", line 237, in forward,
          hidden_states = self.self_attn(,
                          ^^^^^^^^^^^^^^^,
        File "/scratch/specforge-torchtitan-20261003/first-update-source-candidate1/specforge/modeling/draft/dflash.py", line 279, in forward,
          q, k, v = self._compute_qkv(hidden_states, target_hidden, position_embeddings),
                    ^^^^^^^^^^^^^^^^^^^^^^^^^^^^^^^^^^^^^^^^^^^^^^^^^^^^^^^^^^^^^^^^^^^^,
        File "/scratch/specforge-torchtitan-20261003/first-update-source-candidate1/specforge/modeling/draft/dflash.py", line 388, in _compute_qkv,
          k = self.k_norm(k).transpose(1, 2),
              ^^^^^^^^^^^^^^^^^^^^^^^^^^^^^^,
        File "/scratch/specforge-torchtitan-20261003/venv/lib/python3.12/site-packages/transformers/models/qwen3/modeling_qwen3.py", line 61, in forward,
          hidden_states = hidden_states.to(torch.float32),
                          ^^^^^^^^^^^^^^^^^^^^^^^^^^^^^^^,
      ,
      },
      stack_traces = {,
        File "/scratch/specforge-torchtitan-20261003/first-update-source-candidate1/specforge/modeling/draft/dflash2.py", line 237, in forward,
          hidden_states = self.self_attn(,
                          ^^^^^^^^^^^^^^^,
        File "/scratch/specforge-torchtitan-20261003/first-update-source-candidate1/specforge/modeling/draft/dflash.py", line 279, in forward,
          q, k, v = self._compute_qkv(hidden_states, target_hidden, position_embeddings),
                    ^^^^^^^^^^^^^^^^^^^^^^^^^^^^^^^^^^^^^^^^^^^^^^^^^^^^^^^^^^^^^^^^^^^^,
        File "/scratch/specforge-torchtitan-20261003/first-update-source-candidate1/specforge/modeling/draft/dflash.py", line 382, in _compute_qkv,
          k = torch.cat([k_ctx, k_noise], dim=1).view(,
              ^^^^^^^^^^^^^^^^^^^^^^^^^^^^^^^^^^^^^^^^,
      ,
      },
      stack_traces = {,
        File "/scratch/specforge-torchtitan-20261003/first-update-source-candidate1/specforge/modeling/draft/dflash2.py", line 237, in forward,
          hidden_states = self.self_attn(,
                          ^^^^^^^^^^^^^^^,
        File "/scratch/specforge-torchtitan-20261003/first-update-source-candidate1/specforge/modeling/draft/dflash.py", line 279, in forward,
          q, k, v = self._compute_qkv(hidden_states, target_hidden, position_embeddings),
                    ^^^^^^^^^^^^^^^^^^^^^^^^^^^^^^^^^^^^^^^^^^^^^^^^^^^^^^^^^^^^^^^^^^^^,
        File "/scratch/specforge-torchtitan-20261003/first-update-source-candidate1/specforge/modeling/draft/dflash.py", line 391, in _compute_qkv,
          q, k = apply_rotary_pos_emb(q, k, cos, sin),
                 ^^^^^^^^^^^^^^^^^^^^^^^^^^^^^^^^^^^^,
        File "/scratch/specforge-torchtitan-20261003/first-update-source-candidate1/specforge/modeling/draft/dflash.py", line 169, in apply_rotary_pos_emb,
          cos = cos.unsqueeze(unsqueeze_dim),
                ^^^^^^^^^^^^^^^^^^^^^^^^^^^^,
      ,
      },
      stack_traces = {,
        File "/scratch/specforge-torchtitan-20261003/first-update-source-candidate1/specforge/modeling/draft/dflash2.py", line 237, in forward,
          hidden_states = self.self_attn(,
                          ^^^^^^^^^^^^^^^,
        File "/scratch/specforge-torchtitan-20261003/first-update-source-candidate1/specforge/modeling/draft/dflash.py", line 279, in forward,
          q, k, v = self._compute_qkv(hidden_states, target_hidden, position_embeddings),
                    ^^^^^^^^^^^^^^^^^^^^^^^^^^^^^^^^^^^^^^^^^^^^^^^^^^^^^^^^^^^^^^^^^^^^,
        File "/scratch/specforge-torchtitan-20261003/first-update-source-candidate1/specforge/modeling/draft/dflash.py", line 391, in _compute_qkv,
          q, k = apply_rotary_pos_emb(q, k, cos, sin),
                 ^^^^^^^^^^^^^^^^^^^^^^^^^^^^^^^^^^^^,
        File "/scratch/specforge-torchtitan-20261003/first-update-source-candidate1/specforge/modeling/draft/dflash.py", line 173, in apply_rotary_pos_emb,
          k_embed = (k * cos) + (rotate_half(k) * sin),
                                 ^^^^^^^^^^^^^^^^^^^^^,
      ,
      },
      stack_traces = {,
        File "/scratch/specforge-torchtitan-20261003/first-update-source-candidate1/specforge/modeling/draft/dflash2.py", line 237, in forward,
          hidden_states = self.self_attn(,
                          ^^^^^^^^^^^^^^^,
        File "/scratch/specforge-torchtitan-20261003/first-update-source-candidate1/specforge/modeling/draft/dflash.py", line 279, in forward,
          q, k, v = self._compute_qkv(hidden_states, target_hidden, position_embeddings),
                    ^^^^^^^^^^^^^^^^^^^^^^^^^^^^^^^^^^^^^^^^^^^^^^^^^^^^^^^^^^^^^^^^^^^^,
        File "/scratch/specforge-torchtitan-20261003/first-update-source-candidate1/specforge/modeling/draft/dflash.py", line 391, in _compute_qkv,
          q, k = apply_rotary_pos_emb(q, k, cos, sin),
                 ^^^^^^^^^^^^^^^^^^^^^^^^^^^^^^^^^^^^,
        File "/scratch/specforge-torchtitan-20261003/first-update-source-candidate1/specforge/modeling/draft/dflash.py", line 170, in apply_rotary_pos_emb,
          sin = sin.unsqueeze(unsqueeze_dim),
                ^^^^^^^^^^^^^^^^^^^^^^^^^^^^,
      ,
      }
    ), _split_size=None, _original_inner_fn=None, _original_ranges=None, _original_reduction_ranges=None)
  ))
  args[2]: TensorBox(
    ReinterpretView(
      StorageBox(
        ComputedBuffer(name='buf16', layout=FixedLayout('cuda:0', torch.bfloat16, size=[1, 160, 16], stride=[2560, 16, 1]), data=Pointwise(
          'cuda',
          torch.bfloat16,
          def inner_fn(index):
              _, i1, i2 = index
              tmp0 = ops.index_expr(i1, torch.int64)
              tmp1 = ops.constant(0, torch.int64)
              tmp2 = ops.index_expr(128, torch.int64)
              tmp3 = tmp0 >= tmp1
              tmp4 = tmp0 < tmp2
              tmp5 = ops.load(buf11, i2 + 16 * Identity(i1))
              tmp6 = ops.masked(tmp4, tmp5, 0.0)
              tmp7 = ops.index_expr(128, torch.int64)
              tmp8 = ops.index_expr(160, torch.int64)
              tmp9 = tmp0 >= tmp7
              tmp10 = tmp0 < tmp8
              tmp11 = ops.load(buf12, i2 + 16 * Identity(-128 + i1))
              tmp12 = ops.masked(tmp9, tmp11, 0.0)
              tmp13 = ops.where(tmp4, tmp6, tmp12)
              return tmp13
          ,
          ranges=[1, 160, 16],
          origin_node=cat_1,
          origins=OrderedSet([cat_1, view_19, view_23]),
          stack_traces = {,
            File "/scratch/specforge-torchtitan-20261003/first-update-source-candidate1/specforge/modeling/draft/dflash2.py", line 237, in forward,
              hidden_states = self.self_attn(,
                              ^^^^^^^^^^^^^^^,
            File "/scratch/specforge-torchtitan-20261003/first-update-source-candidate1/specforge/modeling/draft/dflash.py", line 279, in forward,
              q, k, v = self._compute_qkv(hidden_states, target_hidden, position_embeddings),
                        ^^^^^^^^^^^^^^^^^^^^^^^^^^^^^^^^^^^^^^^^^^^^^^^^^^^^^^^^^^^^^^^^^^^^,
            File "/scratch/specforge-torchtitan-20261003/first-update-source-candidate1/specforge/modeling/draft/dflash.py", line 385, in _compute_qkv,
              v = torch.cat([v_ctx, v_noise], dim=1).view(,
                  ^^^^^^^^^^^^^^^^^^^^^^^^^^^^^^^^^^^^^^^^,
          ,
          },
          stack_traces = {,
            File "/scratch/specforge-torchtitan-20261003/first-update-source-candidate1/specforge/modeling/draft/dflash2.py", line 237, in forward,
              hidden_states = self.self_attn(,
                              ^^^^^^^^^^^^^^^,
            File "/scratch/specforge-torchtitan-20261003/first-update-source-candidate1/specforge/modeling/draft/dflash.py", line 279, in forward,
              q, k, v = self._compute_qkv(hidden_states, target_hidden, position_embeddings),
                        ^^^^^^^^^^^^^^^^^^^^^^^^^^^^^^^^^^^^^^^^^^^^^^^^^^^^^^^^^^^^^^^^^^^^,
            File "/scratch/specforge-torchtitan-20261003/first-update-source-candidate1/specforge/modeling/draft/dflash.py", line 380, in _compute_qkv,
              v_ctx = self.v_proj(target_hidden),
                      ^^^^^^^^^^^^^^^^^^^^^^^^^^,
          ,
          },
          stack_traces = {,
            File "/scratch/specforge-torchtitan-20261003/first-update-source-candidate1/specforge/modeling/draft/dflash2.py", line 237, in forward,
              hidden_states = self.self_attn(,
                              ^^^^^^^^^^^^^^^,
            File "/scratch/specforge-torchtitan-20261003/first-update-source-candidate1/specforge/modeling/draft/dflash.py", line 279, in forward,
              q, k, v = self._compute_qkv(hidden_states, target_hidden, position_embeddings),
                        ^^^^^^^^^^^^^^^^^^^^^^^^^^^^^^^^^^^^^^^^^^^^^^^^^^^^^^^^^^^^^^^^^^^^,
            File "/scratch/specforge-torchtitan-20261003/first-update-source-candidate1/specforge/modeling/draft/dflash.py", line 381, in _compute_qkv,
              v_noise = self.v_proj(hidden_states),
                        ^^^^^^^^^^^^^^^^^^^^^^^^^^,
          ,
          }
        ), _split_size=None, _original_inner_fn=None, _original_ranges=None, _original_reduction_ranges=None)
      ),
      FixedLayout('cuda:0', torch.bfloat16, size=[1, 2, 160, 8], stride=[0, 8, 16, 1]),
      origins=OrderedSet([permute_8, view_25, cat_1, view_19, view_...,
      stack_traces = {,
        File "/scratch/specforge-torchtitan-20261003/first-update-source-candidate1/specforge/modeling/draft/dflash2.py", line 237, in forward,
          hidden_states = self.self_attn(,
                          ^^^^^^^^^^^^^^^,
        File "/scratch/specforge-torchtitan-20261003/first-update-source-candidate1/specforge/modeling/draft/dflash.py", line 279, in forward,
          q, k, v = self._compute_qkv(hidden_states, target_hidden, position_embeddings),
                    ^^^^^^^^^^^^^^^^^^^^^^^^^^^^^^^^^^^^^^^^^^^^^^^^^^^^^^^^^^^^^^^^^^^^,
        File "/scratch/specforge-torchtitan-20261003/first-update-source-candidate1/specforge/modeling/draft/dflash.py", line 389, in _compute_qkv,
          v = v.transpose(1, 2),
              ^^^^^^^^^^^^^^^^^,
      ,
      },
      stack_traces = {,
        File "/scratch/specforge-torchtitan-20261003/first-update-source-candidate1/specforge/modeling/draft/dflash2.py", line 237, in forward,
          hidden_states = self.self_attn(,
                          ^^^^^^^^^^^^^^^,
        File "/scratch/specforge-torchtitan-20261003/first-update-source-candidate1/specforge/modeling/draft/dflash.py", line 279, in forward,
          q, k, v = self._compute_qkv(hidden_states, target_hidden, position_embeddings),
                    ^^^^^^^^^^^^^^^^^^^^^^^^^^^^^^^^^^^^^^^^^^^^^^^^^^^^^^^^^^^^^^^^^^^^,
        File "/scratch/specforge-torchtitan-20261003/first-update-source-candidate1/specforge/modeling/draft/dflash.py", line 385, in _compute_qkv,
          v = torch.cat([v_ctx, v_noise], dim=1).view(,
              ^^^^^^^^^^^^^^^^^^^^^^^^^^^^^^^^^^^^^^^^,
      ,
      },
      stack_traces = {,
        File "/scratch/specforge-torchtitan-20261003/first-update-source-candidate1/specforge/modeling/draft/dflash2.py", line 237, in forward,
          hidden_states = self.self_attn(,
                          ^^^^^^^^^^^^^^^,
        File "/scratch/specforge-torchtitan-20261003/first-update-source-candidate1/specforge/modeling/draft/dflash.py", line 279, in forward,
          q, k, v = self._compute_qkv(hidden_states, target_hidden, position_embeddings),
                    ^^^^^^^^^^^^^^^^^^^^^^^^^^^^^^^^^^^^^^^^^^^^^^^^^^^^^^^^^^^^^^^^^^^^,
        File "/scratch/specforge-torchtitan-20261003/first-update-source-candidate1/specforge/modeling/draft/dflash.py", line 380, in _compute_qkv,
          v_ctx = self.v_proj(target_hidden),
                  ^^^^^^^^^^^^^^^^^^^^^^^^^^,
      ,
      },
      stack_traces = {,
        File "/scratch/specforge-torchtitan-20261003/first-update-source-candidate1/specforge/modeling/draft/dflash2.py", line 237, in forward,
          hidden_states = self.self_attn(,
                          ^^^^^^^^^^^^^^^,
        File "/scratch/specforge-torchtitan-20261003/first-update-source-candidate1/specforge/modeling/draft/dflash.py", line 279, in forward,
          q, k, v = self._compute_qkv(hidden_states, target_hidden, position_embeddings),
                    ^^^^^^^^^^^^^^^^^^^^^^^^^^^^^^^^^^^^^^^^^^^^^^^^^^^^^^^^^^^^^^^^^^^^,
        File "/scratch/specforge-torchtitan-20261003/first-update-source-candidate1/specforge/modeling/draft/dflash.py", line 381, in _compute_qkv,
          v_noise = self.v_proj(hidden_states),
                    ^^^^^^^^^^^^^^^^^^^^^^^^^^,
      ,
      }
    )
  )
  args[3]: Subgraph(name='sdpa_score0', graph_module=<lambda>(), inductor_config_patches=None, graph=None)
  args[4]: (32, 160, TensorBox(StorageBox(
    InputBuffer(name='primals_14', layout=FixedLayout('cuda:0', torch.int32, size=[1, 1, 1], stride=[1, 1, 1]))
  )), TensorBox(StorageBox(
    InputBuffer(name='primals_13', layout=FixedLayout('cuda:0', torch.int32, size=[1, 1, 1, 2], stride=[2, 2, 2, 1]))
  )), TensorBox(StorageBox(
    InputBuffer(name='primals_17', layout=FixedLayout('cuda:0', torch.int32, size=[1, 1, 1], stride=[1, 1, 1]))
  )), TensorBox(StorageBox(
    InputBuffer(name='primals_18', layout=FixedLayout('cuda:0', torch.int32, size=[1, 1, 1, 2], stride=[2, 2, 2, 1]))
  )), TensorBox(StorageBox(
    InputBuffer(name='primals_19', layout=FixedLayout('cuda:0', torch.int32, size=[1, 1, 2], stride=[2, 2, 1]))
  )), TensorBox(StorageBox(
    InputBuffer(name='primals_20', layout=FixedLayout('cuda:0', torch.int32, size=[1, 1, 2, 1], stride=[2, 2, 1, 1]))
  )), TensorBox(StorageBox(
    InputBuffer(name='primals_21', layout=FixedLayout('cuda:0', torch.int32, size=[1, 1, 2], stride=[2, 2, 1]))
  )), TensorBox(StorageBox(
    InputBuffer(name='primals_22', layout=FixedLayout('cuda:0', torch.int32, size=[1, 1, 2, 1], stride=[2, 2, 1, 1]))
  )), None, None, None, None, 128, 128, Subgraph(name='sdpa_mask0', graph_module=<lambda>(), inductor_config_patches=None, graph=None))
  args[5]: 0.3535533905932738
  args[6]: {'BACKEND': 'TRITON', 'PRESCALE_QK': False, 'ROWS_GUARANTEED_SAFE': False, 'BLOCKS_ARE_CONTIGUOUS': False, 'WRITE_DQ': True, 'OUTPUT_LOGSUMEXP': True, 'OUTPUT_MAX': False}
  args[7]: ()
  args[8]: (TensorBox(StorageBox(
    InputBuffer(name='primals_15', layout=FixedLayout('cuda:0', torch.int64, size=[1, 8], stride=[8, 1]))
  )), TensorBox(StorageBox(
    InputBuffer(name='primals_16', layout=FixedLayout('cuda:0', torch.bool, size=[1, 8], stride=[8, 1]))
  )))
Found from : 
   File "/scratch/specforge-torchtitan-20261003/first-update-source-candidate1/specforge/modeling/draft/dflash2.py", line 237, in forward
    hidden_states = self.self_attn(
                    ^^^^^^^^^^^^^^^
  File "/scratch/specforge-torchtitan-20261003/first-update-source-candidate1/specforge/modeling/draft/dflash.py", line 291, in forward
    attn_output = compile_friendly_flex_attention(
                  ^^^^^^^^^^^^^^^^^^^^^^^^^^^^^^^^
  File "/scratch/specforge-torchtitan-20261003/venv/lib/python3.12/site-packages/transformers/integrations/flex_attention.py", line 124, in compile_friendly_flex_attention
    return flex_attention_compiled(
           ^^^^^^^^^^^^^^^^^^^^^^^^
  File "/scratch/specforge-torchtitan-20261003/venv/lib/python3.12/site-packages/torch/nn/attention/flex_attention.py", line 2577, in flex_attention
    out, lse, max_scores = flex_attention_hop(
                           ^^^^^^^^^^^^^^^^^^^


Set TORCHDYNAMO_VERBOSE=1 for the internal stack trace (please do this especially if you're reporting a bug to PyTorch). For even more developer context, set TORCH_LOGS="+dynamo"

[rank1]: Traceback (most recent call last):
[rank1]:   File "/scratch/specforge-torchtitan-20261003/collect_titan_first_updates.py", line 111, in <module>
[rank1]:     benchmark.main()
[rank1]:   File "/scratch/specforge-torchtitan-20261003/first-update-driver-candidate1/scripts/benchmark_training_backends.py", line 544, in main
[rank1]:     train()
[rank1]:   File "/scratch/specforge-torchtitan-20261003/venv/lib/python3.12/site-packages/torch/distributed/elastic/multiprocessing/errors/__init__.py", line 380, in wrapper
[rank1]:     return f(*args, **kwargs)
[rank1]:            ^^^^^^^^^^^^^^^^^^
[rank1]:   File "/scratch/specforge-torchtitan-20261003/venv/lib/python3.12/site-packages/torchtitan/trainer.py", line 1039, in train
[rank1]:     self.train_step(data_iterator)
[rank1]:   File "/scratch/specforge-torchtitan-20261003/first-update-driver-candidate1/scripts/benchmark_training_backends.py", line 418, in train_step
[rank1]:     super().train_step(data_iterator)
[rank1]:   File "/scratch/specforge-torchtitan-20261003/first-update-source-candidate1/specforge/training/torchtitan/runtime.py", line 190, in train_step
[rank1]:     return super().train_step(data_iterator)
[rank1]:            ^^^^^^^^^^^^^^^^^^^^^^^^^^^^^^^^^
[rank1]:   File "/scratch/specforge-torchtitan-20261003/venv/lib/python3.12/site-packages/torchtitan/trainer.py", line 925, in train_step
[rank1]:     loss = self.forward_backward_step(
[rank1]:            ^^^^^^^^^^^^^^^^^^^^^^^^^^^
[rank1]:   File "/scratch/specforge-torchtitan-20261003/first-update-driver-candidate1/scripts/benchmark_training_backends.py", line 408, in forward_backward_step
[rank1]:     loss = super().forward_backward_step(**kwargs)
[rank1]:            ^^^^^^^^^^^^^^^^^^^^^^^^^^^^^^^^^^^^^^^
[rank1]:   File "/scratch/specforge-torchtitan-20261003/venv/lib/python3.12/site-packages/torchtitan/observability/structured_logger/structured_logging.py", line 429, in sync_wrapper
[rank1]:     return func(*args, **kwargs)
[rank1]:            ^^^^^^^^^^^^^^^^^^^^^
[rank1]:   File "/scratch/specforge-torchtitan-20261003/venv/lib/python3.12/site-packages/torchtitan/trainer.py", line 804, in forward_backward_step
[rank1]:     return self.fwd_bwd_fn(inputs, labels, global_valid_tokens, extra_kwargs)
[rank1]:            ^^^^^^^^^^^^^^^^^^^^^^^^^^^^^^^^^^^^^^^^^^^^^^^^^^^^^^^^^^^^^^^^^^
[rank1]:   File "/scratch/specforge-torchtitan-20261003/venv/lib/python3.12/site-packages/torchtitan/distributed/cudagraph.py", line 403, in run
[rank1]:     return graph_wrapper(
[rank1]:            ^^^^^^^^^^^^^^
[rank1]:   File "/scratch/specforge-torchtitan-20261003/venv/lib/python3.12/site-packages/torchtitan/distributed/cudagraph.py", line 300, in __call__
[rank1]:     output = self._fn(*args)
[rank1]:              ^^^^^^^^^^^^^^^
[rank1]:   File "/scratch/specforge-torchtitan-20261003/venv/lib/python3.12/site-packages/torchtitan/distributed/cudagraph.py", line 381, in flat_fwd_bwd
[rank1]:     return fwd_bwd_fn(
[rank1]:            ^^^^^^^^^^^
[rank1]:   File "/scratch/specforge-torchtitan-20261003/venv/lib/python3.12/site-packages/torchtitan/trainer.py", line 814, in _forward_backward_body
[rank1]:     pred = self.model_parts[0](inputs, **extra_kwargs)
[rank1]:            ^^^^^^^^^^^^^^^^^^^^^^^^^^^^^^^^^^^^^^^^^^^
[rank1]:   File "/scratch/specforge-torchtitan-20261003/venv/lib/python3.12/site-packages/torch/nn/modules/module.py", line 1783, in _wrapped_call_impl
[rank1]:     return self._call_impl(*args, **kwargs)
[rank1]:            ^^^^^^^^^^^^^^^^^^^^^^^^^^^^^^^^
[rank1]:   File "/scratch/specforge-torchtitan-20261003/venv/lib/python3.12/site-packages/torch/nn/modules/module.py", line 1794, in _call_impl
[rank1]:     return forward_call(*args, **kwargs)
[rank1]:            ^^^^^^^^^^^^^^^^^^^^^^^^^^^^^
[rank1]:   File "/scratch/specforge-torchtitan-20261003/first-update-source-candidate1/specforge/training/torchtitan/model.py", line 241, in forward
[rank1]:     loss, accuracy, metrics = self.training_model(input_ids=input_ids, **kwargs)
[rank1]:                               ^^^^^^^^^^^^^^^^^^^^^^^^^^^^^^^^^^^^^^^^^^^^^^^^^^
[rank1]:   File "/scratch/specforge-torchtitan-20261003/venv/lib/python3.12/site-packages/torch/nn/modules/module.py", line 1783, in _wrapped_call_impl
[rank1]:     return self._call_impl(*args, **kwargs)
[rank1]:            ^^^^^^^^^^^^^^^^^^^^^^^^^^^^^^^^
[rank1]:   File "/scratch/specforge-torchtitan-20261003/venv/lib/python3.12/site-packages/torch/nn/modules/module.py", line 1794, in _call_impl
[rank1]:     return forward_call(*args, **kwargs)
[rank1]:            ^^^^^^^^^^^^^^^^^^^^^^^^^^^^^
[rank1]:   File "/scratch/specforge-torchtitan-20261003/first-update-source-candidate1/specforge/algorithms/common/dflash_family_model.py", line 1575, in forward
[rank1]:     self._forward_draft_blocks(
[rank1]:   File "/scratch/specforge-torchtitan-20261003/first-update-source-candidate1/specforge/algorithms/common/dflash_family_model.py", line 783, in _forward_draft_blocks
[rank1]:     output_hidden = self.draft_model(
[rank1]:                     ^^^^^^^^^^^^^^^^^
[rank1]:   File "/scratch/specforge-torchtitan-20261003/venv/lib/python3.12/site-packages/torch/nn/modules/module.py", line 1783, in _wrapped_call_impl
[rank1]:     return self._call_impl(*args, **kwargs)
[rank1]:            ^^^^^^^^^^^^^^^^^^^^^^^^^^^^^^^^
[rank1]:   File "/scratch/specforge-torchtitan-20261003/venv/lib/python3.12/site-packages/torch/nn/modules/module.py", line 1889, in _call_impl
[rank1]:     return inner()
[rank1]:            ^^^^^^^
[rank1]:   File "/scratch/specforge-torchtitan-20261003/venv/lib/python3.12/site-packages/torch/nn/modules/module.py", line 1837, in inner
[rank1]:     result = forward_call(*args, **kwargs)
[rank1]:              ^^^^^^^^^^^^^^^^^^^^^^^^^^^^^
[rank1]:   File "/scratch/specforge-torchtitan-20261003/first-update-source-candidate1/specforge/modeling/draft/dflash.py", line 807, in forward
[rank1]:     hidden_states = layer(
[rank1]:                     ^^^^^^
[rank1]:   File "/scratch/specforge-torchtitan-20261003/venv/lib/python3.12/site-packages/transformers/modeling_layers.py", line 93, in __call__
[rank1]:     return super().__call__(*args, **kwargs)
[rank1]:            ^^^^^^^^^^^^^^^^^^^^^^^^^^^^^^^^^
[rank1]:   File "/scratch/specforge-torchtitan-20261003/venv/lib/python3.12/site-packages/torch/nn/modules/module.py", line 1781, in _wrapped_call_impl
[rank1]:     return self._compiled_call_impl(*args, **kwargs)  # type: ignore[misc]
[rank1]:            ^^^^^^^^^^^^^^^^^^^^^^^^^^^^^^^^^^^^^^^^^
[rank1]:   File "/scratch/specforge-torchtitan-20261003/venv/lib/python3.12/site-packages/torch/_dynamo/eval_frame.py", line 1278, in compile_wrapper
[rank1]:     raise e.remove_dynamo_frames() from None  # see TORCHDYNAMO_VERBOSE=1
[rank1]:     ^^^^^^^^^^^^^^^^^^^^^^^^^^^^^^^^^^^^^^^^
[rank1]:   File "/scratch/specforge-torchtitan-20261003/venv/lib/python3.12/site-packages/torch/_inductor/compile_fx.py", line 1192, in _compile_fx_inner
[rank1]:     raise InductorError(e, currentframe()).with_traceback(
[rank1]:   File "/scratch/specforge-torchtitan-20261003/venv/lib/python3.12/site-packages/torch/_inductor/compile_fx.py", line 1169, in _compile_fx_inner
[rank1]:     mb_compiled_graph = fx_codegen_and_compile(
[rank1]:                         ^^^^^^^^^^^^^^^^^^^^^^^
[rank1]:   File "/scratch/specforge-torchtitan-20261003/venv/lib/python3.12/site-packages/torch/_inductor/compile_fx.py", line 2001, in fx_codegen_and_compile
[rank1]:     return scheme.codegen_and_compile(gm, example_inputs, inputs_to_check, graph_kwargs)
[rank1]:            ^^^^^^^^^^^^^^^^^^^^^^^^^^^^^^^^^^^^^^^^^^^^^^^^^^^^^^^^^^^^^^^^^^^^^^^^^^^^^
[rank1]:   File "/scratch/specforge-torchtitan-20261003/venv/lib/python3.12/site-packages/torch/_inductor/compile_fx.py", line 1660, in codegen_and_compile
[rank1]:     graph.run(*example_inputs)
[rank1]:   File "/scratch/specforge-torchtitan-20261003/venv/lib/python3.12/site-packages/torch/_inductor/graph.py", line 1135, in run
[rank1]:     return super().run(*args)
[rank1]:            ^^^^^^^^^^^^^^^^^^
[rank1]:   File "/scratch/specforge-torchtitan-20261003/venv/lib/python3.12/site-packages/torch/fx/interpreter.py", line 197, in run
[rank1]:     self.env[node] = self.run_node(node)
[rank1]:                      ^^^^^^^^^^^^^^^^^^^
[rank1]:   File "/scratch/specforge-torchtitan-20261003/venv/lib/python3.12/site-packages/torch/_inductor/graph.py", line 2062, in run_node
[rank1]:     result = super().run_node(n)
[rank1]:              ^^^^^^^^^^^^^^^^^^^
[rank1]:   File "/scratch/specforge-torchtitan-20261003/venv/lib/python3.12/site-packages/torch/fx/interpreter.py", line 294, in run_node
[rank1]:     return getattr(self, n.op)(n.target, args, kwargs)
[rank1]:            ^^^^^^^^^^^^^^^^^^^^^^^^^^^^^^^^^^^^^^^^^^^
[rank1]:   File "/scratch/specforge-torchtitan-20261003/venv/lib/python3.12/site-packages/torch/_inductor/graph.py", line 1567, in call_function
[rank1]:     raise LoweringException(
[rank1]:   File "/scratch/specforge-torchtitan-20261003/venv/lib/python3.12/site-packages/torch/_inductor/graph.py", line 1544, in call_function
[rank1]:     out = lowerings[target](*args, **kwargs)
[rank1]:           ^^^^^^^^^^^^^^^^^^^^^^^^^^^^^^^^^^
[rank1]:   File "/scratch/specforge-torchtitan-20261003/venv/lib/python3.12/site-packages/torch/_inductor/lowering.py", line 525, in wrapped
[rank1]:     out = decomp_fn(*args, **kwargs)
[rank1]:           ^^^^^^^^^^^^^^^^^^^^^^^^^^
[rank1]:   File "/scratch/specforge-torchtitan-20261003/venv/lib/python3.12/site-packages/torch/_inductor/kernel/flex/flex_attention.py", line 205, in flex_attention
[rank1]:     raise NotImplementedError(
[rank1]: torch._inductor.exc.InductorError: LoweringException: NotImplementedError: NYI: embedding dimension of the query, key, and value must be at least 16 but got E=8 and Ev=8
[rank1]:   target: flex_attention
[rank1]:   args[0]: TensorBox(StorageBox(
[rank1]:     ComputedBuffer(name='buf18', layout=FixedLayout('cuda:1', torch.bfloat16, size=[1, 4, 32, 8], stride=[1024, 8, 32, 1]), data=Pointwise(
[rank1]:       'cuda',
[rank1]:       torch.bfloat16,
[rank1]:       def inner_fn(index):
[rank1]:           _, i1, i2, i3 = index
[rank1]:           tmp0 = ops.load(primals_7, i3)
[rank1]:           tmp1 = ops.to_dtype(tmp0, torch.bfloat16, use_compute_types=False)
[rank1]:           tmp2 = ops.to_dtype(tmp1, torch.bfloat16)
[rank1]:           tmp3 = ops.load(buf6, i3 + 8 * i1 + 32 * i2)
[rank1]:           tmp4 = ops.to_dtype(tmp3, torch.bfloat16, use_compute_types=False)
[rank1]:           tmp5 = ops.to_dtype(tmp4, torch.bfloat16)
[rank1]:           tmp6 = ops.to_dtype(tmp5, torch.float32, src_dtype=torch.bfloat16, use_compute_types=False)
[rank1]:           tmp7 = ops.load(buf8, i1 + 4 * i2)
[rank1]:           tmp8 = tmp6 * tmp7
[rank1]:           tmp9 = ops.to_dtype(tmp8, torch.bfloat16, src_dtype=torch.float32, use_compute_types=False)
[rank1]:           tmp10 = ops.to_dtype(tmp9, torch.bfloat16)
[rank1]:           tmp11 = ops.to_dtype(tmp10, torch.bfloat16, use_compute_types=False)
[rank1]:           tmp12 = ops.to_dtype(tmp11, torch.bfloat16)
[rank1]:           tmp13 = ops.to_dtype(tmp12, torch.bfloat16, use_compute_types=False)
[rank1]:           tmp14 = ops.to_dtype(tmp13, torch.bfloat16)
[rank1]:           tmp15 = tmp2 * tmp14
[rank1]:           tmp16 = ops.to_dtype(tmp15, torch.bfloat16, use_compute_types=False)
[rank1]:           tmp17 = ops.to_dtype(tmp16, torch.bfloat16)
[rank1]:           tmp18 = ops.to_dtype(tmp17, torch.bfloat16, use_compute_types=False)
[rank1]:           tmp19 = ops.to_dtype(tmp18, torch.bfloat16)
[rank1]:           tmp20 = ops.load(primals_11, 1024 + i3 + 8 * i2)
[rank1]:           tmp21 = ops.to_dtype(tmp20, torch.bfloat16, use_compute_types=False)
[rank1]:           tmp22 = ops.to_dtype(tmp21, torch.bfloat16)
[rank1]:           tmp23 = tmp19 * tmp22
[rank1]:           tmp24 = ops.to_dtype(tmp23, torch.bfloat16, use_compute_types=False)
[rank1]:           tmp25 = ops.to_dtype(tmp24, torch.bfloat16)
[rank1]:           tmp26 = ops.to_dtype(tmp25, torch.bfloat16, use_compute_types=False)
[rank1]:           tmp27 = ops.to_dtype(tmp26, torch.bfloat16)
[rank1]:           tmp28 = ops.load(buf17, i3 + 8 * i2 + 256 * i1)
[rank1]:           tmp29 = ops.to_dtype(tmp28, torch.bfloat16, use_compute_types=False)
[rank1]:           tmp30 = ops.to_dtype(tmp29, torch.bfloat16)
[rank1]:           tmp31 = ops.load(primals_12, 1024 + i3 + 8 * i2)
[rank1]:           tmp32 = ops.to_dtype(tmp31, torch.bfloat16, use_compute_types=False)
[rank1]:           tmp33 = ops.to_dtype(tmp32, torch.bfloat16)
[rank1]:           tmp34 = tmp30 * tmp33
[rank1]:           tmp35 = ops.to_dtype(tmp34, torch.bfloat16, use_compute_types=False)
[rank1]:           tmp36 = ops.to_dtype(tmp35, torch.bfloat16)
[rank1]:           tmp37 = ops.to_dtype(tmp36, torch.bfloat16, use_compute_types=False)
[rank1]:           tmp38 = ops.to_dtype(tmp37, torch.bfloat16)
[rank1]:           tmp39 = tmp27 + tmp38
[rank1]:           tmp40 = ops.to_dtype(tmp39, torch.bfloat16, use_compute_types=False)
[rank1]:           tmp41 = ops.to_dtype(tmp40, torch.bfloat16)
[rank1]:           return tmp41
[rank1]:       ,
[rank1]:       ranges=[1, 4, 32, 8],
[rank1]:       origin_node=add_3,
[rank1]:       origins=OrderedSet([add_3, mul_6, permute_2, mul_3, convert_e...,
[rank1]:       stack_traces = {,
[rank1]:         File "/scratch/specforge-torchtitan-20261003/first-update-source-candidate1/specforge/modeling/draft/dflash2.py", line 237, in forward,
[rank1]:           hidden_states = self.self_attn(,
[rank1]:                           ^^^^^^^^^^^^^^^,
[rank1]:         File "/scratch/specforge-torchtitan-20261003/first-update-source-candidate1/specforge/modeling/draft/dflash.py", line 279, in forward,
[rank1]:           q, k, v = self._compute_qkv(hidden_states, target_hidden, position_embeddings),
[rank1]:                     ^^^^^^^^^^^^^^^^^^^^^^^^^^^^^^^^^^^^^^^^^^^^^^^^^^^^^^^^^^^^^^^^^^^^,
[rank1]:         File "/scratch/specforge-torchtitan-20261003/first-update-source-candidate1/specforge/modeling/draft/dflash.py", line 391, in _compute_qkv,
[rank1]:           q, k = apply_rotary_pos_emb(q, k, cos, sin),
[rank1]:                  ^^^^^^^^^^^^^^^^^^^^^^^^^^^^^^^^^^^^,
[rank1]:         File "/scratch/specforge-torchtitan-20261003/first-update-source-candidate1/specforge/modeling/draft/dflash.py", line 172, in apply_rotary_pos_emb,
[rank1]:           q_embed = (q * cos[..., -q_len:, :]) + (rotate_half(q) * sin[..., -q_len:, :]),
[rank1]:                     ^^^^^^^^^^^^^^^^^^^^^^^^^^^^^^^^^^^^^^^^^^^^^^^^^^^^^^^^^^^^^^^^^^^^,
[rank1]:       ,
[rank1]:       },
[rank1]:       stack_traces = {,
[rank1]:         File "/scratch/specforge-torchtitan-20261003/first-update-source-candidate1/specforge/modeling/draft/dflash2.py", line 237, in forward,
[rank1]:           hidden_states = self.self_attn(,
[rank1]:                           ^^^^^^^^^^^^^^^,
[rank1]:         File "/scratch/specforge-torchtitan-20261003/first-update-source-candidate1/specforge/modeling/draft/dflash.py", line 279, in forward,
[rank1]:           q, k, v = self._compute_qkv(hidden_states, target_hidden, position_embeddings),
[rank1]:                     ^^^^^^^^^^^^^^^^^^^^^^^^^^^^^^^^^^^^^^^^^^^^^^^^^^^^^^^^^^^^^^^^^^^^,
[rank1]:         File "/scratch/specforge-torchtitan-20261003/first-update-source-candidate1/specforge/modeling/draft/dflash.py", line 391, in _compute_qkv,
[rank1]:           q, k = apply_rotary_pos_emb(q, k, cos, sin),
[rank1]:                  ^^^^^^^^^^^^^^^^^^^^^^^^^^^^^^^^^^^^,
[rank1]:         File "/scratch/specforge-torchtitan-20261003/first-update-source-candidate1/specforge/modeling/draft/dflash.py", line 172, in apply_rotary_pos_emb,
[rank1]:           q_embed = (q * cos[..., -q_len:, :]) + (rotate_half(q) * sin[..., -q_len:, :]),
[rank1]:                      ^^^^^^^^^^^^^^^^^^^^^^^^^^^^^^^^^^^^^^^^^^^^^^^^^^^^^^^^^^^^^^^^^^^,
[rank1]:       ,
[rank1]:       },
[rank1]:       stack_traces = {,
[rank1]:         File "/scratch/specforge-torchtitan-20261003/first-update-source-candidate1/specforge/modeling/draft/dflash2.py", line 237, in forward,
[rank1]:           hidden_states = self.self_attn(,
[rank1]:                           ^^^^^^^^^^^^^^^,
[rank1]:         File "/scratch/specforge-torchtitan-20261003/first-update-source-candidate1/specforge/modeling/draft/dflash.py", line 279, in forward,
[rank1]:           q, k, v = self._compute_qkv(hidden_states, target_hidden, position_embeddings),
[rank1]:                     ^^^^^^^^^^^^^^^^^^^^^^^^^^^^^^^^^^^^^^^^^^^^^^^^^^^^^^^^^^^^^^^^^^^^,
[rank1]:         File "/scratch/specforge-torchtitan-20261003/first-update-source-candidate1/specforge/modeling/draft/dflash.py", line 377, in _compute_qkv,
[rank1]:           q = self.q_norm(q).transpose(1, 2),
[rank1]:               ^^^^^^^^^^^^^^^^^^^^^^^^^^^^^^,
[rank1]:       ,
[rank1]:       },
[rank1]:       stack_traces = {,
[rank1]:         File "/scratch/specforge-torchtitan-20261003/first-update-source-candidate1/specforge/modeling/draft/dflash2.py", line 237, in forward,
[rank1]:           hidden_states = self.self_attn(,
[rank1]:                           ^^^^^^^^^^^^^^^,
[rank1]:         File "/scratch/specforge-torchtitan-20261003/first-update-source-candidate1/specforge/modeling/draft/dflash.py", line 279, in forward,
[rank1]:           q, k, v = self._compute_qkv(hidden_states, target_hidden, position_embeddings),
[rank1]:                     ^^^^^^^^^^^^^^^^^^^^^^^^^^^^^^^^^^^^^^^^^^^^^^^^^^^^^^^^^^^^^^^^^^^^,
[rank1]:         File "/scratch/specforge-torchtitan-20261003/first-update-source-candidate1/specforge/modeling/draft/dflash.py", line 377, in _compute_qkv,
[rank1]:           q = self.q_norm(q).transpose(1, 2),
[rank1]:               ^^^^^^^^^^^^^^^^^^^^^^^^^^^^^^,
[rank1]:         File "/scratch/specforge-torchtitan-20261003/venv/lib/python3.12/site-packages/transformers/models/qwen3/modeling_qwen3.py", line 64, in forward,
[rank1]:           return self.weight * hidden_states.to(input_dtype),
[rank1]:                  ^^^^^^^^^^^^^^^^^^^^^^^^^^^^^^^^^^^^^^^^^^^,
[rank1]:       ,
[rank1]:       },
[rank1]:       stack_traces = {,
[rank1]:         File "/scratch/specforge-torchtitan-20261003/first-update-source-candidate1/specforge/modeling/draft/dflash2.py", line 237, in forward,
[rank1]:           hidden_states = self.self_attn(,
[rank1]:                           ^^^^^^^^^^^^^^^,
[rank1]:         File "/scratch/specforge-torchtitan-20261003/first-update-source-candidate1/specforge/modeling/draft/dflash.py", line 279, in forward,
[rank1]:           q, k, v = self._compute_qkv(hidden_states, target_hidden, position_embeddings),
[rank1]:                     ^^^^^^^^^^^^^^^^^^^^^^^^^^^^^^^^^^^^^^^^^^^^^^^^^^^^^^^^^^^^^^^^^^^^,
[rank1]:         File "/scratch/specforge-torchtitan-20261003/first-update-source-candidate1/specforge/modeling/draft/dflash.py", line 377, in _compute_qkv,
[rank1]:           q = self.q_norm(q).transpose(1, 2),
[rank1]:               ^^^^^^^^^^^^^^^^^^^^^^^^^^^^^^,
[rank1]:         File "/scratch/specforge-torchtitan-20261003/venv/lib/python3.12/site-packages/transformers/models/qwen3/modeling_qwen3.py", line 64, in forward,
[rank1]:           return self.weight * hidden_states.to(input_dtype),
[rank1]:                                ^^^^^^^^^^^^^^^^^^^^^^^^^^^^^,
[rank1]:       ,
[rank1]:       },
[rank1]:       stack_traces = {,
[rank1]:         File "/scratch/specforge-torchtitan-20261003/first-update-source-candidate1/specforge/modeling/draft/dflash2.py", line 237, in forward,
[rank1]:           hidden_states = self.self_attn(,
[rank1]:                           ^^^^^^^^^^^^^^^,
[rank1]:         File "/scratch/specforge-torchtitan-20261003/first-update-source-candidate1/specforge/modeling/draft/dflash.py", line 279, in forward,
[rank1]:           q, k, v = self._compute_qkv(hidden_states, target_hidden, position_embeddings),
[rank1]:                     ^^^^^^^^^^^^^^^^^^^^^^^^^^^^^^^^^^^^^^^^^^^^^^^^^^^^^^^^^^^^^^^^^^^^,
[rank1]:         File "/scratch/specforge-torchtitan-20261003/first-update-source-candidate1/specforge/modeling/draft/dflash.py", line 377, in _compute_qkv,
[rank1]:           q = self.q_norm(q).transpose(1, 2),
[rank1]:               ^^^^^^^^^^^^^^^^^^^^^^^^^^^^^^,
[rank1]:         File "/scratch/specforge-torchtitan-20261003/venv/lib/python3.12/site-packages/transformers/models/qwen3/modeling_qwen3.py", line 63, in forward,
[rank1]:           hidden_states = hidden_states * torch.rsqrt(variance + self.variance_epsilon),
[rank1]:                           ^^^^^^^^^^^^^^^^^^^^^^^^^^^^^^^^^^^^^^^^^^^^^^^^^^^^^^^^^^^^^,
[rank1]:       ,
[rank1]:       },
[rank1]:       stack_traces = {,
[rank1]:         File "/scratch/specforge-torchtitan-20261003/first-update-source-candidate1/specforge/modeling/draft/dflash2.py", line 237, in forward,
[rank1]:           hidden_states = self.self_attn(,
[rank1]:                           ^^^^^^^^^^^^^^^,
[rank1]:         File "/scratch/specforge-torchtitan-20261003/first-update-source-candidate1/specforge/modeling/draft/dflash.py", line 279, in forward,
[rank1]:           q, k, v = self._compute_qkv(hidden_states, target_hidden, position_embeddings),
[rank1]:                     ^^^^^^^^^^^^^^^^^^^^^^^^^^^^^^^^^^^^^^^^^^^^^^^^^^^^^^^^^^^^^^^^^^^^,
[rank1]:         File "/scratch/specforge-torchtitan-20261003/first-update-source-candidate1/specforge/modeling/draft/dflash.py", line 377, in _compute_qkv,
[rank1]:           q = self.q_norm(q).transpose(1, 2),
[rank1]:               ^^^^^^^^^^^^^^^^^^^^^^^^^^^^^^,
[rank1]:         File "/scratch/specforge-torchtitan-20261003/venv/lib/python3.12/site-packages/transformers/models/qwen3/modeling_qwen3.py", line 61, in forward,
[rank1]:           hidden_states = hidden_states.to(torch.float32),
[rank1]:                           ^^^^^^^^^^^^^^^^^^^^^^^^^^^^^^^,
[rank1]:       ,
[rank1]:       },
[rank1]:       stack_traces = {,
[rank1]:         File "/scratch/specforge-torchtitan-20261003/first-update-source-candidate1/specforge/modeling/draft/dflash2.py", line 237, in forward,
[rank1]:           hidden_states = self.self_attn(,
[rank1]:                           ^^^^^^^^^^^^^^^,
[rank1]:         File "/scratch/specforge-torchtitan-20261003/first-update-source-candidate1/specforge/modeling/draft/dflash.py", line 279, in forward,
[rank1]:           q, k, v = self._compute_qkv(hidden_states, target_hidden, position_embeddings),
[rank1]:                     ^^^^^^^^^^^^^^^^^^^^^^^^^^^^^^^^^^^^^^^^^^^^^^^^^^^^^^^^^^^^^^^^^^^^,
[rank1]:         File "/scratch/specforge-torchtitan-20261003/first-update-source-candidate1/specforge/modeling/draft/dflash.py", line 376, in _compute_qkv,
[rank1]:           q = q.view(bsz, q_len, -1, self.head_dim),
[rank1]:               ^^^^^^^^^^^^^^^^^^^^^^^^^^^^^^^^^^^^^,
[rank1]:       ,
[rank1]:       },
[rank1]:       stack_traces = {,
[rank1]:         File "/scratch/specforge-torchtitan-20261003/first-update-source-candidate1/specforge/modeling/draft/dflash2.py", line 237, in forward,
[rank1]:           hidden_states = self.self_attn(,
[rank1]:                           ^^^^^^^^^^^^^^^,
[rank1]:         File "/scratch/specforge-torchtitan-20261003/first-update-source-candidate1/specforge/modeling/draft/dflash.py", line 279, in forward,
[rank1]:           q, k, v = self._compute_qkv(hidden_states, target_hidden, position_embeddings),
[rank1]:                     ^^^^^^^^^^^^^^^^^^^^^^^^^^^^^^^^^^^^^^^^^^^^^^^^^^^^^^^^^^^^^^^^^^^^,
[rank1]:         File "/scratch/specforge-torchtitan-20261003/first-update-source-candidate1/specforge/modeling/draft/dflash.py", line 375, in _compute_qkv,
[rank1]:           q = self.q_proj(hidden_states),
[rank1]:               ^^^^^^^^^^^^^^^^^^^^^^^^^^,
[rank1]:       ,
[rank1]:       },
[rank1]:       stack_traces = {,
[rank1]:         File "/scratch/specforge-torchtitan-20261003/first-update-source-candidate1/specforge/modeling/draft/dflash2.py", line 237, in forward,
[rank1]:           hidden_states = self.self_attn(,
[rank1]:                           ^^^^^^^^^^^^^^^,
[rank1]:         File "/scratch/specforge-torchtitan-20261003/first-update-source-candidate1/specforge/modeling/draft/dflash.py", line 279, in forward,
[rank1]:           q, k, v = self._compute_qkv(hidden_states, target_hidden, position_embeddings),
[rank1]:                     ^^^^^^^^^^^^^^^^^^^^^^^^^^^^^^^^^^^^^^^^^^^^^^^^^^^^^^^^^^^^^^^^^^^^,
[rank1]:         File "/scratch/specforge-torchtitan-20261003/first-update-source-candidate1/specforge/modeling/draft/dflash.py", line 391, in _compute_qkv,
[rank1]:           q, k = apply_rotary_pos_emb(q, k, cos, sin),
[rank1]:                  ^^^^^^^^^^^^^^^^^^^^^^^^^^^^^^^^^^^^,
[rank1]:         File "/scratch/specforge-torchtitan-20261003/first-update-source-candidate1/specforge/modeling/draft/dflash.py", line 172, in apply_rotary_pos_emb,
[rank1]:           q_embed = (q * cos[..., -q_len:, :]) + (rotate_half(q) * sin[..., -q_len:, :]),
[rank1]:                          ^^^^^^^^^^^^^^^^^^^^^^^^^^^^^^^^^^^^^^^^^^^^^^^^^^^^^^^^^^^^^^^,
[rank1]:       ,
[rank1]:       },
[rank1]:       stack_traces = {,
[rank1]:         File "/scratch/specforge-torchtitan-20261003/first-update-source-candidate1/specforge/modeling/draft/dflash2.py", line 237, in forward,
[rank1]:           hidden_states = self.self_attn(,
[rank1]:                           ^^^^^^^^^^^^^^^,
[rank1]:         File "/scratch/specforge-torchtitan-20261003/first-update-source-candidate1/specforge/modeling/draft/dflash.py", line 279, in forward,
[rank1]:           q, k, v = self._compute_qkv(hidden_states, target_hidden, position_embeddings),
[rank1]:                     ^^^^^^^^^^^^^^^^^^^^^^^^^^^^^^^^^^^^^^^^^^^^^^^^^^^^^^^^^^^^^^^^^^^^,
[rank1]:         File "/scratch/specforge-torchtitan-20261003/first-update-source-candidate1/specforge/modeling/draft/dflash.py", line 391, in _compute_qkv,
[rank1]:           q, k = apply_rotary_pos_emb(q, k, cos, sin),
[rank1]:                  ^^^^^^^^^^^^^^^^^^^^^^^^^^^^^^^^^^^^,
[rank1]:         File "/scratch/specforge-torchtitan-20261003/first-update-source-candidate1/specforge/modeling/draft/dflash.py", line 169, in apply_rotary_pos_emb,
[rank1]:           cos = cos.unsqueeze(unsqueeze_dim),
[rank1]:                 ^^^^^^^^^^^^^^^^^^^^^^^^^^^^,
[rank1]:       ,
[rank1]:       },
[rank1]:       stack_traces = {,
[rank1]:         File "/scratch/specforge-torchtitan-20261003/first-update-source-candidate1/specforge/modeling/draft/dflash2.py", line 237, in forward,
[rank1]:           hidden_states = self.self_attn(,
[rank1]:                           ^^^^^^^^^^^^^^^,
[rank1]:         File "/scratch/specforge-torchtitan-20261003/first-update-source-candidate1/specforge/modeling/draft/dflash.py", line 279, in forward,
[rank1]:           q, k, v = self._compute_qkv(hidden_states, target_hidden, position_embeddings),
[rank1]:                     ^^^^^^^^^^^^^^^^^^^^^^^^^^^^^^^^^^^^^^^^^^^^^^^^^^^^^^^^^^^^^^^^^^^^,
[rank1]:         File "/scratch/specforge-torchtitan-20261003/first-update-source-candidate1/specforge/modeling/draft/dflash.py", line 391, in _compute_qkv,
[rank1]:           q, k = apply_rotary_pos_emb(q, k, cos, sin),
[rank1]:                  ^^^^^^^^^^^^^^^^^^^^^^^^^^^^^^^^^^^^,
[rank1]:         File "/scratch/specforge-torchtitan-20261003/first-update-source-candidate1/specforge/modeling/draft/dflash.py", line 172, in apply_rotary_pos_emb,
[rank1]:           q_embed = (q * cos[..., -q_len:, :]) + (rotate_half(q) * sin[..., -q_len:, :]),
[rank1]:                                                   ^^^^^^^^^^^^^^^^^^^^^^^^^^^^^^^^^^^^^^,
[rank1]:       ,
[rank1]:       },
[rank1]:       stack_traces = {,
[rank1]:         File "/scratch/specforge-torchtitan-20261003/first-update-source-candidate1/specforge/modeling/draft/dflash2.py", line 237, in forward,
[rank1]:           hidden_states = self.self_attn(,
[rank1]:                           ^^^^^^^^^^^^^^^,
[rank1]:         File "/scratch/specforge-torchtitan-20261003/first-update-source-candidate1/specforge/modeling/draft/dflash.py", line 279, in forward,
[rank1]:           q, k, v = self._compute_qkv(hidden_states, target_hidden, position_embeddings),
[rank1]:                     ^^^^^^^^^^^^^^^^^^^^^^^^^^^^^^^^^^^^^^^^^^^^^^^^^^^^^^^^^^^^^^^^^^^^,
[rank1]:         File "/scratch/specforge-torchtitan-20261003/first-update-source-candidate1/specforge/modeling/draft/dflash.py", line 391, in _compute_qkv,
[rank1]:           q, k = apply_rotary_pos_emb(q, k, cos, sin),
[rank1]:                  ^^^^^^^^^^^^^^^^^^^^^^^^^^^^^^^^^^^^,
[rank1]:         File "/scratch/specforge-torchtitan-20261003/first-update-source-candidate1/specforge/modeling/draft/dflash.py", line 172, in apply_rotary_pos_emb,
[rank1]:           q_embed = (q * cos[..., -q_len:, :]) + (rotate_half(q) * sin[..., -q_len:, :]),
[rank1]:                                                                    ^^^^^^^^^^^^^^^^^^^^^,
[rank1]:       ,
[rank1]:       },
[rank1]:       stack_traces = {,
[rank1]:         File "/scratch/specforge-torchtitan-20261003/first-update-source-candidate1/specforge/modeling/draft/dflash2.py", line 237, in forward,
[rank1]:           hidden_states = self.self_attn(,
[rank1]:                           ^^^^^^^^^^^^^^^,
[rank1]:         File "/scratch/specforge-torchtitan-20261003/first-update-source-candidate1/specforge/modeling/draft/dflash.py", line 279, in forward,
[rank1]:           q, k, v = self._compute_qkv(hidden_states, target_hidden, position_embeddings),
[rank1]:                     ^^^^^^^^^^^^^^^^^^^^^^^^^^^^^^^^^^^^^^^^^^^^^^^^^^^^^^^^^^^^^^^^^^^^,
[rank1]:         File "/scratch/specforge-torchtitan-20261003/first-update-source-candidate1/specforge/modeling/draft/dflash.py", line 391, in _compute_qkv,
[rank1]:           q, k = apply_rotary_pos_emb(q, k, cos, sin),
[rank1]:                  ^^^^^^^^^^^^^^^^^^^^^^^^^^^^^^^^^^^^,
[rank1]:         File "/scratch/specforge-torchtitan-20261003/first-update-source-candidate1/specforge/modeling/draft/dflash.py", line 170, in apply_rotary_pos_emb,
[rank1]:           sin = sin.unsqueeze(unsqueeze_dim),
[rank1]:                 ^^^^^^^^^^^^^^^^^^^^^^^^^^^^,
[rank1]:       ,
[rank1]:       }
[rank1]:     ), _split_size=None, _original_inner_fn=None, _original_ranges=None, _original_reduction_ranges=None)
[rank1]:   ))
[rank1]:   args[1]: TensorBox(StorageBox(
[rank1]:     ComputedBuffer(name='buf20', layout=FixedLayout('cuda:1', torch.bfloat16, size=[1, 2, 160, 8], stride=[2560, 8, 16, 1]), data=Pointwise(
[rank1]:       'cuda',
[rank1]:       torch.bfloat16,
[rank1]:       def inner_fn(index):
[rank1]:           _, i1, i2, i3 = index
[rank1]:           tmp0 = ops.load(primals_10, i3)
[rank1]:           tmp1 = ops.to_dtype(tmp0, torch.bfloat16, use_compute_types=False)
[rank1]:           tmp2 = ops.to_dtype(tmp1, torch.bfloat16)
[rank1]:           tmp3 = ops.load(buf13, i3 + 8 * i1 + 16 * i2)
[rank1]:           tmp4 = ops.to_dtype(tmp3, torch.bfloat16, use_compute_types=False)
[rank1]:           tmp5 = ops.to_dtype(tmp4, torch.bfloat16)
[rank1]:           tmp6 = ops.to_dtype(tmp5, torch.float32, src_dtype=torch.bfloat16, use_compute_types=False)
[rank1]:           tmp7 = ops.load(buf15, i1 + 2 * i2)
[rank1]:           tmp8 = tmp6 * tmp7
[rank1]:           tmp9 = ops.to_dtype(tmp8, torch.bfloat16, src_dtype=torch.float32, use_compute_types=False)
[rank1]:           tmp10 = ops.to_dtype(tmp9, torch.bfloat16)
[rank1]:           tmp11 = ops.to_dtype(tmp10, torch.bfloat16, use_compute_types=False)
[rank1]:           tmp12 = ops.to_dtype(tmp11, torch.bfloat16)
[rank1]:           tmp13 = ops.to_dtype(tmp12, torch.bfloat16, use_compute_types=False)
[rank1]:           tmp14 = ops.to_dtype(tmp13, torch.bfloat16)
[rank1]:           tmp15 = tmp2 * tmp14
[rank1]:           tmp16 = ops.to_dtype(tmp15, torch.bfloat16, use_compute_types=False)
[rank1]:           tmp17 = ops.to_dtype(tmp16, torch.bfloat16)
[rank1]:           tmp18 = ops.to_dtype(tmp17, torch.bfloat16, use_compute_types=False)
[rank1]:           tmp19 = ops.to_dtype(tmp18, torch.bfloat16)
[rank1]:           tmp20 = ops.load(primals_11, i3 + 8 * i2)
[rank1]:           tmp21 = ops.to_dtype(tmp20, torch.bfloat16, use_compute_types=False)
[rank1]:           tmp22 = ops.to_dtype(tmp21, torch.bfloat16)
[rank1]:           tmp23 = tmp19 * tmp22
[rank1]:           tmp24 = ops.to_dtype(tmp23, torch.bfloat16, use_compute_types=False)
[rank1]:           tmp25 = ops.to_dtype(tmp24, torch.bfloat16)
[rank1]:           tmp26 = ops.to_dtype(tmp25, torch.bfloat16, use_compute_types=False)
[rank1]:           tmp27 = ops.to_dtype(tmp26, torch.bfloat16)
[rank1]:           tmp28 = ops.load(buf19, i3 + 8 * i2 + 1280 * i1)
[rank1]:           tmp29 = ops.to_dtype(tmp28, torch.bfloat16, use_compute_types=False)
[rank1]:           tmp30 = ops.to_dtype(tmp29, torch.bfloat16)
[rank1]:           tmp31 = ops.load(primals_12, i3 + 8 * i2)
[rank1]:           tmp32 = ops.to_dtype(tmp31, torch.bfloat16, use_compute_types=False)
[rank1]:           tmp33 = ops.to_dtype(tmp32, torch.bfloat16)
[rank1]:           tmp34 = tmp30 * tmp33
[rank1]:           tmp35 = ops.to_dtype(tmp34, torch.bfloat16, use_compute_types=False)
[rank1]:           tmp36 = ops.to_dtype(tmp35, torch.bfloat16)
[rank1]:           tmp37 = ops.to_dtype(tmp36, torch.bfloat16, use_compute_types=False)
[rank1]:           tmp38 = ops.to_dtype(tmp37, torch.bfloat16)
[rank1]:           tmp39 = tmp27 + tmp38
[rank1]:           tmp40 = ops.to_dtype(tmp39, torch.bfloat16, use_compute_types=False)
[rank1]:           tmp41 = ops.to_dtype(tmp40, torch.bfloat16)
[rank1]:           return tmp41
[rank1]:       ,
[rank1]:       ranges=[1, 2, 160, 8],
[rank1]:       origin_node=add_4,
[rank1]:       origins=OrderedSet([add_4, mul_8, permute_7, mul_5, convert_e...,
[rank1]:       stack_traces = {,
[rank1]:         File "/scratch/specforge-torchtitan-20261003/first-update-source-candidate1/specforge/modeling/draft/dflash2.py", line 237, in forward,
[rank1]:           hidden_states = self.self_attn(,
[rank1]:                           ^^^^^^^^^^^^^^^,
[rank1]:         File "/scratch/specforge-torchtitan-20261003/first-update-source-candidate1/specforge/modeling/draft/dflash.py", line 279, in forward,
[rank1]:           q, k, v = self._compute_qkv(hidden_states, target_hidden, position_embeddings),
[rank1]:                     ^^^^^^^^^^^^^^^^^^^^^^^^^^^^^^^^^^^^^^^^^^^^^^^^^^^^^^^^^^^^^^^^^^^^,
[rank1]:         File "/scratch/specforge-torchtitan-20261003/first-update-source-candidate1/specforge/modeling/draft/dflash.py", line 391, in _compute_qkv,
[rank1]:           q, k = apply_rotary_pos_emb(q, k, cos, sin),
[rank1]:                  ^^^^^^^^^^^^^^^^^^^^^^^^^^^^^^^^^^^^,
[rank1]:         File "/scratch/specforge-torchtitan-20261003/first-update-source-candidate1/specforge/modeling/draft/dflash.py", line 173, in apply_rotary_pos_emb,
[rank1]:           k_embed = (k * cos) + (rotate_half(k) * sin),
[rank1]:                     ^^^^^^^^^^^^^^^^^^^^^^^^^^^^^^^^^^,
[rank1]:       ,
[rank1]:       },
[rank1]:       stack_traces = {,
[rank1]:         File "/scratch/specforge-torchtitan-20261003/first-update-source-candidate1/specforge/modeling/draft/dflash2.py", line 237, in forward,
[rank1]:           hidden_states = self.self_attn(,
[rank1]:                           ^^^^^^^^^^^^^^^,
[rank1]:         File "/scratch/specforge-torchtitan-20261003/first-update-source-candidate1/specforge/modeling/draft/dflash.py", line 279, in forward,
[rank1]:           q, k, v = self._compute_qkv(hidden_states, target_hidden, position_embeddings),
[rank1]:                     ^^^^^^^^^^^^^^^^^^^^^^^^^^^^^^^^^^^^^^^^^^^^^^^^^^^^^^^^^^^^^^^^^^^^,
[rank1]:         File "/scratch/specforge-torchtitan-20261003/first-update-source-candidate1/specforge/modeling/draft/dflash.py", line 391, in _compute_qkv,
[rank1]:           q, k = apply_rotary_pos_emb(q, k, cos, sin),
[rank1]:                  ^^^^^^^^^^^^^^^^^^^^^^^^^^^^^^^^^^^^,
[rank1]:         File "/scratch/specforge-torchtitan-20261003/first-update-source-candidate1/specforge/modeling/draft/dflash.py", line 173, in apply_rotary_pos_emb,
[rank1]:           k_embed = (k * cos) + (rotate_half(k) * sin),
[rank1]:                      ^^^^^^^^^^^^^^^^^^^^^^^^^^^^^^^^^,
[rank1]:       ,
[rank1]:       },
[rank1]:       stack_traces = {,
[rank1]:         File "/scratch/specforge-torchtitan-20261003/first-update-source-candidate1/specforge/modeling/draft/dflash2.py", line 237, in forward,
[rank1]:           hidden_states = self.self_attn(,
[rank1]:                           ^^^^^^^^^^^^^^^,
[rank1]:         File "/scratch/specforge-torchtitan-20261003/first-update-source-candidate1/specforge/modeling/draft/dflash.py", line 279, in forward,
[rank1]:           q, k, v = self._compute_qkv(hidden_states, target_hidden, position_embeddings),
[rank1]:                     ^^^^^^^^^^^^^^^^^^^^^^^^^^^^^^^^^^^^^^^^^^^^^^^^^^^^^^^^^^^^^^^^^^^^,
[rank1]:         File "/scratch/specforge-torchtitan-20261003/first-update-source-candidate1/specforge/modeling/draft/dflash.py", line 388, in _compute_qkv,
[rank1]:           k = self.k_norm(k).transpose(1, 2),
[rank1]:               ^^^^^^^^^^^^^^^^^^^^^^^^^^^^^^,
[rank1]:       ,
[rank1]:       },
[rank1]:       stack_traces = {,
[rank1]:         File "/scratch/specforge-torchtitan-20261003/first-update-source-candidate1/specforge/modeling/draft/dflash2.py", line 237, in forward,
[rank1]:           hidden_states = self.self_attn(,
[rank1]:                           ^^^^^^^^^^^^^^^,
[rank1]:         File "/scratch/specforge-torchtitan-20261003/first-update-source-candidate1/specforge/modeling/draft/dflash.py", line 279, in forward,
[rank1]:           q, k, v = self._compute_qkv(hidden_states, target_hidden, position_embeddings),
[rank1]:                     ^^^^^^^^^^^^^^^^^^^^^^^^^^^^^^^^^^^^^^^^^^^^^^^^^^^^^^^^^^^^^^^^^^^^,
[rank1]:         File "/scratch/specforge-torchtitan-20261003/first-update-source-candidate1/specforge/modeling/draft/dflash.py", line 388, in _compute_qkv,
[rank1]:           k = self.k_norm(k).transpose(1, 2),
[rank1]:               ^^^^^^^^^^^^^^^^^^^^^^^^^^^^^^,
[rank1]:         File "/scratch/specforge-torchtitan-20261003/venv/lib/python3.12/site-packages/transformers/models/qwen3/modeling_qwen3.py", line 64, in forward,
[rank1]:           return self.weight * hidden_states.to(input_dtype),
[rank1]:                  ^^^^^^^^^^^^^^^^^^^^^^^^^^^^^^^^^^^^^^^^^^^,
[rank1]:       ,
[rank1]:       },
[rank1]:       stack_traces = {,
[rank1]:         File "/scratch/specforge-torchtitan-20261003/first-update-source-candidate1/specforge/modeling/draft/dflash2.py", line 237, in forward,
[rank1]:           hidden_states = self.self_attn(,
[rank1]:                           ^^^^^^^^^^^^^^^,
[rank1]:         File "/scratch/specforge-torchtitan-20261003/first-update-source-candidate1/specforge/modeling/draft/dflash.py", line 279, in forward,
[rank1]:           q, k, v = self._compute_qkv(hidden_states, target_hidden, position_embeddings),
[rank1]:                     ^^^^^^^^^^^^^^^^^^^^^^^^^^^^^^^^^^^^^^^^^^^^^^^^^^^^^^^^^^^^^^^^^^^^,
[rank1]:         File "/scratch/specforge-torchtitan-20261003/first-update-source-candidate1/specforge/modeling/draft/dflash.py", line 388, in _compute_qkv,
[rank1]:           k = self.k_norm(k).transpose(1, 2),
[rank1]:               ^^^^^^^^^^^^^^^^^^^^^^^^^^^^^^,
[rank1]:         File "/scratch/specforge-torchtitan-20261003/venv/lib/python3.12/site-packages/transformers/models/qwen3/modeling_qwen3.py", line 64, in forward,
[rank1]:           return self.weight * hidden_states.to(input_dtype),
[rank1]:                                ^^^^^^^^^^^^^^^^^^^^^^^^^^^^^,
[rank1]:       ,
[rank1]:       },
[rank1]:       stack_traces = {,
[rank1]:         File "/scratch/specforge-torchtitan-20261003/first-update-source-candidate1/specforge/modeling/draft/dflash2.py", line 237, in forward,
[rank1]:           hidden_states = self.self_attn(,
[rank1]:                           ^^^^^^^^^^^^^^^,
[rank1]:         File "/scratch/specforge-torchtitan-20261003/first-update-source-candidate1/specforge/modeling/draft/dflash.py", line 279, in forward,
[rank1]:           q, k, v = self._compute_qkv(hidden_states, target_hidden, position_embeddings),
[rank1]:                     ^^^^^^^^^^^^^^^^^^^^^^^^^^^^^^^^^^^^^^^^^^^^^^^^^^^^^^^^^^^^^^^^^^^^,
[rank1]:         File "/scratch/specforge-torchtitan-20261003/first-update-source-candidate1/specforge/modeling/draft/dflash.py", line 388, in _compute_qkv,
[rank1]:           k = self.k_norm(k).transpose(1, 2),
[rank1]:               ^^^^^^^^^^^^^^^^^^^^^^^^^^^^^^,
[rank1]:         File "/scratch/specforge-torchtitan-20261003/venv/lib/python3.12/site-packages/transformers/models/qwen3/modeling_qwen3.py", line 63, in forward,
[rank1]:           hidden_states = hidden_states * torch.rsqrt(variance + self.variance_epsilon),
[rank1]:                           ^^^^^^^^^^^^^^^^^^^^^^^^^^^^^^^^^^^^^^^^^^^^^^^^^^^^^^^^^^^^^,
[rank1]:       ,
[rank1]:       },
[rank1]:       stack_traces = {,
[rank1]:         File "/scratch/specforge-torchtitan-20261003/first-update-source-candidate1/specforge/modeling/draft/dflash2.py", line 237, in forward,
[rank1]:           hidden_states = self.self_attn(,
[rank1]:                           ^^^^^^^^^^^^^^^,
[rank1]:         File "/scratch/specforge-torchtitan-20261003/first-update-source-candidate1/specforge/modeling/draft/dflash.py", line 279, in forward,
[rank1]:           q, k, v = self._compute_qkv(hidden_states, target_hidden, position_embeddings),
[rank1]:                     ^^^^^^^^^^^^^^^^^^^^^^^^^^^^^^^^^^^^^^^^^^^^^^^^^^^^^^^^^^^^^^^^^^^^,
[rank1]:         File "/scratch/specforge-torchtitan-20261003/first-update-source-candidate1/specforge/modeling/draft/dflash.py", line 388, in _compute_qkv,
[rank1]:           k = self.k_norm(k).transpose(1, 2),
[rank1]:               ^^^^^^^^^^^^^^^^^^^^^^^^^^^^^^,
[rank1]:         File "/scratch/specforge-torchtitan-20261003/venv/lib/python3.12/site-packages/transformers/models/qwen3/modeling_qwen3.py", line 61, in forward,
[rank1]:           hidden_states = hidden_states.to(torch.float32),
[rank1]:                           ^^^^^^^^^^^^^^^^^^^^^^^^^^^^^^^,
[rank1]:       ,
[rank1]:       },
[rank1]:       stack_traces = {,
[rank1]:         File "/scratch/specforge-torchtitan-20261003/first-update-source-candidate1/specforge/modeling/draft/dflash2.py", line 237, in forward,
[rank1]:           hidden_states = self.self_attn(,
[rank1]:                           ^^^^^^^^^^^^^^^,
[rank1]:         File "/scratch/specforge-torchtitan-20261003/first-update-source-candidate1/specforge/modeling/draft/dflash.py", line 279, in forward,
[rank1]:           q, k, v = self._compute_qkv(hidden_states, target_hidden, position_embeddings),
[rank1]:                     ^^^^^^^^^^^^^^^^^^^^^^^^^^^^^^^^^^^^^^^^^^^^^^^^^^^^^^^^^^^^^^^^^^^^,
[rank1]:         File "/scratch/specforge-torchtitan-20261003/first-update-source-candidate1/specforge/modeling/draft/dflash.py", line 382, in _compute_qkv,
[rank1]:           k = torch.cat([k_ctx, k_noise], dim=1).view(,
[rank1]:               ^^^^^^^^^^^^^^^^^^^^^^^^^^^^^^^^^^^^^^^^,
[rank1]:       ,
[rank1]:       },
[rank1]:       stack_traces = {,
[rank1]:         File "/scratch/specforge-torchtitan-20261003/first-update-source-candidate1/specforge/modeling/draft/dflash2.py", line 237, in forward,
[rank1]:           hidden_states = self.self_attn(,
[rank1]:                           ^^^^^^^^^^^^^^^,
[rank1]:         File "/scratch/specforge-torchtitan-20261003/first-update-source-candidate1/specforge/modeling/draft/dflash.py", line 279, in forward,
[rank1]:           q, k, v = self._compute_qkv(hidden_states, target_hidden, position_embeddings),
[rank1]:                     ^^^^^^^^^^^^^^^^^^^^^^^^^^^^^^^^^^^^^^^^^^^^^^^^^^^^^^^^^^^^^^^^^^^^,
[rank1]:         File "/scratch/specforge-torchtitan-20261003/first-update-source-candidate1/specforge/modeling/draft/dflash.py", line 391, in _compute_qkv,
[rank1]:           q, k = apply_rotary_pos_emb(q, k, cos, sin),
[rank1]:                  ^^^^^^^^^^^^^^^^^^^^^^^^^^^^^^^^^^^^,
[rank1]:         File "/scratch/specforge-torchtitan-20261003/first-update-source-candidate1/specforge/modeling/draft/dflash.py", line 169, in apply_rotary_pos_emb,
[rank1]:           cos = cos.unsqueeze(unsqueeze_dim),
[rank1]:                 ^^^^^^^^^^^^^^^^^^^^^^^^^^^^,
[rank1]:       ,
[rank1]:       },
[rank1]:       stack_traces = {,
[rank1]:         File "/scratch/specforge-torchtitan-20261003/first-update-source-candidate1/specforge/modeling/draft/dflash2.py", line 237, in forward,
[rank1]:           hidden_states = self.self_attn(,
[rank1]:                           ^^^^^^^^^^^^^^^,
[rank1]:         File "/scratch/specforge-torchtitan-20261003/first-update-source-candidate1/specforge/modeling/draft/dflash.py", line 279, in forward,
[rank1]:           q, k, v = self._compute_qkv(hidden_states, target_hidden, position_embeddings),
[rank1]:                     ^^^^^^^^^^^^^^^^^^^^^^^^^^^^^^^^^^^^^^^^^^^^^^^^^^^^^^^^^^^^^^^^^^^^,
[rank1]:         File "/scratch/specforge-torchtitan-20261003/first-update-source-candidate1/specforge/modeling/draft/dflash.py", line 391, in _compute_qkv,
[rank1]:           q, k = apply_rotary_pos_emb(q, k, cos, sin),
[rank1]:                  ^^^^^^^^^^^^^^^^^^^^^^^^^^^^^^^^^^^^,
[rank1]:         File "/scratch/specforge-torchtitan-20261003/first-update-source-candidate1/specforge/modeling/draft/dflash.py", line 173, in apply_rotary_pos_emb,
[rank1]:           k_embed = (k * cos) + (rotate_half(k) * sin),
[rank1]:                                  ^^^^^^^^^^^^^^^^^^^^^,
[rank1]:       ,
[rank1]:       },
[rank1]:       stack_traces = {,
[rank1]:         File "/scratch/specforge-torchtitan-20261003/first-update-source-candidate1/specforge/modeling/draft/dflash2.py", line 237, in forward,
[rank1]:           hidden_states = self.self_attn(,
[rank1]:                           ^^^^^^^^^^^^^^^,
[rank1]:         File "/scratch/specforge-torchtitan-20261003/first-update-source-candidate1/specforge/modeling/draft/dflash.py", line 279, in forward,
[rank1]:           q, k, v = self._compute_qkv(hidden_states, target_hidden, position_embeddings),
[rank1]:                     ^^^^^^^^^^^^^^^^^^^^^^^^^^^^^^^^^^^^^^^^^^^^^^^^^^^^^^^^^^^^^^^^^^^^,
[rank1]:         File "/scratch/specforge-torchtitan-20261003/first-update-source-candidate1/specforge/modeling/draft/dflash.py", line 391, in _compute_qkv,
[rank1]:           q, k = apply_rotary_pos_emb(q, k, cos, sin),
[rank1]:                  ^^^^^^^^^^^^^^^^^^^^^^^^^^^^^^^^^^^^,
[rank1]:         File "/scratch/specforge-torchtitan-20261003/first-update-source-candidate1/specforge/modeling/draft/dflash.py", line 170, in apply_rotary_pos_emb,
[rank1]:           sin = sin.unsqueeze(unsqueeze_dim),
[rank1]:                 ^^^^^^^^^^^^^^^^^^^^^^^^^^^^,
[rank1]:       ,
[rank1]:       }
[rank1]:     ), _split_size=None, _original_inner_fn=None, _original_ranges=None, _original_reduction_ranges=None)
[rank1]:   ))
[rank1]:   args[2]: TensorBox(
[rank1]:     ReinterpretView(
[rank1]:       StorageBox(
[rank1]:         ComputedBuffer(name='buf16', layout=FixedLayout('cuda:1', torch.bfloat16, size=[1, 160, 16], stride=[2560, 16, 1]), data=Pointwise(
[rank1]:           'cuda',
[rank1]:           torch.bfloat16,
[rank1]:           def inner_fn(index):
[rank1]:               _, i1, i2 = index
[rank1]:               tmp0 = ops.index_expr(i1, torch.int64)
[rank1]:               tmp1 = ops.constant(0, torch.int64)
[rank1]:               tmp2 = ops.index_expr(128, torch.int64)
[rank1]:               tmp3 = tmp0 >= tmp1
[rank1]:               tmp4 = tmp0 < tmp2
[rank1]:               tmp5 = ops.load(buf11, i2 + 16 * Identity(i1))
[rank1]:               tmp6 = ops.masked(tmp4, tmp5, 0.0)
[rank1]:               tmp7 = ops.index_expr(128, torch.int64)
[rank1]:               tmp8 = ops.index_expr(160, torch.int64)
[rank1]:               tmp9 = tmp0 >= tmp7
[rank1]:               tmp10 = tmp0 < tmp8
[rank1]:               tmp11 = ops.load(buf12, i2 + 16 * Identity(-128 + i1))
[rank1]:               tmp12 = ops.masked(tmp9, tmp11, 0.0)
[rank1]:               tmp13 = ops.where(tmp4, tmp6, tmp12)
[rank1]:               return tmp13
[rank1]:           ,
[rank1]:           ranges=[1, 160, 16],
[rank1]:           origin_node=cat_1,
[rank1]:           origins=OrderedSet([cat_1, view_19, view_23]),
[rank1]:           stack_traces = {,
[rank1]:             File "/scratch/specforge-torchtitan-20261003/first-update-source-candidate1/specforge/modeling/draft/dflash2.py", line 237, in forward,
[rank1]:               hidden_states = self.self_attn(,
[rank1]:                               ^^^^^^^^^^^^^^^,
[rank1]:             File "/scratch/specforge-torchtitan-20261003/first-update-source-candidate1/specforge/modeling/draft/dflash.py", line 279, in forward,
[rank1]:               q, k, v = self._compute_qkv(hidden_states, target_hidden, position_embeddings),
[rank1]:                         ^^^^^^^^^^^^^^^^^^^^^^^^^^^^^^^^^^^^^^^^^^^^^^^^^^^^^^^^^^^^^^^^^^^^,
[rank1]:             File "/scratch/specforge-torchtitan-20261003/first-update-source-candidate1/specforge/modeling/draft/dflash.py", line 385, in _compute_qkv,
[rank1]:               v = torch.cat([v_ctx, v_noise], dim=1).view(,
[rank1]:                   ^^^^^^^^^^^^^^^^^^^^^^^^^^^^^^^^^^^^^^^^,
[rank1]:           ,
[rank1]:           },
[rank1]:           stack_traces = {,
[rank1]:             File "/scratch/specforge-torchtitan-20261003/first-update-source-candidate1/specforge/modeling/draft/dflash2.py", line 237, in forward,
[rank1]:               hidden_states = self.self_attn(,
[rank1]:                               ^^^^^^^^^^^^^^^,
[rank1]:             File "/scratch/specforge-torchtitan-20261003/first-update-source-candidate1/specforge/modeling/draft/dflash.py", line 279, in forward,
[rank1]:               q, k, v = self._compute_qkv(hidden_states, target_hidden, position_embeddings),
[rank1]:                         ^^^^^^^^^^^^^^^^^^^^^^^^^^^^^^^^^^^^^^^^^^^^^^^^^^^^^^^^^^^^^^^^^^^^,
[rank1]:             File "/scratch/specforge-torchtitan-20261003/first-update-source-candidate1/specforge/modeling/draft/dflash.py", line 380, in _compute_qkv,
[rank1]:               v_ctx = self.v_proj(target_hidden),
[rank1]:                       ^^^^^^^^^^^^^^^^^^^^^^^^^^,
[rank1]:           ,
[rank1]:           },
[rank1]:           stack_traces = {,
[rank1]:             File "/scratch/specforge-torchtitan-20261003/first-update-source-candidate1/specforge/modeling/draft/dflash2.py", line 237, in forward,
[rank1]:               hidden_states = self.self_attn(,
[rank1]:                               ^^^^^^^^^^^^^^^,
[rank1]:             File "/scratch/specforge-torchtitan-20261003/first-update-source-candidate1/specforge/modeling/draft/dflash.py", line 279, in forward,
[rank1]:               q, k, v = self._compute_qkv(hidden_states, target_hidden, position_embeddings),
[rank1]:                         ^^^^^^^^^^^^^^^^^^^^^^^^^^^^^^^^^^^^^^^^^^^^^^^^^^^^^^^^^^^^^^^^^^^^,
[rank1]:             File "/scratch/specforge-torchtitan-20261003/first-update-source-candidate1/specforge/modeling/draft/dflash.py", line 381, in _compute_qkv,
[rank1]:               v_noise = self.v_proj(hidden_states),
[rank1]:                         ^^^^^^^^^^^^^^^^^^^^^^^^^^,
[rank1]:           ,
[rank1]:           }
[rank1]:         ), _split_size=None, _original_inner_fn=None, _original_ranges=None, _original_reduction_ranges=None)
[rank1]:       ),
[rank1]:       FixedLayout('cuda:1', torch.bfloat16, size=[1, 2, 160, 8], stride=[0, 8, 16, 1]),
[rank1]:       origins=OrderedSet([permute_8, view_25, cat_1, view_19, view_...,
[rank1]:       stack_traces = {,
[rank1]:         File "/scratch/specforge-torchtitan-20261003/first-update-source-candidate1/specforge/modeling/draft/dflash2.py", line 237, in forward,
[rank1]:           hidden_states = self.self_attn(,
[rank1]:                           ^^^^^^^^^^^^^^^,
[rank1]:         File "/scratch/specforge-torchtitan-20261003/first-update-source-candidate1/specforge/modeling/draft/dflash.py", line 279, in forward,
[rank1]:           q, k, v = self._compute_qkv(hidden_states, target_hidden, position_embeddings),
[rank1]:                     ^^^^^^^^^^^^^^^^^^^^^^^^^^^^^^^^^^^^^^^^^^^^^^^^^^^^^^^^^^^^^^^^^^^^,
[rank1]:         File "/scratch/specforge-torchtitan-20261003/first-update-source-candidate1/specforge/modeling/draft/dflash.py", line 389, in _compute_qkv,
[rank1]:           v = v.transpose(1, 2),
[rank1]:               ^^^^^^^^^^^^^^^^^,
[rank1]:       ,
[rank1]:       },
[rank1]:       stack_traces = {,
[rank1]:         File "/scratch/specforge-torchtitan-20261003/first-update-source-candidate1/specforge/modeling/draft/dflash2.py", line 237, in forward,
[rank1]:           hidden_states = self.self_attn(,
[rank1]:                           ^^^^^^^^^^^^^^^,
[rank1]:         File "/scratch/specforge-torchtitan-20261003/first-update-source-candidate1/specforge/modeling/draft/dflash.py", line 279, in forward,
[rank1]:           q, k, v = self._compute_qkv(hidden_states, target_hidden, position_embeddings),
[rank1]:                     ^^^^^^^^^^^^^^^^^^^^^^^^^^^^^^^^^^^^^^^^^^^^^^^^^^^^^^^^^^^^^^^^^^^^,
[rank1]:         File "/scratch/specforge-torchtitan-20261003/first-update-source-candidate1/specforge/modeling/draft/dflash.py", line 385, in _compute_qkv,
[rank1]:           v = torch.cat([v_ctx, v_noise], dim=1).view(,
[rank1]:               ^^^^^^^^^^^^^^^^^^^^^^^^^^^^^^^^^^^^^^^^,
[rank1]:       ,
[rank1]:       },
[rank1]:       stack_traces = {,
[rank1]:         File "/scratch/specforge-torchtitan-20261003/first-update-source-candidate1/specforge/modeling/draft/dflash2.py", line 237, in forward,
[rank1]:           hidden_states = self.self_attn(,
[rank1]:                           ^^^^^^^^^^^^^^^,
[rank1]:         File "/scratch/specforge-torchtitan-20261003/first-update-source-candidate1/specforge/modeling/draft/dflash.py", line 279, in forward,
[rank1]:           q, k, v = self._compute_qkv(hidden_states, target_hidden, position_embeddings),
[rank1]:                     ^^^^^^^^^^^^^^^^^^^^^^^^^^^^^^^^^^^^^^^^^^^^^^^^^^^^^^^^^^^^^^^^^^^^,
[rank1]:         File "/scratch/specforge-torchtitan-20261003/first-update-source-candidate1/specforge/modeling/draft/dflash.py", line 380, in _compute_qkv,
[rank1]:           v_ctx = self.v_proj(target_hidden),
[rank1]:                   ^^^^^^^^^^^^^^^^^^^^^^^^^^,
[rank1]:       ,
[rank1]:       },
[rank1]:       stack_traces = {,
[rank1]:         File "/scratch/specforge-torchtitan-20261003/first-update-source-candidate1/specforge/modeling/draft/dflash2.py", line 237, in forward,
[rank1]:           hidden_states = self.self_attn(,
[rank1]:                           ^^^^^^^^^^^^^^^,
[rank1]:         File "/scratch/specforge-torchtitan-20261003/first-update-source-candidate1/specforge/modeling/draft/dflash.py", line 279, in forward,
[rank1]:           q, k, v = self._compute_qkv(hidden_states, target_hidden, position_embeddings),
[rank1]:                     ^^^^^^^^^^^^^^^^^^^^^^^^^^^^^^^^^^^^^^^^^^^^^^^^^^^^^^^^^^^^^^^^^^^^,
[rank1]:         File "/scratch/specforge-torchtitan-20261003/first-update-source-candidate1/specforge/modeling/draft/dflash.py", line 381, in _compute_qkv,
[rank1]:           v_noise = self.v_proj(hidden_states),
[rank1]:                     ^^^^^^^^^^^^^^^^^^^^^^^^^^,
[rank1]:       ,
[rank1]:       }
[rank1]:     )
[rank1]:   )
[rank1]:   args[3]: Subgraph(name='sdpa_score0', graph_module=<lambda>(), inductor_config_patches=None, graph=None)
[rank1]:   args[4]: (32, 160, TensorBox(StorageBox(
[rank1]:     InputBuffer(name='primals_14', layout=FixedLayout('cuda:1', torch.int32, size=[1, 1, 1], stride=[1, 1, 1]))
[rank1]:   )), TensorBox(StorageBox(
[rank1]:     InputBuffer(name='primals_13', layout=FixedLayout('cuda:1', torch.int32, size=[1, 1, 1, 2], stride=[2, 2, 2, 1]))
[rank1]:   )), TensorBox(StorageBox(
[rank1]:     InputBuffer(name='primals_17', layout=FixedLayout('cuda:1', torch.int32, size=[1, 1, 1], stride=[1, 1, 1]))
[rank1]:   )), TensorBox(StorageBox(
[rank1]:     InputBuffer(name='primals_18', layout=FixedLayout('cuda:1', torch.int32, size=[1, 1, 1, 2], stride=[2, 2, 2, 1]))
[rank1]:   )), TensorBox(StorageBox(
[rank1]:     InputBuffer(name='primals_19', layout=FixedLayout('cuda:1', torch.int32, size=[1, 1, 2], stride=[2, 2, 1]))
[rank1]:   )), TensorBox(StorageBox(
[rank1]:     InputBuffer(name='primals_20', layout=FixedLayout('cuda:1', torch.int32, size=[1, 1, 2, 1], stride=[2, 2, 1, 1]))
[rank1]:   )), TensorBox(StorageBox(
[rank1]:     InputBuffer(name='primals_21', layout=FixedLayout('cuda:1', torch.int32, size=[1, 1, 2], stride=[2, 2, 1]))
[rank1]:   )), TensorBox(StorageBox(
[rank1]:     InputBuffer(name='primals_22', layout=FixedLayout('cuda:1', torch.int32, size=[1, 1, 2, 1], stride=[2, 2, 1, 1]))
[rank1]:   )), None, None, None, None, 128, 128, Subgraph(name='sdpa_mask0', graph_module=<lambda>(), inductor_config_patches=None, graph=None))
[rank1]:   args[5]: 0.3535533905932738
[rank1]:   args[6]: {'BACKEND': 'TRITON', 'PRESCALE_QK': False, 'ROWS_GUARANTEED_SAFE': False, 'BLOCKS_ARE_CONTIGUOUS': False, 'WRITE_DQ': True, 'OUTPUT_LOGSUMEXP': True, 'OUTPUT_MAX': False}
[rank1]:   args[7]: ()
[rank1]:   args[8]: (TensorBox(StorageBox(
[rank1]:     InputBuffer(name='primals_15', layout=FixedLayout('cuda:1', torch.int64, size=[1, 8], stride=[8, 1]))
[rank1]:   )), TensorBox(StorageBox(
[rank1]:     InputBuffer(name='primals_16', layout=FixedLayout('cuda:1', torch.bool, size=[1, 8], stride=[8, 1]))
[rank1]:   )))NotImplementedError: NYI: embedding dimension of the query, key, and value must be at least 16 but got E=8 and Ev=8
[rank1]:   target: flex_attention
[rank1]:   args[0]: TensorBox(StorageBox(
[rank1]:     ComputedBuffer(name='buf18', layout=FixedLayout('cuda:1', torch.bfloat16, size=[1, 4, 32, 8], stride=[1024, 8, 32, 1]), data=Pointwise(
[rank1]:       'cuda',
[rank1]:       torch.bfloat16,
[rank1]:       def inner_fn(index):
[rank1]:           _, i1, i2, i3 = index
[rank1]:           tmp0 = ops.load(primals_7, i3)
[rank1]:           tmp1 = ops.to_dtype(tmp0, torch.bfloat16, use_compute_types=False)
[rank1]:           tmp2 = ops.to_dtype(tmp1, torch.bfloat16)
[rank1]:           tmp3 = ops.load(buf6, i3 + 8 * i1 + 32 * i2)
[rank1]:           tmp4 = ops.to_dtype(tmp3, torch.bfloat16, use_compute_types=False)
[rank1]:           tmp5 = ops.to_dtype(tmp4, torch.bfloat16)
[rank1]:           tmp6 = ops.to_dtype(tmp5, torch.float32, src_dtype=torch.bfloat16, use_compute_types=False)
[rank1]:           tmp7 = ops.load(buf8, i1 + 4 * i2)
[rank1]:           tmp8 = tmp6 * tmp7
[rank1]:           tmp9 = ops.to_dtype(tmp8, torch.bfloat16, src_dtype=torch.float32, use_compute_types=False)
[rank1]:           tmp10 = ops.to_dtype(tmp9, torch.bfloat16)
[rank1]:           tmp11 = ops.to_dtype(tmp10, torch.bfloat16, use_compute_types=False)
[rank1]:           tmp12 = ops.to_dtype(tmp11, torch.bfloat16)
[rank1]:           tmp13 = ops.to_dtype(tmp12, torch.bfloat16, use_compute_types=False)
[rank1]:           tmp14 = ops.to_dtype(tmp13, torch.bfloat16)
[rank1]:           tmp15 = tmp2 * tmp14
[rank1]:           tmp16 = ops.to_dtype(tmp15, torch.bfloat16, use_compute_types=False)
[rank1]:           tmp17 = ops.to_dtype(tmp16, torch.bfloat16)
[rank1]:           tmp18 = ops.to_dtype(tmp17, torch.bfloat16, use_compute_types=False)
[rank1]:           tmp19 = ops.to_dtype(tmp18, torch.bfloat16)
[rank1]:           tmp20 = ops.load(primals_11, 1024 + i3 + 8 * i2)
[rank1]:           tmp21 = ops.to_dtype(tmp20, torch.bfloat16, use_compute_types=False)
[rank1]:           tmp22 = ops.to_dtype(tmp21, torch.bfloat16)
[rank1]:           tmp23 = tmp19 * tmp22
[rank1]:           tmp24 = ops.to_dtype(tmp23, torch.bfloat16, use_compute_types=False)
[rank1]:           tmp25 = ops.to_dtype(tmp24, torch.bfloat16)
[rank1]:           tmp26 = ops.to_dtype(tmp25, torch.bfloat16, use_compute_types=False)
[rank1]:           tmp27 = ops.to_dtype(tmp26, torch.bfloat16)
[rank1]:           tmp28 = ops.load(buf17, i3 + 8 * i2 + 256 * i1)
[rank1]:           tmp29 = ops.to_dtype(tmp28, torch.bfloat16, use_compute_types=False)
[rank1]:           tmp30 = ops.to_dtype(tmp29, torch.bfloat16)
[rank1]:           tmp31 = ops.load(primals_12, 1024 + i3 + 8 * i2)
[rank1]:           tmp32 = ops.to_dtype(tmp31, torch.bfloat16, use_compute_types=False)
[rank1]:           tmp33 = ops.to_dtype(tmp32, torch.bfloat16)
[rank1]:           tmp34 = tmp30 * tmp33
[rank1]:           tmp35 = ops.to_dtype(tmp34, torch.bfloat16, use_compute_types=False)
[rank1]:           tmp36 = ops.to_dtype(tmp35, torch.bfloat16)
[rank1]:           tmp37 = ops.to_dtype(tmp36, torch.bfloat16, use_compute_types=False)
[rank1]:           tmp38 = ops.to_dtype(tmp37, torch.bfloat16)
[rank1]:           tmp39 = tmp27 + tmp38
[rank1]:           tmp40 = ops.to_dtype(tmp39, torch.bfloat16, use_compute_types=False)
[rank1]:           tmp41 = ops.to_dtype(tmp40, torch.bfloat16)
[rank1]:           return tmp41
[rank1]:       ,
[rank1]:       ranges=[1, 4, 32, 8],
[rank1]:       origin_node=add_3,
[rank1]:       origins=OrderedSet([add_3, mul_6, permute_2, mul_3, convert_e...,
[rank1]:       stack_traces = {,
[rank1]:         File "/scratch/specforge-torchtitan-20261003/first-update-source-candidate1/specforge/modeling/draft/dflash2.py", line 237, in forward,
[rank1]:           hidden_states = self.self_attn(,
[rank1]:                           ^^^^^^^^^^^^^^^,
[rank1]:         File "/scratch/specforge-torchtitan-20261003/first-update-source-candidate1/specforge/modeling/draft/dflash.py", line 279, in forward,
[rank1]:           q, k, v = self._compute_qkv(hidden_states, target_hidden, position_embeddings),
[rank1]:                     ^^^^^^^^^^^^^^^^^^^^^^^^^^^^^^^^^^^^^^^^^^^^^^^^^^^^^^^^^^^^^^^^^^^^,
[rank1]:         File "/scratch/specforge-torchtitan-20261003/first-update-source-candidate1/specforge/modeling/draft/dflash.py", line 391, in _compute_qkv,
[rank1]:           q, k = apply_rotary_pos_emb(q, k, cos, sin),
[rank1]:                  ^^^^^^^^^^^^^^^^^^^^^^^^^^^^^^^^^^^^,
[rank1]:         File "/scratch/specforge-torchtitan-20261003/first-update-source-candidate1/specforge/modeling/draft/dflash.py", line 172, in apply_rotary_pos_emb,
[rank1]:           q_embed = (q * cos[..., -q_len:, :]) + (rotate_half(q) * sin[..., -q_len:, :]),
[rank1]:                     ^^^^^^^^^^^^^^^^^^^^^^^^^^^^^^^^^^^^^^^^^^^^^^^^^^^^^^^^^^^^^^^^^^^^,
[rank1]:       ,
[rank1]:       },
[rank1]:       stack_traces = {,
[rank1]:         File "/scratch/specforge-torchtitan-20261003/first-update-source-candidate1/specforge/modeling/draft/dflash2.py", line 237, in forward,
[rank1]:           hidden_states = self.self_attn(,
[rank1]:                           ^^^^^^^^^^^^^^^,
[rank1]:         File "/scratch/specforge-torchtitan-20261003/first-update-source-candidate1/specforge/modeling/draft/dflash.py", line 279, in forward,
[rank1]:           q, k, v = self._compute_qkv(hidden_states, target_hidden, position_embeddings),
[rank1]:                     ^^^^^^^^^^^^^^^^^^^^^^^^^^^^^^^^^^^^^^^^^^^^^^^^^^^^^^^^^^^^^^^^^^^^,
[rank1]:         File "/scratch/specforge-torchtitan-20261003/first-update-source-candidate1/specforge/modeling/draft/dflash.py", line 391, in _compute_qkv,
[rank1]:           q, k = apply_rotary_pos_emb(q, k, cos, sin),
[rank1]:                  ^^^^^^^^^^^^^^^^^^^^^^^^^^^^^^^^^^^^,
[rank1]:         File "/scratch/specforge-torchtitan-20261003/first-update-source-candidate1/specforge/modeling/draft/dflash.py", line 172, in apply_rotary_pos_emb,
[rank1]:           q_embed = (q * cos[..., -q_len:, :]) + (rotate_half(q) * sin[..., -q_len:, :]),
[rank1]:                      ^^^^^^^^^^^^^^^^^^^^^^^^^^^^^^^^^^^^^^^^^^^^^^^^^^^^^^^^^^^^^^^^^^^,
[rank1]:       ,
[rank1]:       },
[rank1]:       stack_traces = {,
[rank1]:         File "/scratch/specforge-torchtitan-20261003/first-update-source-candidate1/specforge/modeling/draft/dflash2.py", line 237, in forward,
[rank1]:           hidden_states = self.self_attn(,
[rank1]:                           ^^^^^^^^^^^^^^^,
[rank1]:         File "/scratch/specforge-torchtitan-20261003/first-update-source-candidate1/specforge/modeling/draft/dflash.py", line 279, in forward,
[rank1]:           q, k, v = self._compute_qkv(hidden_states, target_hidden, position_embeddings),
[rank1]:                     ^^^^^^^^^^^^^^^^^^^^^^^^^^^^^^^^^^^^^^^^^^^^^^^^^^^^^^^^^^^^^^^^^^^^,
[rank1]:         File "/scratch/specforge-torchtitan-20261003/first-update-source-candidate1/specforge/modeling/draft/dflash.py", line 377, in _compute_qkv,
[rank1]:           q = self.q_norm(q).transpose(1, 2),
[rank1]:               ^^^^^^^^^^^^^^^^^^^^^^^^^^^^^^,
[rank1]:       ,
[rank1]:       },
[rank1]:       stack_traces = {,
[rank1]:         File "/scratch/specforge-torchtitan-20261003/first-update-source-candidate1/specforge/modeling/draft/dflash2.py", line 237, in forward,
[rank1]:           hidden_states = self.self_attn(,
[rank1]:                           ^^^^^^^^^^^^^^^,
[rank1]:         File "/scratch/specforge-torchtitan-20261003/first-update-source-candidate1/specforge/modeling/draft/dflash.py", line 279, in forward,
[rank1]:           q, k, v = self._compute_qkv(hidden_states, target_hidden, position_embeddings),
[rank1]:                     ^^^^^^^^^^^^^^^^^^^^^^^^^^^^^^^^^^^^^^^^^^^^^^^^^^^^^^^^^^^^^^^^^^^^,
[rank1]:         File "/scratch/specforge-torchtitan-20261003/first-update-source-candidate1/specforge/modeling/draft/dflash.py", line 377, in _compute_qkv,
[rank1]:           q = self.q_norm(q).transpose(1, 2),
[rank1]:               ^^^^^^^^^^^^^^^^^^^^^^^^^^^^^^,
[rank1]:         File "/scratch/specforge-torchtitan-20261003/venv/lib/python3.12/site-packages/transformers/models/qwen3/modeling_qwen3.py", line 64, in forward,
[rank1]:           return self.weight * hidden_states.to(input_dtype),
[rank1]:                  ^^^^^^^^^^^^^^^^^^^^^^^^^^^^^^^^^^^^^^^^^^^,
[rank1]:       ,
[rank1]:       },
[rank1]:       stack_traces = {,
[rank1]:         File "/scratch/specforge-torchtitan-20261003/first-update-source-candidate1/specforge/modeling/draft/dflash2.py", line 237, in forward,
[rank1]:           hidden_states = self.self_attn(,
[rank1]:                           ^^^^^^^^^^^^^^^,
[rank1]:         File "/scratch/specforge-torchtitan-20261003/first-update-source-candidate1/specforge/modeling/draft/dflash.py", line 279, in forward,
[rank1]:           q, k, v = self._compute_qkv(hidden_states, target_hidden, position_embeddings),
[rank1]:                     ^^^^^^^^^^^^^^^^^^^^^^^^^^^^^^^^^^^^^^^^^^^^^^^^^^^^^^^^^^^^^^^^^^^^,
[rank1]:         File "/scratch/specforge-torchtitan-20261003/first-update-source-candidate1/specforge/modeling/draft/dflash.py", line 377, in _compute_qkv,
[rank1]:           q = self.q_norm(q).transpose(1, 2),
[rank1]:               ^^^^^^^^^^^^^^^^^^^^^^^^^^^^^^,
[rank1]:         File "/scratch/specforge-torchtitan-20261003/venv/lib/python3.12/site-packages/transformers/models/qwen3/modeling_qwen3.py", line 64, in forward,
[rank1]:           return self.weight * hidden_states.to(input_dtype),
[rank1]:                                ^^^^^^^^^^^^^^^^^^^^^^^^^^^^^,
[rank1]:       ,
[rank1]:       },
[rank1]:       stack_traces = {,
[rank1]:         File "/scratch/specforge-torchtitan-20261003/first-update-source-candidate1/specforge/modeling/draft/dflash2.py", line 237, in forward,
[rank1]:           hidden_states = self.self_attn(,
[rank1]:                           ^^^^^^^^^^^^^^^,
[rank1]:         File "/scratch/specforge-torchtitan-20261003/first-update-source-candidate1/specforge/modeling/draft/dflash.py", line 279, in forward,
[rank1]:           q, k, v = self._compute_qkv(hidden_states, target_hidden, position_embeddings),
[rank1]:                     ^^^^^^^^^^^^^^^^^^^^^^^^^^^^^^^^^^^^^^^^^^^^^^^^^^^^^^^^^^^^^^^^^^^^,
[rank1]:         File "/scratch/specforge-torchtitan-20261003/first-update-source-candidate1/specforge/modeling/draft/dflash.py", line 377, in _compute_qkv,
[rank1]:           q = self.q_norm(q).transpose(1, 2),
[rank1]:               ^^^^^^^^^^^^^^^^^^^^^^^^^^^^^^,
[rank1]:         File "/scratch/specforge-torchtitan-20261003/venv/lib/python3.12/site-packages/transformers/models/qwen3/modeling_qwen3.py", line 63, in forward,
[rank1]:           hidden_states = hidden_states * torch.rsqrt(variance + self.variance_epsilon),
[rank1]:                           ^^^^^^^^^^^^^^^^^^^^^^^^^^^^^^^^^^^^^^^^^^^^^^^^^^^^^^^^^^^^^,
[rank1]:       ,
[rank1]:       },
[rank1]:       stack_traces = {,
[rank1]:         File "/scratch/specforge-torchtitan-20261003/first-update-source-candidate1/specforge/modeling/draft/dflash2.py", line 237, in forward,
[rank1]:           hidden_states = self.self_attn(,
[rank1]:                           ^^^^^^^^^^^^^^^,
[rank1]:         File "/scratch/specforge-torchtitan-20261003/first-update-source-candidate1/specforge/modeling/draft/dflash.py", line 279, in forward,
[rank1]:           q, k, v = self._compute_qkv(hidden_states, target_hidden, position_embeddings),
[rank1]:                     ^^^^^^^^^^^^^^^^^^^^^^^^^^^^^^^^^^^^^^^^^^^^^^^^^^^^^^^^^^^^^^^^^^^^,
[rank1]:         File "/scratch/specforge-torchtitan-20261003/first-update-source-candidate1/specforge/modeling/draft/dflash.py", line 377, in _compute_qkv,
[rank1]:           q = self.q_norm(q).transpose(1, 2),
[rank1]:               ^^^^^^^^^^^^^^^^^^^^^^^^^^^^^^,
[rank1]:         File "/scratch/specforge-torchtitan-20261003/venv/lib/python3.12/site-packages/transformers/models/qwen3/modeling_qwen3.py", line 61, in forward,
[rank1]:           hidden_states = hidden_states.to(torch.float32),
[rank1]:                           ^^^^^^^^^^^^^^^^^^^^^^^^^^^^^^^,
[rank1]:       ,
[rank1]:       },
[rank1]:       stack_traces = {,
[rank1]:         File "/scratch/specforge-torchtitan-20261003/first-update-source-candidate1/specforge/modeling/draft/dflash2.py", line 237, in forward,
[rank1]:           hidden_states = self.self_attn(,
[rank1]:                           ^^^^^^^^^^^^^^^,
[rank1]:         File "/scratch/specforge-torchtitan-20261003/first-update-source-candidate1/specforge/modeling/draft/dflash.py", line 279, in forward,
[rank1]:           q, k, v = self._compute_qkv(hidden_states, target_hidden, position_embeddings),
[rank1]:                     ^^^^^^^^^^^^^^^^^^^^^^^^^^^^^^^^^^^^^^^^^^^^^^^^^^^^^^^^^^^^^^^^^^^^,
[rank1]:         File "/scratch/specforge-torchtitan-20261003/first-update-source-candidate1/specforge/modeling/draft/dflash.py", line 376, in _compute_qkv,
[rank1]:           q = q.view(bsz, q_len, -1, self.head_dim),
[rank1]:               ^^^^^^^^^^^^^^^^^^^^^^^^^^^^^^^^^^^^^,
[rank1]:       ,
[rank1]:       },
[rank1]:       stack_traces = {,
[rank1]:         File "/scratch/specforge-torchtitan-20261003/first-update-source-candidate1/specforge/modeling/draft/dflash2.py", line 237, in forward,
[rank1]:           hidden_states = self.self_attn(,
[rank1]:                           ^^^^^^^^^^^^^^^,
[rank1]:         File "/scratch/specforge-torchtitan-20261003/first-update-source-candidate1/specforge/modeling/draft/dflash.py", line 279, in forward,
[rank1]:           q, k, v = self._compute_qkv(hidden_states, target_hidden, position_embeddings),
[rank1]:                     ^^^^^^^^^^^^^^^^^^^^^^^^^^^^^^^^^^^^^^^^^^^^^^^^^^^^^^^^^^^^^^^^^^^^,
[rank1]:         File "/scratch/specforge-torchtitan-20261003/first-update-source-candidate1/specforge/modeling/draft/dflash.py", line 375, in _compute_qkv,
[rank1]:           q = self.q_proj(hidden_states),
[rank1]:               ^^^^^^^^^^^^^^^^^^^^^^^^^^,
[rank1]:       ,
[rank1]:       },
[rank1]:       stack_traces = {,
[rank1]:         File "/scratch/specforge-torchtitan-20261003/first-update-source-candidate1/specforge/modeling/draft/dflash2.py", line 237, in forward,
[rank1]:           hidden_states = self.self_attn(,
[rank1]:                           ^^^^^^^^^^^^^^^,
[rank1]:         File "/scratch/specforge-torchtitan-20261003/first-update-source-candidate1/specforge/modeling/draft/dflash.py", line 279, in forward,
[rank1]:           q, k, v = self._compute_qkv(hidden_states, target_hidden, position_embeddings),
[rank1]:                     ^^^^^^^^^^^^^^^^^^^^^^^^^^^^^^^^^^^^^^^^^^^^^^^^^^^^^^^^^^^^^^^^^^^^,
[rank1]:         File "/scratch/specforge-torchtitan-20261003/first-update-source-candidate1/specforge/modeling/draft/dflash.py", line 391, in _compute_qkv,
[rank1]:           q, k = apply_rotary_pos_emb(q, k, cos, sin),
[rank1]:                  ^^^^^^^^^^^^^^^^^^^^^^^^^^^^^^^^^^^^,
[rank1]:         File "/scratch/specforge-torchtitan-20261003/first-update-source-candidate1/specforge/modeling/draft/dflash.py", line 172, in apply_rotary_pos_emb,
[rank1]:           q_embed = (q * cos[..., -q_len:, :]) + (rotate_half(q) * sin[..., -q_len:, :]),
[rank1]:                          ^^^^^^^^^^^^^^^^^^^^^^^^^^^^^^^^^^^^^^^^^^^^^^^^^^^^^^^^^^^^^^^,
[rank1]:       ,
[rank1]:       },
[rank1]:       stack_traces = {,
[rank1]:         File "/scratch/specforge-torchtitan-20261003/first-update-source-candidate1/specforge/modeling/draft/dflash2.py", line 237, in forward,
[rank1]:           hidden_states = self.self_attn(,
[rank1]:                           ^^^^^^^^^^^^^^^,
[rank1]:         File "/scratch/specforge-torchtitan-20261003/first-update-source-candidate1/specforge/modeling/draft/dflash.py", line 279, in forward,
[rank1]:           q, k, v = self._compute_qkv(hidden_states, target_hidden, position_embeddings),
[rank1]:                     ^^^^^^^^^^^^^^^^^^^^^^^^^^^^^^^^^^^^^^^^^^^^^^^^^^^^^^^^^^^^^^^^^^^^,
[rank1]:         File "/scratch/specforge-torchtitan-20261003/first-update-source-candidate1/specforge/modeling/draft/dflash.py", line 391, in _compute_qkv,
[rank1]:           q, k = apply_rotary_pos_emb(q, k, cos, sin),
[rank1]:                  ^^^^^^^^^^^^^^^^^^^^^^^^^^^^^^^^^^^^,
[rank1]:         File "/scratch/specforge-torchtitan-20261003/first-update-source-candidate1/specforge/modeling/draft/dflash.py", line 169, in apply_rotary_pos_emb,
[rank1]:           cos = cos.unsqueeze(unsqueeze_dim),
[rank1]:                 ^^^^^^^^^^^^^^^^^^^^^^^^^^^^,
[rank1]:       ,
[rank1]:       },
[rank1]:       stack_traces = {,
[rank1]:         File "/scratch/specforge-torchtitan-20261003/first-update-source-candidate1/specforge/modeling/draft/dflash2.py", line 237, in forward,
[rank1]:           hidden_states = self.self_attn(,
[rank1]:                           ^^^^^^^^^^^^^^^,
[rank1]:         File "/scratch/specforge-torchtitan-20261003/first-update-source-candidate1/specforge/modeling/draft/dflash.py", line 279, in forward,
[rank1]:           q, k, v = self._compute_qkv(hidden_states, target_hidden, position_embeddings),
[rank1]:                     ^^^^^^^^^^^^^^^^^^^^^^^^^^^^^^^^^^^^^^^^^^^^^^^^^^^^^^^^^^^^^^^^^^^^,
[rank1]:         File "/scratch/specforge-torchtitan-20261003/first-update-source-candidate1/specforge/modeling/draft/dflash.py", line 391, in _compute_qkv,
[rank1]:           q, k = apply_rotary_pos_emb(q, k, cos, sin),
[rank1]:                  ^^^^^^^^^^^^^^^^^^^^^^^^^^^^^^^^^^^^,
[rank1]:         File "/scratch/specforge-torchtitan-20261003/first-update-source-candidate1/specforge/modeling/draft/dflash.py", line 172, in apply_rotary_pos_emb,
[rank1]:           q_embed = (q * cos[..., -q_len:, :]) + (rotate_half(q) * sin[..., -q_len:, :]),
[rank1]:                                                   ^^^^^^^^^^^^^^^^^^^^^^^^^^^^^^^^^^^^^^,
[rank1]:       ,
[rank1]:       },
[rank1]:       stack_traces = {,
[rank1]:         File "/scratch/specforge-torchtitan-20261003/first-update-source-candidate1/specforge/modeling/draft/dflash2.py", line 237, in forward,
[rank1]:           hidden_states = self.self_attn(,
[rank1]:                           ^^^^^^^^^^^^^^^,
[rank1]:         File "/scratch/specforge-torchtitan-20261003/first-update-source-candidate1/specforge/modeling/draft/dflash.py", line 279, in forward,
[rank1]:           q, k, v = self._compute_qkv(hidden_states, target_hidden, position_embeddings),
[rank1]:                     ^^^^^^^^^^^^^^^^^^^^^^^^^^^^^^^^^^^^^^^^^^^^^^^^^^^^^^^^^^^^^^^^^^^^,
[rank1]:         File "/scratch/specforge-torchtitan-20261003/first-update-source-candidate1/specforge/modeling/draft/dflash.py", line 391, in _compute_qkv,
[rank1]:           q, k = apply_rotary_pos_emb(q, k, cos, sin),
[rank1]:                  ^^^^^^^^^^^^^^^^^^^^^^^^^^^^^^^^^^^^,
[rank1]:         File "/scratch/specforge-torchtitan-20261003/first-update-source-candidate1/specforge/modeling/draft/dflash.py", line 172, in apply_rotary_pos_emb,
[rank1]:           q_embed = (q * cos[..., -q_len:, :]) + (rotate_half(q) * sin[..., -q_len:, :]),
[rank1]:                                                                    ^^^^^^^^^^^^^^^^^^^^^,
[rank1]:       ,
[rank1]:       },
[rank1]:       stack_traces = {,
[rank1]:         File "/scratch/specforge-torchtitan-20261003/first-update-source-candidate1/specforge/modeling/draft/dflash2.py", line 237, in forward,
[rank1]:           hidden_states = self.self_attn(,
[rank1]:                           ^^^^^^^^^^^^^^^,
[rank1]:         File "/scratch/specforge-torchtitan-20261003/first-update-source-candidate1/specforge/modeling/draft/dflash.py", line 279, in forward,
[rank1]:           q, k, v = self._compute_qkv(hidden_states, target_hidden, position_embeddings),
[rank1]:                     ^^^^^^^^^^^^^^^^^^^^^^^^^^^^^^^^^^^^^^^^^^^^^^^^^^^^^^^^^^^^^^^^^^^^,
[rank1]:         File "/scratch/specforge-torchtitan-20261003/first-update-source-candidate1/specforge/modeling/draft/dflash.py", line 391, in _compute_qkv,
[rank1]:           q, k = apply_rotary_pos_emb(q, k, cos, sin),
[rank1]:                  ^^^^^^^^^^^^^^^^^^^^^^^^^^^^^^^^^^^^,
[rank1]:         File "/scratch/specforge-torchtitan-20261003/first-update-source-candidate1/specforge/modeling/draft/dflash.py", line 170, in apply_rotary_pos_emb,
[rank1]:           sin = sin.unsqueeze(unsqueeze_dim),
[rank1]:                 ^^^^^^^^^^^^^^^^^^^^^^^^^^^^,
[rank1]:       ,
[rank1]:       }
[rank1]:     ), _split_size=None, _original_inner_fn=None, _original_ranges=None, _original_reduction_ranges=None)
[rank1]:   ))
[rank1]:   args[1]: TensorBox(StorageBox(
[rank1]:     ComputedBuffer(name='buf20', layout=FixedLayout('cuda:1', torch.bfloat16, size=[1, 2, 160, 8], stride=[2560, 8, 16, 1]), data=Pointwise(
[rank1]:       'cuda',
[rank1]:       torch.bfloat16,
[rank1]:       def inner_fn(index):
[rank1]:           _, i1, i2, i3 = index
[rank1]:           tmp0 = ops.load(primals_10, i3)
[rank1]:           tmp1 = ops.to_dtype(tmp0, torch.bfloat16, use_compute_types=False)
[rank1]:           tmp2 = ops.to_dtype(tmp1, torch.bfloat16)
[rank1]:           tmp3 = ops.load(buf13, i3 + 8 * i1 + 16 * i2)
[rank1]:           tmp4 = ops.to_dtype(tmp3, torch.bfloat16, use_compute_types=False)
[rank1]:           tmp5 = ops.to_dtype(tmp4, torch.bfloat16)
[rank1]:           tmp6 = ops.to_dtype(tmp5, torch.float32, src_dtype=torch.bfloat16, use_compute_types=False)
[rank1]:           tmp7 = ops.load(buf15, i1 + 2 * i2)
[rank1]:           tmp8 = tmp6 * tmp7
[rank1]:           tmp9 = ops.to_dtype(tmp8, torch.bfloat16, src_dtype=torch.float32, use_compute_types=False)
[rank1]:           tmp10 = ops.to_dtype(tmp9, torch.bfloat16)
[rank1]:           tmp11 = ops.to_dtype(tmp10, torch.bfloat16, use_compute_types=False)
[rank1]:           tmp12 = ops.to_dtype(tmp11, torch.bfloat16)
[rank1]:           tmp13 = ops.to_dtype(tmp12, torch.bfloat16, use_compute_types=False)
[rank1]:           tmp14 = ops.to_dtype(tmp13, torch.bfloat16)
[rank1]:           tmp15 = tmp2 * tmp14
[rank1]:           tmp16 = ops.to_dtype(tmp15, torch.bfloat16, use_compute_types=False)
[rank1]:           tmp17 = ops.to_dtype(tmp16, torch.bfloat16)
[rank1]:           tmp18 = ops.to_dtype(tmp17, torch.bfloat16, use_compute_types=False)
[rank1]:           tmp19 = ops.to_dtype(tmp18, torch.bfloat16)
[rank1]:           tmp20 = ops.load(primals_11, i3 + 8 * i2)
[rank1]:           tmp21 = ops.to_dtype(tmp20, torch.bfloat16, use_compute_types=False)
[rank1]:           tmp22 = ops.to_dtype(tmp21, torch.bfloat16)
[rank1]:           tmp23 = tmp19 * tmp22
[rank1]:           tmp24 = ops.to_dtype(tmp23, torch.bfloat16, use_compute_types=False)
[rank1]:           tmp25 = ops.to_dtype(tmp24, torch.bfloat16)
[rank1]:           tmp26 = ops.to_dtype(tmp25, torch.bfloat16, use_compute_types=False)
[rank1]:           tmp27 = ops.to_dtype(tmp26, torch.bfloat16)
[rank1]:           tmp28 = ops.load(buf19, i3 + 8 * i2 + 1280 * i1)
[rank1]:           tmp29 = ops.to_dtype(tmp28, torch.bfloat16, use_compute_types=False)
[rank1]:           tmp30 = ops.to_dtype(tmp29, torch.bfloat16)
[rank1]:           tmp31 = ops.load(primals_12, i3 + 8 * i2)
[rank1]:           tmp32 = ops.to_dtype(tmp31, torch.bfloat16, use_compute_types=False)
[rank1]:           tmp33 = ops.to_dtype(tmp32, torch.bfloat16)
[rank1]:           tmp34 = tmp30 * tmp33
[rank1]:           tmp35 = ops.to_dtype(tmp34, torch.bfloat16, use_compute_types=False)
[rank1]:           tmp36 = ops.to_dtype(tmp35, torch.bfloat16)
[rank1]:           tmp37 = ops.to_dtype(tmp36, torch.bfloat16, use_compute_types=False)
[rank1]:           tmp38 = ops.to_dtype(tmp37, torch.bfloat16)
[rank1]:           tmp39 = tmp27 + tmp38
[rank1]:           tmp40 = ops.to_dtype(tmp39, torch.bfloat16, use_compute_types=False)
[rank1]:           tmp41 = ops.to_dtype(tmp40, torch.bfloat16)
[rank1]:           return tmp41
[rank1]:       ,
[rank1]:       ranges=[1, 2, 160, 8],
[rank1]:       origin_node=add_4,
[rank1]:       origins=OrderedSet([add_4, mul_8, permute_7, mul_5, convert_e...,
[rank1]:       stack_traces = {,
[rank1]:         File "/scratch/specforge-torchtitan-20261003/first-update-source-candidate1/specforge/modeling/draft/dflash2.py", line 237, in forward,
[rank1]:           hidden_states = self.self_attn(,
[rank1]:                           ^^^^^^^^^^^^^^^,
[rank1]:         File "/scratch/specforge-torchtitan-20261003/first-update-source-candidate1/specforge/modeling/draft/dflash.py", line 279, in forward,
[rank1]:           q, k, v = self._compute_qkv(hidden_states, target_hidden, position_embeddings),
[rank1]:                     ^^^^^^^^^^^^^^^^^^^^^^^^^^^^^^^^^^^^^^^^^^^^^^^^^^^^^^^^^^^^^^^^^^^^,
[rank1]:         File "/scratch/specforge-torchtitan-20261003/first-update-source-candidate1/specforge/modeling/draft/dflash.py", line 391, in _compute_qkv,
[rank1]:           q, k = apply_rotary_pos_emb(q, k, cos, sin),
[rank1]:                  ^^^^^^^^^^^^^^^^^^^^^^^^^^^^^^^^^^^^,
[rank1]:         File "/scratch/specforge-torchtitan-20261003/first-update-source-candidate1/specforge/modeling/draft/dflash.py", line 173, in apply_rotary_pos_emb,
[rank1]:           k_embed = (k * cos) + (rotate_half(k) * sin),
[rank1]:                     ^^^^^^^^^^^^^^^^^^^^^^^^^^^^^^^^^^,
[rank1]:       ,
[rank1]:       },
[rank1]:       stack_traces = {,
[rank1]:         File "/scratch/specforge-torchtitan-20261003/first-update-source-candidate1/specforge/modeling/draft/dflash2.py", line 237, in forward,
[rank1]:           hidden_states = self.self_attn(,
[rank1]:                           ^^^^^^^^^^^^^^^,
[rank1]:         File "/scratch/specforge-torchtitan-20261003/first-update-source-candidate1/specforge/modeling/draft/dflash.py", line 279, in forward,
[rank1]:           q, k, v = self._compute_qkv(hidden_states, target_hidden, position_embeddings),
[rank1]:                     ^^^^^^^^^^^^^^^^^^^^^^^^^^^^^^^^^^^^^^^^^^^^^^^^^^^^^^^^^^^^^^^^^^^^,
[rank1]:         File "/scratch/specforge-torchtitan-20261003/first-update-source-candidate1/specforge/modeling/draft/dflash.py", line 391, in _compute_qkv,
[rank1]:           q, k = apply_rotary_pos_emb(q, k, cos, sin),
[rank1]:                  ^^^^^^^^^^^^^^^^^^^^^^^^^^^^^^^^^^^^,
[rank1]:         File "/scratch/specforge-torchtitan-20261003/first-update-source-candidate1/specforge/modeling/draft/dflash.py", line 173, in apply_rotary_pos_emb,
[rank1]:           k_embed = (k * cos) + (rotate_half(k) * sin),
[rank1]:                      ^^^^^^^^^^^^^^^^^^^^^^^^^^^^^^^^^,
[rank1]:       ,
[rank1]:       },
[rank1]:       stack_traces = {,
[rank1]:         File "/scratch/specforge-torchtitan-20261003/first-update-source-candidate1/specforge/modeling/draft/dflash2.py", line 237, in forward,
[rank1]:           hidden_states = self.self_attn(,
[rank1]:                           ^^^^^^^^^^^^^^^,
[rank1]:         File "/scratch/specforge-torchtitan-20261003/first-update-source-candidate1/specforge/modeling/draft/dflash.py", line 279, in forward,
[rank1]:           q, k, v = self._compute_qkv(hidden_states, target_hidden, position_embeddings),
[rank1]:                     ^^^^^^^^^^^^^^^^^^^^^^^^^^^^^^^^^^^^^^^^^^^^^^^^^^^^^^^^^^^^^^^^^^^^,
[rank1]:         File "/scratch/specforge-torchtitan-20261003/first-update-source-candidate1/specforge/modeling/draft/dflash.py", line 388, in _compute_qkv,
[rank1]:           k = self.k_norm(k).transpose(1, 2),
[rank1]:               ^^^^^^^^^^^^^^^^^^^^^^^^^^^^^^,
[rank1]:       ,
[rank1]:       },
[rank1]:       stack_traces = {,
[rank1]:         File "/scratch/specforge-torchtitan-20261003/first-update-source-candidate1/specforge/modeling/draft/dflash2.py", line 237, in forward,
[rank1]:           hidden_states = self.self_attn(,
[rank1]:                           ^^^^^^^^^^^^^^^,
[rank1]:         File "/scratch/specforge-torchtitan-20261003/first-update-source-candidate1/specforge/modeling/draft/dflash.py", line 279, in forward,
[rank1]:           q, k, v = self._compute_qkv(hidden_states, target_hidden, position_embeddings),
[rank1]:                     ^^^^^^^^^^^^^^^^^^^^^^^^^^^^^^^^^^^^^^^^^^^^^^^^^^^^^^^^^^^^^^^^^^^^,
[rank1]:         File "/scratch/specforge-torchtitan-20261003/first-update-source-candidate1/specforge/modeling/draft/dflash.py", line 388, in _compute_qkv,
[rank1]:           k = self.k_norm(k).transpose(1, 2),
[rank1]:               ^^^^^^^^^^^^^^^^^^^^^^^^^^^^^^,
[rank1]:         File "/scratch/specforge-torchtitan-20261003/venv/lib/python3.12/site-packages/transformers/models/qwen3/modeling_qwen3.py", line 64, in forward,
[rank1]:           return self.weight * hidden_states.to(input_dtype),
[rank1]:                  ^^^^^^^^^^^^^^^^^^^^^^^^^^^^^^^^^^^^^^^^^^^,
[rank1]:       ,
[rank1]:       },
[rank1]:       stack_traces = {,
[rank1]:         File "/scratch/specforge-torchtitan-20261003/first-update-source-candidate1/specforge/modeling/draft/dflash2.py", line 237, in forward,
[rank1]:           hidden_states = self.self_attn(,
[rank1]:                           ^^^^^^^^^^^^^^^,
[rank1]:         File "/scratch/specforge-torchtitan-20261003/first-update-source-candidate1/specforge/modeling/draft/dflash.py", line 279, in forward,
[rank1]:           q, k, v = self._compute_qkv(hidden_states, target_hidden, position_embeddings),
[rank1]:                     ^^^^^^^^^^^^^^^^^^^^^^^^^^^^^^^^^^^^^^^^^^^^^^^^^^^^^^^^^^^^^^^^^^^^,
[rank1]:         File "/scratch/specforge-torchtitan-20261003/first-update-source-candidate1/specforge/modeling/draft/dflash.py", line 388, in _compute_qkv,
[rank1]:           k = self.k_norm(k).transpose(1, 2),
[rank1]:               ^^^^^^^^^^^^^^^^^^^^^^^^^^^^^^,
[rank1]:         File "/scratch/specforge-torchtitan-20261003/venv/lib/python3.12/site-packages/transformers/models/qwen3/modeling_qwen3.py", line 64, in forward,
[rank1]:           return self.weight * hidden_states.to(input_dtype),
[rank1]:                                ^^^^^^^^^^^^^^^^^^^^^^^^^^^^^,
[rank1]:       ,
[rank1]:       },
[rank1]:       stack_traces = {,
[rank1]:         File "/scratch/specforge-torchtitan-20261003/first-update-source-candidate1/specforge/modeling/draft/dflash2.py", line 237, in forward,
[rank1]:           hidden_states = self.self_attn(,
[rank1]:                           ^^^^^^^^^^^^^^^,
[rank1]:         File "/scratch/specforge-torchtitan-20261003/first-update-source-candidate1/specforge/modeling/draft/dflash.py", line 279, in forward,
[rank1]:           q, k, v = self._compute_qkv(hidden_states, target_hidden, position_embeddings),
[rank1]:                     ^^^^^^^^^^^^^^^^^^^^^^^^^^^^^^^^^^^^^^^^^^^^^^^^^^^^^^^^^^^^^^^^^^^^,
[rank1]:         File "/scratch/specforge-torchtitan-20261003/first-update-source-candidate1/specforge/modeling/draft/dflash.py", line 388, in _compute_qkv,
[rank1]:           k = self.k_norm(k).transpose(1, 2),
[rank1]:               ^^^^^^^^^^^^^^^^^^^^^^^^^^^^^^,
[rank1]:         File "/scratch/specforge-torchtitan-20261003/venv/lib/python3.12/site-packages/transformers/models/qwen3/modeling_qwen3.py", line 63, in forward,
[rank1]:           hidden_states = hidden_states * torch.rsqrt(variance + self.variance_epsilon),
[rank1]:                           ^^^^^^^^^^^^^^^^^^^^^^^^^^^^^^^^^^^^^^^^^^^^^^^^^^^^^^^^^^^^^,
[rank1]:       ,
[rank1]:       },
[rank1]:       stack_traces = {,
[rank1]:         File "/scratch/specforge-torchtitan-20261003/first-update-source-candidate1/specforge/modeling/draft/dflash2.py", line 237, in forward,
[rank1]:           hidden_states = self.self_attn(,
[rank1]:                           ^^^^^^^^^^^^^^^,
[rank1]:         File "/scratch/specforge-torchtitan-20261003/first-update-source-candidate1/specforge/modeling/draft/dflash.py", line 279, in forward,
[rank1]:           q, k, v = self._compute_qkv(hidden_states, target_hidden, position_embeddings),
[rank1]:                     ^^^^^^^^^^^^^^^^^^^^^^^^^^^^^^^^^^^^^^^^^^^^^^^^^^^^^^^^^^^^^^^^^^^^,
[rank1]:         File "/scratch/specforge-torchtitan-20261003/first-update-source-candidate1/specforge/modeling/draft/dflash.py", line 388, in _compute_qkv,
[rank1]:           k = self.k_norm(k).transpose(1, 2),
[rank1]:               ^^^^^^^^^^^^^^^^^^^^^^^^^^^^^^,
[rank1]:         File "/scratch/specforge-torchtitan-20261003/venv/lib/python3.12/site-packages/transformers/models/qwen3/modeling_qwen3.py", line 61, in forward,
[rank1]:           hidden_states = hidden_states.to(torch.float32),
[rank1]:                           ^^^^^^^^^^^^^^^^^^^^^^^^^^^^^^^,
[rank1]:       ,
[rank1]:       },
[rank1]:       stack_traces = {,
[rank1]:         File "/scratch/specforge-torchtitan-20261003/first-update-source-candidate1/specforge/modeling/draft/dflash2.py", line 237, in forward,
[rank1]:           hidden_states = self.self_attn(,
[rank1]:                           ^^^^^^^^^^^^^^^,
[rank1]:         File "/scratch/specforge-torchtitan-20261003/first-update-source-candidate1/specforge/modeling/draft/dflash.py", line 279, in forward,
[rank1]:           q, k, v = self._compute_qkv(hidden_states, target_hidden, position_embeddings),
[rank1]:                     ^^^^^^^^^^^^^^^^^^^^^^^^^^^^^^^^^^^^^^^^^^^^^^^^^^^^^^^^^^^^^^^^^^^^,
[rank1]:         File "/scratch/specforge-torchtitan-20261003/first-update-source-candidate1/specforge/modeling/draft/dflash.py", line 382, in _compute_qkv,
[rank1]:           k = torch.cat([k_ctx, k_noise], dim=1).view(,
[rank1]:               ^^^^^^^^^^^^^^^^^^^^^^^^^^^^^^^^^^^^^^^^,
[rank1]:       ,
[rank1]:       },
[rank1]:       stack_traces = {,
[rank1]:         File "/scratch/specforge-torchtitan-20261003/first-update-source-candidate1/specforge/modeling/draft/dflash2.py", line 237, in forward,
[rank1]:           hidden_states = self.self_attn(,
[rank1]:                           ^^^^^^^^^^^^^^^,
[rank1]:         File "/scratch/specforge-torchtitan-20261003/first-update-source-candidate1/specforge/modeling/draft/dflash.py", line 279, in forward,
[rank1]:           q, k, v = self._compute_qkv(hidden_states, target_hidden, position_embeddings),
[rank1]:                     ^^^^^^^^^^^^^^^^^^^^^^^^^^^^^^^^^^^^^^^^^^^^^^^^^^^^^^^^^^^^^^^^^^^^,
[rank1]:         File "/scratch/specforge-torchtitan-20261003/first-update-source-candidate1/specforge/modeling/draft/dflash.py", line 391, in _compute_qkv,
[rank1]:           q, k = apply_rotary_pos_emb(q, k, cos, sin),
[rank1]:                  ^^^^^^^^^^^^^^^^^^^^^^^^^^^^^^^^^^^^,
[rank1]:         File "/scratch/specforge-torchtitan-20261003/first-update-source-candidate1/specforge/modeling/draft/dflash.py", line 169, in apply_rotary_pos_emb,
[rank1]:           cos = cos.unsqueeze(unsqueeze_dim),
[rank1]:                 ^^^^^^^^^^^^^^^^^^^^^^^^^^^^,
[rank1]:       ,
[rank1]:       },
[rank1]:       stack_traces = {,
[rank1]:         File "/scratch/specforge-torchtitan-20261003/first-update-source-candidate1/specforge/modeling/draft/dflash2.py", line 237, in forward,
[rank1]:           hidden_states = self.self_attn(,
[rank1]:                           ^^^^^^^^^^^^^^^,
[rank1]:         File "/scratch/specforge-torchtitan-20261003/first-update-source-candidate1/specforge/modeling/draft/dflash.py", line 279, in forward,
[rank1]:           q, k, v = self._compute_qkv(hidden_states, target_hidden, position_embeddings),
[rank1]:                     ^^^^^^^^^^^^^^^^^^^^^^^^^^^^^^^^^^^^^^^^^^^^^^^^^^^^^^^^^^^^^^^^^^^^,
[rank1]:         File "/scratch/specforge-torchtitan-20261003/first-update-source-candidate1/specforge/modeling/draft/dflash.py", line 391, in _compute_qkv,
[rank1]:           q, k = apply_rotary_pos_emb(q, k, cos, sin),
[rank1]:                  ^^^^^^^^^^^^^^^^^^^^^^^^^^^^^^^^^^^^,
[rank1]:         File "/scratch/specforge-torchtitan-20261003/first-update-source-candidate1/specforge/modeling/draft/dflash.py", line 173, in apply_rotary_pos_emb,
[rank1]:           k_embed = (k * cos) + (rotate_half(k) * sin),
[rank1]:                                  ^^^^^^^^^^^^^^^^^^^^^,
[rank1]:       ,
[rank1]:       },
[rank1]:       stack_traces = {,
[rank1]:         File "/scratch/specforge-torchtitan-20261003/first-update-source-candidate1/specforge/modeling/draft/dflash2.py", line 237, in forward,
[rank1]:           hidden_states = self.self_attn(,
[rank1]:                           ^^^^^^^^^^^^^^^,
[rank1]:         File "/scratch/specforge-torchtitan-20261003/first-update-source-candidate1/specforge/modeling/draft/dflash.py", line 279, in forward,
[rank1]:           q, k, v = self._compute_qkv(hidden_states, target_hidden, position_embeddings),
[rank1]:                     ^^^^^^^^^^^^^^^^^^^^^^^^^^^^^^^^^^^^^^^^^^^^^^^^^^^^^^^^^^^^^^^^^^^^,
[rank1]:         File "/scratch/specforge-torchtitan-20261003/first-update-source-candidate1/specforge/modeling/draft/dflash.py", line 391, in _compute_qkv,
[rank1]:           q, k = apply_rotary_pos_emb(q, k, cos, sin),
[rank1]:                  ^^^^^^^^^^^^^^^^^^^^^^^^^^^^^^^^^^^^,
[rank1]:         File "/scratch/specforge-torchtitan-20261003/first-update-source-candidate1/specforge/modeling/draft/dflash.py", line 170, in apply_rotary_pos_emb,
[rank1]:           sin = sin.unsqueeze(unsqueeze_dim),
[rank1]:                 ^^^^^^^^^^^^^^^^^^^^^^^^^^^^,
[rank1]:       ,
[rank1]:       }
[rank1]:     ), _split_size=None, _original_inner_fn=None, _original_ranges=None, _original_reduction_ranges=None)
[rank1]:   ))
[rank1]:   args[2]: TensorBox(
[rank1]:     ReinterpretView(
[rank1]:       StorageBox(
[rank1]:         ComputedBuffer(name='buf16', layout=FixedLayout('cuda:1', torch.bfloat16, size=[1, 160, 16], stride=[2560, 16, 1]), data=Pointwise(
[rank1]:           'cuda',
[rank1]:           torch.bfloat16,
[rank1]:           def inner_fn(index):
[rank1]:               _, i1, i2 = index
[rank1]:               tmp0 = ops.index_expr(i1, torch.int64)
[rank1]:               tmp1 = ops.constant(0, torch.int64)
[rank1]:               tmp2 = ops.index_expr(128, torch.int64)
[rank1]:               tmp3 = tmp0 >= tmp1
[rank1]:               tmp4 = tmp0 < tmp2
[rank1]:               tmp5 = ops.load(buf11, i2 + 16 * Identity(i1))
[rank1]:               tmp6 = ops.masked(tmp4, tmp5, 0.0)
[rank1]:               tmp7 = ops.index_expr(128, torch.int64)
[rank1]:               tmp8 = ops.index_expr(160, torch.int64)
[rank1]:               tmp9 = tmp0 >= tmp7
[rank1]:               tmp10 = tmp0 < tmp8
[rank1]:               tmp11 = ops.load(buf12, i2 + 16 * Identity(-128 + i1))
[rank1]:               tmp12 = ops.masked(tmp9, tmp11, 0.0)
[rank1]:               tmp13 = ops.where(tmp4, tmp6, tmp12)
[rank1]:               return tmp13
[rank1]:           ,
[rank1]:           ranges=[1, 160, 16],
[rank1]:           origin_node=cat_1,
[rank1]:           origins=OrderedSet([cat_1, view_19, view_23]),
[rank1]:           stack_traces = {,
[rank1]:             File "/scratch/specforge-torchtitan-20261003/first-update-source-candidate1/specforge/modeling/draft/dflash2.py", line 237, in forward,
[rank1]:               hidden_states = self.self_attn(,
[rank1]:                               ^^^^^^^^^^^^^^^,
[rank1]:             File "/scratch/specforge-torchtitan-20261003/first-update-source-candidate1/specforge/modeling/draft/dflash.py", line 279, in forward,
[rank1]:               q, k, v = self._compute_qkv(hidden_states, target_hidden, position_embeddings),
[rank1]:                         ^^^^^^^^^^^^^^^^^^^^^^^^^^^^^^^^^^^^^^^^^^^^^^^^^^^^^^^^^^^^^^^^^^^^,
[rank1]:             File "/scratch/specforge-torchtitan-20261003/first-update-source-candidate1/specforge/modeling/draft/dflash.py", line 385, in _compute_qkv,
[rank1]:               v = torch.cat([v_ctx, v_noise], dim=1).view(,
[rank1]:                   ^^^^^^^^^^^^^^^^^^^^^^^^^^^^^^^^^^^^^^^^,
[rank1]:           ,
[rank1]:           },
[rank1]:           stack_traces = {,
[rank1]:             File "/scratch/specforge-torchtitan-20261003/first-update-source-candidate1/specforge/modeling/draft/dflash2.py", line 237, in forward,
[rank1]:               hidden_states = self.self_attn(,
[rank1]:                               ^^^^^^^^^^^^^^^,
[rank1]:             File "/scratch/specforge-torchtitan-20261003/first-update-source-candidate1/specforge/modeling/draft/dflash.py", line 279, in forward,
[rank1]:               q, k, v = self._compute_qkv(hidden_states, target_hidden, position_embeddings),
[rank1]:                         ^^^^^^^^^^^^^^^^^^^^^^^^^^^^^^^^^^^^^^^^^^^^^^^^^^^^^^^^^^^^^^^^^^^^,
[rank1]:             File "/scratch/specforge-torchtitan-20261003/first-update-source-candidate1/specforge/modeling/draft/dflash.py", line 380, in _compute_qkv,
[rank1]:               v_ctx = self.v_proj(target_hidden),
[rank1]:                       ^^^^^^^^^^^^^^^^^^^^^^^^^^,
[rank1]:           ,
[rank1]:           },
[rank1]:           stack_traces = {,
[rank1]:             File "/scratch/specforge-torchtitan-20261003/first-update-source-candidate1/specforge/modeling/draft/dflash2.py", line 237, in forward,
[rank1]:               hidden_states = self.self_attn(,
[rank1]:                               ^^^^^^^^^^^^^^^,
[rank1]:             File "/scratch/specforge-torchtitan-20261003/first-update-source-candidate1/specforge/modeling/draft/dflash.py", line 279, in forward,
[rank1]:               q, k, v = self._compute_qkv(hidden_states, target_hidden, position_embeddings),
[rank1]:                         ^^^^^^^^^^^^^^^^^^^^^^^^^^^^^^^^^^^^^^^^^^^^^^^^^^^^^^^^^^^^^^^^^^^^,
[rank1]:             File "/scratch/specforge-torchtitan-20261003/first-update-source-candidate1/specforge/modeling/draft/dflash.py", line 381, in _compute_qkv,
[rank1]:               v_noise = self.v_proj(hidden_states),
[rank1]:                         ^^^^^^^^^^^^^^^^^^^^^^^^^^,
[rank1]:           ,
[rank1]:           }
[rank1]:         ), _split_size=None, _original_inner_fn=None, _original_ranges=None, _original_reduction_ranges=None)
[rank1]:       ),
[rank1]:       FixedLayout('cuda:1', torch.bfloat16, size=[1, 2, 160, 8], stride=[0, 8, 16, 1]),
[rank1]:       origins=OrderedSet([permute_8, view_25, cat_1, view_19, view_...,
[rank1]:       stack_traces = {,
[rank1]:         File "/scratch/specforge-torchtitan-20261003/first-update-source-candidate1/specforge/modeling/draft/dflash2.py", line 237, in forward,
[rank1]:           hidden_states = self.self_attn(,
[rank1]:                           ^^^^^^^^^^^^^^^,
[rank1]:         File "/scratch/specforge-torchtitan-20261003/first-update-source-candidate1/specforge/modeling/draft/dflash.py", line 279, in forward,
[rank1]:           q, k, v = self._compute_qkv(hidden_states, target_hidden, position_embeddings),
[rank1]:                     ^^^^^^^^^^^^^^^^^^^^^^^^^^^^^^^^^^^^^^^^^^^^^^^^^^^^^^^^^^^^^^^^^^^^,
[rank1]:         File "/scratch/specforge-torchtitan-20261003/first-update-source-candidate1/specforge/modeling/draft/dflash.py", line 389, in _compute_qkv,
[rank1]:           v = v.transpose(1, 2),
[rank1]:               ^^^^^^^^^^^^^^^^^,
[rank1]:       ,
[rank1]:       },
[rank1]:       stack_traces = {,
[rank1]:         File "/scratch/specforge-torchtitan-20261003/first-update-source-candidate1/specforge/modeling/draft/dflash2.py", line 237, in forward,
[rank1]:           hidden_states = self.self_attn(,
[rank1]:                           ^^^^^^^^^^^^^^^,
[rank1]:         File "/scratch/specforge-torchtitan-20261003/first-update-source-candidate1/specforge/modeling/draft/dflash.py", line 279, in forward,
[rank1]:           q, k, v = self._compute_qkv(hidden_states, target_hidden, position_embeddings),
[rank1]:                     ^^^^^^^^^^^^^^^^^^^^^^^^^^^^^^^^^^^^^^^^^^^^^^^^^^^^^^^^^^^^^^^^^^^^,
[rank1]:         File "/scratch/specforge-torchtitan-20261003/first-update-source-candidate1/specforge/modeling/draft/dflash.py", line 385, in _compute_qkv,
[rank1]:           v = torch.cat([v_ctx, v_noise], dim=1).view(,
[rank1]:               ^^^^^^^^^^^^^^^^^^^^^^^^^^^^^^^^^^^^^^^^,
[rank1]:       ,
[rank1]:       },
[rank1]:       stack_traces = {,
[rank1]:         File "/scratch/specforge-torchtitan-20261003/first-update-source-candidate1/specforge/modeling/draft/dflash2.py", line 237, in forward,
[rank1]:           hidden_states = self.self_attn(,
[rank1]:                           ^^^^^^^^^^^^^^^,
[rank1]:         File "/scratch/specforge-torchtitan-20261003/first-update-source-candidate1/specforge/modeling/draft/dflash.py", line 279, in forward,
[rank1]:           q, k, v = self._compute_qkv(hidden_states, target_hidden, position_embeddings),
[rank1]:                     ^^^^^^^^^^^^^^^^^^^^^^^^^^^^^^^^^^^^^^^^^^^^^^^^^^^^^^^^^^^^^^^^^^^^,
[rank1]:         File "/scratch/specforge-torchtitan-20261003/first-update-source-candidate1/specforge/modeling/draft/dflash.py", line 380, in _compute_qkv,
[rank1]:           v_ctx = self.v_proj(target_hidden),
[rank1]:                   ^^^^^^^^^^^^^^^^^^^^^^^^^^,
[rank1]:       ,
[rank1]:       },
[rank1]:       stack_traces = {,
[rank1]:         File "/scratch/specforge-torchtitan-20261003/first-update-source-candidate1/specforge/modeling/draft/dflash2.py", line 237, in forward,
[rank1]:           hidden_states = self.self_attn(,
[rank1]:                           ^^^^^^^^^^^^^^^,
[rank1]:         File "/scratch/specforge-torchtitan-20261003/first-update-source-candidate1/specforge/modeling/draft/dflash.py", line 279, in forward,
[rank1]:           q, k, v = self._compute_qkv(hidden_states, target_hidden, position_embeddings),
[rank1]:                     ^^^^^^^^^^^^^^^^^^^^^^^^^^^^^^^^^^^^^^^^^^^^^^^^^^^^^^^^^^^^^^^^^^^^,
[rank1]:         File "/scratch/specforge-torchtitan-20261003/first-update-source-candidate1/specforge/modeling/draft/dflash.py", line 381, in _compute_qkv,
[rank1]:           v_noise = self.v_proj(hidden_states),
[rank1]:                     ^^^^^^^^^^^^^^^^^^^^^^^^^^,
[rank1]:       ,
[rank1]:       }
[rank1]:     )
[rank1]:   )
[rank1]:   args[3]: Subgraph(name='sdpa_score0', graph_module=<lambda>(), inductor_config_patches=None, graph=None)
[rank1]:   args[4]: (32, 160, TensorBox(StorageBox(
[rank1]:     InputBuffer(name='primals_14', layout=FixedLayout('cuda:1', torch.int32, size=[1, 1, 1], stride=[1, 1, 1]))
[rank1]:   )), TensorBox(StorageBox(
[rank1]:     InputBuffer(name='primals_13', layout=FixedLayout('cuda:1', torch.int32, size=[1, 1, 1, 2], stride=[2, 2, 2, 1]))
[rank1]:   )), TensorBox(StorageBox(
[rank1]:     InputBuffer(name='primals_17', layout=FixedLayout('cuda:1', torch.int32, size=[1, 1, 1], stride=[1, 1, 1]))
[rank1]:   )), TensorBox(StorageBox(
[rank1]:     InputBuffer(name='primals_18', layout=FixedLayout('cuda:1', torch.int32, size=[1, 1, 1, 2], stride=[2, 2, 2, 1]))
[rank1]:   )), TensorBox(StorageBox(
[rank1]:     InputBuffer(name='primals_19', layout=FixedLayout('cuda:1', torch.int32, size=[1, 1, 2], stride=[2, 2, 1]))
[rank1]:   )), TensorBox(StorageBox(
[rank1]:     InputBuffer(name='primals_20', layout=FixedLayout('cuda:1', torch.int32, size=[1, 1, 2, 1], stride=[2, 2, 1, 1]))
[rank1]:   )), TensorBox(StorageBox(
[rank1]:     InputBuffer(name='primals_21', layout=FixedLayout('cuda:1', torch.int32, size=[1, 1, 2], stride=[2, 2, 1]))
[rank1]:   )), TensorBox(StorageBox(
[rank1]:     InputBuffer(name='primals_22', layout=FixedLayout('cuda:1', torch.int32, size=[1, 1, 2, 1], stride=[2, 2, 1, 1]))
[rank1]:   )), None, None, None, None, 128, 128, Subgraph(name='sdpa_mask0', graph_module=<lambda>(), inductor_config_patches=None, graph=None))
[rank1]:   args[5]: 0.3535533905932738
[rank1]:   args[6]: {'BACKEND': 'TRITON', 'PRESCALE_QK': False, 'ROWS_GUARANTEED_SAFE': False, 'BLOCKS_ARE_CONTIGUOUS': False, 'WRITE_DQ': True, 'OUTPUT_LOGSUMEXP': True, 'OUTPUT_MAX': False}
[rank1]:   args[7]: ()
[rank1]:   args[8]: (TensorBox(StorageBox(
[rank1]:     InputBuffer(name='primals_15', layout=FixedLayout('cuda:1', torch.int64, size=[1, 8], stride=[8, 1]))
[rank1]:   )), TensorBox(StorageBox(
[rank1]:     InputBuffer(name='primals_16', layout=FixedLayout('cuda:1', torch.bool, size=[1, 8], stride=[8, 1]))
[rank1]:   )))
[rank1]: Found from : 
[rank1]:    File "/scratch/specforge-torchtitan-20261003/first-update-source-candidate1/specforge/modeling/draft/dflash2.py", line 237, in forward
[rank1]:     hidden_states = self.self_attn(
[rank1]:                     ^^^^^^^^^^^^^^^
[rank1]:   File "/scratch/specforge-torchtitan-20261003/first-update-source-candidate1/specforge/modeling/draft/dflash.py", line 291, in forward
[rank1]:     attn_output = compile_friendly_flex_attention(
[rank1]:                   ^^^^^^^^^^^^^^^^^^^^^^^^^^^^^^^^
[rank1]:   File "/scratch/specforge-torchtitan-20261003/venv/lib/python3.12/site-packages/transformers/integrations/flex_attention.py", line 124, in compile_friendly_flex_attention
[rank1]:     return flex_attention_compiled(
[rank1]:            ^^^^^^^^^^^^^^^^^^^^^^^^
[rank1]:   File "/scratch/specforge-torchtitan-20261003/venv/lib/python3.12/site-packages/torch/nn/attention/flex_attention.py", line 2577, in flex_attention
[rank1]:     out, lse, max_scores = flex_attention_hop(
[rank1]:                            ^^^^^^^^^^^^^^^^^^^


[rank1]: Set TORCHDYNAMO_VERBOSE=1 for the internal stack trace (please do this especially if you're reporting a bug to PyTorch). For even more developer context, set TORCH_LOGS="+dynamo"

[rank0]: Traceback (most recent call last):
[rank0]:   File "/scratch/specforge-torchtitan-20261003/collect_titan_first_updates.py", line 111, in <module>
[rank0]:     benchmark.main()
[rank0]:   File "/scratch/specforge-torchtitan-20261003/first-update-driver-candidate1/scripts/benchmark_training_backends.py", line 544, in main
[rank0]:     train()
[rank0]:   File "/scratch/specforge-torchtitan-20261003/venv/lib/python3.12/site-packages/torch/distributed/elastic/multiprocessing/errors/__init__.py", line 380, in wrapper
[rank0]:     return f(*args, **kwargs)
[rank0]:            ^^^^^^^^^^^^^^^^^^
[rank0]:   File "/scratch/specforge-torchtitan-20261003/venv/lib/python3.12/site-packages/torchtitan/trainer.py", line 1039, in train
[rank0]:     self.train_step(data_iterator)
[rank0]:   File "/scratch/specforge-torchtitan-20261003/first-update-driver-candidate1/scripts/benchmark_training_backends.py", line 418, in train_step
[rank0]:     super().train_step(data_iterator)
[rank0]:   File "/scratch/specforge-torchtitan-20261003/first-update-source-candidate1/specforge/training/torchtitan/runtime.py", line 190, in train_step
[rank0]:     return super().train_step(data_iterator)
[rank0]:            ^^^^^^^^^^^^^^^^^^^^^^^^^^^^^^^^^
[rank0]:   File "/scratch/specforge-torchtitan-20261003/venv/lib/python3.12/site-packages/torchtitan/trainer.py", line 925, in train_step
[rank0]:     loss = self.forward_backward_step(
[rank0]:            ^^^^^^^^^^^^^^^^^^^^^^^^^^^
[rank0]:   File "/scratch/specforge-torchtitan-20261003/first-update-driver-candidate1/scripts/benchmark_training_backends.py", line 408, in forward_backward_step
[rank0]:     loss = super().forward_backward_step(**kwargs)
[rank0]:            ^^^^^^^^^^^^^^^^^^^^^^^^^^^^^^^^^^^^^^^
[rank0]:   File "/scratch/specforge-torchtitan-20261003/venv/lib/python3.12/site-packages/torchtitan/observability/structured_logger/structured_logging.py", line 429, in sync_wrapper
[rank0]:     return func(*args, **kwargs)
[rank0]:            ^^^^^^^^^^^^^^^^^^^^^
[rank0]:   File "/scratch/specforge-torchtitan-20261003/venv/lib/python3.12/site-packages/torchtitan/trainer.py", line 804, in forward_backward_step
[rank0]:     return self.fwd_bwd_fn(inputs, labels, global_valid_tokens, extra_kwargs)
[rank0]:            ^^^^^^^^^^^^^^^^^^^^^^^^^^^^^^^^^^^^^^^^^^^^^^^^^^^^^^^^^^^^^^^^^^
[rank0]:   File "/scratch/specforge-torchtitan-20261003/venv/lib/python3.12/site-packages/torchtitan/distributed/cudagraph.py", line 403, in run
[rank0]:     return graph_wrapper(
[rank0]:            ^^^^^^^^^^^^^^
[rank0]:   File "/scratch/specforge-torchtitan-20261003/venv/lib/python3.12/site-packages/torchtitan/distributed/cudagraph.py", line 300, in __call__
[rank0]:     output = self._fn(*args)
[rank0]:              ^^^^^^^^^^^^^^^
[rank0]:   File "/scratch/specforge-torchtitan-20261003/venv/lib/python3.12/site-packages/torchtitan/distributed/cudagraph.py", line 381, in flat_fwd_bwd
[rank0]:     return fwd_bwd_fn(
[rank0]:            ^^^^^^^^^^^
[rank0]:   File "/scratch/specforge-torchtitan-20261003/venv/lib/python3.12/site-packages/torchtitan/trainer.py", line 814, in _forward_backward_body
[rank0]:     pred = self.model_parts[0](inputs, **extra_kwargs)
[rank0]:            ^^^^^^^^^^^^^^^^^^^^^^^^^^^^^^^^^^^^^^^^^^^
[rank0]:   File "/scratch/specforge-torchtitan-20261003/venv/lib/python3.12/site-packages/torch/nn/modules/module.py", line 1783, in _wrapped_call_impl
[rank0]:     return self._call_impl(*args, **kwargs)
[rank0]:            ^^^^^^^^^^^^^^^^^^^^^^^^^^^^^^^^
[rank0]:   File "/scratch/specforge-torchtitan-20261003/venv/lib/python3.12/site-packages/torch/nn/modules/module.py", line 1794, in _call_impl
[rank0]:     return forward_call(*args, **kwargs)
[rank0]:            ^^^^^^^^^^^^^^^^^^^^^^^^^^^^^
[rank0]:   File "/scratch/specforge-torchtitan-20261003/first-update-source-candidate1/specforge/training/torchtitan/model.py", line 241, in forward
[rank0]:     loss, accuracy, metrics = self.training_model(input_ids=input_ids, **kwargs)
[rank0]:                               ^^^^^^^^^^^^^^^^^^^^^^^^^^^^^^^^^^^^^^^^^^^^^^^^^^
[rank0]:   File "/scratch/specforge-torchtitan-20261003/venv/lib/python3.12/site-packages/torch/nn/modules/module.py", line 1783, in _wrapped_call_impl
[rank0]:     return self._call_impl(*args, **kwargs)
[rank0]:            ^^^^^^^^^^^^^^^^^^^^^^^^^^^^^^^^
[rank0]:   File "/scratch/specforge-torchtitan-20261003/venv/lib/python3.12/site-packages/torch/nn/modules/module.py", line 1794, in _call_impl
[rank0]:     return forward_call(*args, **kwargs)
[rank0]:            ^^^^^^^^^^^^^^^^^^^^^^^^^^^^^
[rank0]:   File "/scratch/specforge-torchtitan-20261003/first-update-source-candidate1/specforge/algorithms/common/dflash_family_model.py", line 1575, in forward
[rank0]:     self._forward_draft_blocks(
[rank0]:   File "/scratch/specforge-torchtitan-20261003/first-update-source-candidate1/specforge/algorithms/common/dflash_family_model.py", line 783, in _forward_draft_blocks
[rank0]:     output_hidden = self.draft_model(
[rank0]:                     ^^^^^^^^^^^^^^^^^
[rank0]:   File "/scratch/specforge-torchtitan-20261003/venv/lib/python3.12/site-packages/torch/nn/modules/module.py", line 1783, in _wrapped_call_impl
[rank0]:     return self._call_impl(*args, **kwargs)
[rank0]:            ^^^^^^^^^^^^^^^^^^^^^^^^^^^^^^^^
[rank0]:   File "/scratch/specforge-torchtitan-20261003/venv/lib/python3.12/site-packages/torch/nn/modules/module.py", line 1889, in _call_impl
[rank0]:     return inner()
[rank0]:            ^^^^^^^
[rank0]:   File "/scratch/specforge-torchtitan-20261003/venv/lib/python3.12/site-packages/torch/nn/modules/module.py", line 1837, in inner
[rank0]:     result = forward_call(*args, **kwargs)
[rank0]:              ^^^^^^^^^^^^^^^^^^^^^^^^^^^^^
[rank0]:   File "/scratch/specforge-torchtitan-20261003/first-update-source-candidate1/specforge/modeling/draft/dflash.py", line 807, in forward
[rank0]:     hidden_states = layer(
[rank0]:                     ^^^^^^
[rank0]:   File "/scratch/specforge-torchtitan-20261003/venv/lib/python3.12/site-packages/transformers/modeling_layers.py", line 93, in __call__
[rank0]:     return super().__call__(*args, **kwargs)
[rank0]:            ^^^^^^^^^^^^^^^^^^^^^^^^^^^^^^^^^
[rank0]:   File "/scratch/specforge-torchtitan-20261003/venv/lib/python3.12/site-packages/torch/nn/modules/module.py", line 1781, in _wrapped_call_impl
[rank0]:     return self._compiled_call_impl(*args, **kwargs)  # type: ignore[misc]
[rank0]:            ^^^^^^^^^^^^^^^^^^^^^^^^^^^^^^^^^^^^^^^^^
[rank0]:   File "/scratch/specforge-torchtitan-20261003/venv/lib/python3.12/site-packages/torch/_dynamo/eval_frame.py", line 1278, in compile_wrapper
[rank0]:     raise e.remove_dynamo_frames() from None  # see TORCHDYNAMO_VERBOSE=1
[rank0]:     ^^^^^^^^^^^^^^^^^^^^^^^^^^^^^^^^^^^^^^^^
[rank0]:   File "/scratch/specforge-torchtitan-20261003/venv/lib/python3.12/site-packages/torch/_inductor/compile_fx.py", line 1192, in _compile_fx_inner
[rank0]:     raise InductorError(e, currentframe()).with_traceback(
[rank0]:   File "/scratch/specforge-torchtitan-20261003/venv/lib/python3.12/site-packages/torch/_inductor/compile_fx.py", line 1169, in _compile_fx_inner
[rank0]:     mb_compiled_graph = fx_codegen_and_compile(
[rank0]:                         ^^^^^^^^^^^^^^^^^^^^^^^
[rank0]:   File "/scratch/specforge-torchtitan-20261003/venv/lib/python3.12/site-packages/torch/_inductor/compile_fx.py", line 2001, in fx_codegen_and_compile
[rank0]:     return scheme.codegen_and_compile(gm, example_inputs, inputs_to_check, graph_kwargs)
[rank0]:            ^^^^^^^^^^^^^^^^^^^^^^^^^^^^^^^^^^^^^^^^^^^^^^^^^^^^^^^^^^^^^^^^^^^^^^^^^^^^^
[rank0]:   File "/scratch/specforge-torchtitan-20261003/venv/lib/python3.12/site-packages/torch/_inductor/compile_fx.py", line 1660, in codegen_and_compile
[rank0]:     graph.run(*example_inputs)
[rank0]:   File "/scratch/specforge-torchtitan-20261003/venv/lib/python3.12/site-packages/torch/_inductor/graph.py", line 1135, in run
[rank0]:     return super().run(*args)
[rank0]:            ^^^^^^^^^^^^^^^^^^
[rank0]:   File "/scratch/specforge-torchtitan-20261003/venv/lib/python3.12/site-packages/torch/fx/interpreter.py", line 197, in run
[rank0]:     self.env[node] = self.run_node(node)
[rank0]:                      ^^^^^^^^^^^^^^^^^^^
[rank0]:   File "/scratch/specforge-torchtitan-20261003/venv/lib/python3.12/site-packages/torch/_inductor/graph.py", line 2062, in run_node
[rank0]:     result = super().run_node(n)
[rank0]:              ^^^^^^^^^^^^^^^^^^^
[rank0]:   File "/scratch/specforge-torchtitan-20261003/venv/lib/python3.12/site-packages/torch/fx/interpreter.py", line 294, in run_node
[rank0]:     return getattr(self, n.op)(n.target, args, kwargs)
[rank0]:            ^^^^^^^^^^^^^^^^^^^^^^^^^^^^^^^^^^^^^^^^^^^
[rank0]:   File "/scratch/specforge-torchtitan-20261003/venv/lib/python3.12/site-packages/torch/_inductor/graph.py", line 1567, in call_function
[rank0]:     raise LoweringException(
[rank0]:   File "/scratch/specforge-torchtitan-20261003/venv/lib/python3.12/site-packages/torch/_inductor/graph.py", line 1544, in call_function
[rank0]:     out = lowerings[target](*args, **kwargs)
[rank0]:           ^^^^^^^^^^^^^^^^^^^^^^^^^^^^^^^^^^
[rank0]:   File "/scratch/specforge-torchtitan-20261003/venv/lib/python3.12/site-packages/torch/_inductor/lowering.py", line 525, in wrapped
[rank0]:     out = decomp_fn(*args, **kwargs)
[rank0]:           ^^^^^^^^^^^^^^^^^^^^^^^^^^
[rank0]:   File "/scratch/specforge-torchtitan-20261003/venv/lib/python3.12/site-packages/torch/_inductor/kernel/flex/flex_attention.py", line 205, in flex_attention
[rank0]:     raise NotImplementedError(
[rank0]: torch._inductor.exc.InductorError: LoweringException: NotImplementedError: NYI: embedding dimension of the query, key, and value must be at least 16 but got E=8 and Ev=8
[rank0]:   target: flex_attention
[rank0]:   args[0]: TensorBox(StorageBox(
[rank0]:     ComputedBuffer(name='buf18', layout=FixedLayout('cuda:0', torch.bfloat16, size=[1, 4, 32, 8], stride=[1024, 8, 32, 1]), data=Pointwise(
[rank0]:       'cuda',
[rank0]:       torch.bfloat16,
[rank0]:       def inner_fn(index):
[rank0]:           _, i1, i2, i3 = index
[rank0]:           tmp0 = ops.load(primals_7, i3)
[rank0]:           tmp1 = ops.to_dtype(tmp0, torch.bfloat16, use_compute_types=False)
[rank0]:           tmp2 = ops.to_dtype(tmp1, torch.bfloat16)
[rank0]:           tmp3 = ops.load(buf6, i3 + 8 * i1 + 32 * i2)
[rank0]:           tmp4 = ops.to_dtype(tmp3, torch.bfloat16, use_compute_types=False)
[rank0]:           tmp5 = ops.to_dtype(tmp4, torch.bfloat16)
[rank0]:           tmp6 = ops.to_dtype(tmp5, torch.float32, src_dtype=torch.bfloat16, use_compute_types=False)
[rank0]:           tmp7 = ops.load(buf8, i1 + 4 * i2)
[rank0]:           tmp8 = tmp6 * tmp7
[rank0]:           tmp9 = ops.to_dtype(tmp8, torch.bfloat16, src_dtype=torch.float32, use_compute_types=False)
[rank0]:           tmp10 = ops.to_dtype(tmp9, torch.bfloat16)
[rank0]:           tmp11 = ops.to_dtype(tmp10, torch.bfloat16, use_compute_types=False)
[rank0]:           tmp12 = ops.to_dtype(tmp11, torch.bfloat16)
[rank0]:           tmp13 = ops.to_dtype(tmp12, torch.bfloat16, use_compute_types=False)
[rank0]:           tmp14 = ops.to_dtype(tmp13, torch.bfloat16)
[rank0]:           tmp15 = tmp2 * tmp14
[rank0]:           tmp16 = ops.to_dtype(tmp15, torch.bfloat16, use_compute_types=False)
[rank0]:           tmp17 = ops.to_dtype(tmp16, torch.bfloat16)
[rank0]:           tmp18 = ops.to_dtype(tmp17, torch.bfloat16, use_compute_types=False)
[rank0]:           tmp19 = ops.to_dtype(tmp18, torch.bfloat16)
[rank0]:           tmp20 = ops.load(primals_11, 1024 + i3 + 8 * i2)
[rank0]:           tmp21 = ops.to_dtype(tmp20, torch.bfloat16, use_compute_types=False)
[rank0]:           tmp22 = ops.to_dtype(tmp21, torch.bfloat16)
[rank0]:           tmp23 = tmp19 * tmp22
[rank0]:           tmp24 = ops.to_dtype(tmp23, torch.bfloat16, use_compute_types=False)
[rank0]:           tmp25 = ops.to_dtype(tmp24, torch.bfloat16)
[rank0]:           tmp26 = ops.to_dtype(tmp25, torch.bfloat16, use_compute_types=False)
[rank0]:           tmp27 = ops.to_dtype(tmp26, torch.bfloat16)
[rank0]:           tmp28 = ops.load(buf17, i3 + 8 * i2 + 256 * i1)
[rank0]:           tmp29 = ops.to_dtype(tmp28, torch.bfloat16, use_compute_types=False)
[rank0]:           tmp30 = ops.to_dtype(tmp29, torch.bfloat16)
[rank0]:           tmp31 = ops.load(primals_12, 1024 + i3 + 8 * i2)
[rank0]:           tmp32 = ops.to_dtype(tmp31, torch.bfloat16, use_compute_types=False)
[rank0]:           tmp33 = ops.to_dtype(tmp32, torch.bfloat16)
[rank0]:           tmp34 = tmp30 * tmp33
[rank0]:           tmp35 = ops.to_dtype(tmp34, torch.bfloat16, use_compute_types=False)
[rank0]:           tmp36 = ops.to_dtype(tmp35, torch.bfloat16)
[rank0]:           tmp37 = ops.to_dtype(tmp36, torch.bfloat16, use_compute_types=False)
[rank0]:           tmp38 = ops.to_dtype(tmp37, torch.bfloat16)
[rank0]:           tmp39 = tmp27 + tmp38
[rank0]:           tmp40 = ops.to_dtype(tmp39, torch.bfloat16, use_compute_types=False)
[rank0]:           tmp41 = ops.to_dtype(tmp40, torch.bfloat16)
[rank0]:           return tmp41
[rank0]:       ,
[rank0]:       ranges=[1, 4, 32, 8],
[rank0]:       origin_node=add_3,
[rank0]:       origins=OrderedSet([add_3, mul_6, permute_2, mul_3, convert_e...,
[rank0]:       stack_traces = {,
[rank0]:         File "/scratch/specforge-torchtitan-20261003/first-update-source-candidate1/specforge/modeling/draft/dflash2.py", line 237, in forward,
[rank0]:           hidden_states = self.self_attn(,
[rank0]:                           ^^^^^^^^^^^^^^^,
[rank0]:         File "/scratch/specforge-torchtitan-20261003/first-update-source-candidate1/specforge/modeling/draft/dflash.py", line 279, in forward,
[rank0]:           q, k, v = self._compute_qkv(hidden_states, target_hidden, position_embeddings),
[rank0]:                     ^^^^^^^^^^^^^^^^^^^^^^^^^^^^^^^^^^^^^^^^^^^^^^^^^^^^^^^^^^^^^^^^^^^^,
[rank0]:         File "/scratch/specforge-torchtitan-20261003/first-update-source-candidate1/specforge/modeling/draft/dflash.py", line 391, in _compute_qkv,
[rank0]:           q, k = apply_rotary_pos_emb(q, k, cos, sin),
[rank0]:                  ^^^^^^^^^^^^^^^^^^^^^^^^^^^^^^^^^^^^,
[rank0]:         File "/scratch/specforge-torchtitan-20261003/first-update-source-candidate1/specforge/modeling/draft/dflash.py", line 172, in apply_rotary_pos_emb,
[rank0]:           q_embed = (q * cos[..., -q_len:, :]) + (rotate_half(q) * sin[..., -q_len:, :]),
[rank0]:                     ^^^^^^^^^^^^^^^^^^^^^^^^^^^^^^^^^^^^^^^^^^^^^^^^^^^^^^^^^^^^^^^^^^^^,
[rank0]:       ,
[rank0]:       },
[rank0]:       stack_traces = {,
[rank0]:         File "/scratch/specforge-torchtitan-20261003/first-update-source-candidate1/specforge/modeling/draft/dflash2.py", line 237, in forward,
[rank0]:           hidden_states = self.self_attn(,
[rank0]:                           ^^^^^^^^^^^^^^^,
[rank0]:         File "/scratch/specforge-torchtitan-20261003/first-update-source-candidate1/specforge/modeling/draft/dflash.py", line 279, in forward,
[rank0]:           q, k, v = self._compute_qkv(hidden_states, target_hidden, position_embeddings),
[rank0]:                     ^^^^^^^^^^^^^^^^^^^^^^^^^^^^^^^^^^^^^^^^^^^^^^^^^^^^^^^^^^^^^^^^^^^^,
[rank0]:         File "/scratch/specforge-torchtitan-20261003/first-update-source-candidate1/specforge/modeling/draft/dflash.py", line 391, in _compute_qkv,
[rank0]:           q, k = apply_rotary_pos_emb(q, k, cos, sin),
[rank0]:                  ^^^^^^^^^^^^^^^^^^^^^^^^^^^^^^^^^^^^,
[rank0]:         File "/scratch/specforge-torchtitan-20261003/first-update-source-candidate1/specforge/modeling/draft/dflash.py", line 172, in apply_rotary_pos_emb,
[rank0]:           q_embed = (q * cos[..., -q_len:, :]) + (rotate_half(q) * sin[..., -q_len:, :]),
[rank0]:                      ^^^^^^^^^^^^^^^^^^^^^^^^^^^^^^^^^^^^^^^^^^^^^^^^^^^^^^^^^^^^^^^^^^^,
[rank0]:       ,
[rank0]:       },
[rank0]:       stack_traces = {,
[rank0]:         File "/scratch/specforge-torchtitan-20261003/first-update-source-candidate1/specforge/modeling/draft/dflash2.py", line 237, in forward,
[rank0]:           hidden_states = self.self_attn(,
[rank0]:                           ^^^^^^^^^^^^^^^,
[rank0]:         File "/scratch/specforge-torchtitan-20261003/first-update-source-candidate1/specforge/modeling/draft/dflash.py", line 279, in forward,
[rank0]:           q, k, v = self._compute_qkv(hidden_states, target_hidden, position_embeddings),
[rank0]:                     ^^^^^^^^^^^^^^^^^^^^^^^^^^^^^^^^^^^^^^^^^^^^^^^^^^^^^^^^^^^^^^^^^^^^,
[rank0]:         File "/scratch/specforge-torchtitan-20261003/first-update-source-candidate1/specforge/modeling/draft/dflash.py", line 377, in _compute_qkv,
[rank0]:           q = self.q_norm(q).transpose(1, 2),
[rank0]:               ^^^^^^^^^^^^^^^^^^^^^^^^^^^^^^,
[rank0]:       ,
[rank0]:       },
[rank0]:       stack_traces = {,
[rank0]:         File "/scratch/specforge-torchtitan-20261003/first-update-source-candidate1/specforge/modeling/draft/dflash2.py", line 237, in forward,
[rank0]:           hidden_states = self.self_attn(,
[rank0]:                           ^^^^^^^^^^^^^^^,
[rank0]:         File "/scratch/specforge-torchtitan-20261003/first-update-source-candidate1/specforge/modeling/draft/dflash.py", line 279, in forward,
[rank0]:           q, k, v = self._compute_qkv(hidden_states, target_hidden, position_embeddings),
[rank0]:                     ^^^^^^^^^^^^^^^^^^^^^^^^^^^^^^^^^^^^^^^^^^^^^^^^^^^^^^^^^^^^^^^^^^^^,
[rank0]:         File "/scratch/specforge-torchtitan-20261003/first-update-source-candidate1/specforge/modeling/draft/dflash.py", line 377, in _compute_qkv,
[rank0]:           q = self.q_norm(q).transpose(1, 2),
[rank0]:               ^^^^^^^^^^^^^^^^^^^^^^^^^^^^^^,
[rank0]:         File "/scratch/specforge-torchtitan-20261003/venv/lib/python3.12/site-packages/transformers/models/qwen3/modeling_qwen3.py", line 64, in forward,
[rank0]:           return self.weight * hidden_states.to(input_dtype),
[rank0]:                  ^^^^^^^^^^^^^^^^^^^^^^^^^^^^^^^^^^^^^^^^^^^,
[rank0]:       ,
[rank0]:       },
[rank0]:       stack_traces = {,
[rank0]:         File "/scratch/specforge-torchtitan-20261003/first-update-source-candidate1/specforge/modeling/draft/dflash2.py", line 237, in forward,
[rank0]:           hidden_states = self.self_attn(,
[rank0]:                           ^^^^^^^^^^^^^^^,
[rank0]:         File "/scratch/specforge-torchtitan-20261003/first-update-source-candidate1/specforge/modeling/draft/dflash.py", line 279, in forward,
[rank0]:           q, k, v = self._compute_qkv(hidden_states, target_hidden, position_embeddings),
[rank0]:                     ^^^^^^^^^^^^^^^^^^^^^^^^^^^^^^^^^^^^^^^^^^^^^^^^^^^^^^^^^^^^^^^^^^^^,
[rank0]:         File "/scratch/specforge-torchtitan-20261003/first-update-source-candidate1/specforge/modeling/draft/dflash.py", line 377, in _compute_qkv,
[rank0]:           q = self.q_norm(q).transpose(1, 2),
[rank0]:               ^^^^^^^^^^^^^^^^^^^^^^^^^^^^^^,
[rank0]:         File "/scratch/specforge-torchtitan-20261003/venv/lib/python3.12/site-packages/transformers/models/qwen3/modeling_qwen3.py", line 64, in forward,
[rank0]:           return self.weight * hidden_states.to(input_dtype),
[rank0]:                                ^^^^^^^^^^^^^^^^^^^^^^^^^^^^^,
[rank0]:       ,
[rank0]:       },
[rank0]:       stack_traces = {,
[rank0]:         File "/scratch/specforge-torchtitan-20261003/first-update-source-candidate1/specforge/modeling/draft/dflash2.py", line 237, in forward,
[rank0]:           hidden_states = self.self_attn(,
[rank0]:                           ^^^^^^^^^^^^^^^,
[rank0]:         File "/scratch/specforge-torchtitan-20261003/first-update-source-candidate1/specforge/modeling/draft/dflash.py", line 279, in forward,
[rank0]:           q, k, v = self._compute_qkv(hidden_states, target_hidden, position_embeddings),
[rank0]:                     ^^^^^^^^^^^^^^^^^^^^^^^^^^^^^^^^^^^^^^^^^^^^^^^^^^^^^^^^^^^^^^^^^^^^,
[rank0]:         File "/scratch/specforge-torchtitan-20261003/first-update-source-candidate1/specforge/modeling/draft/dflash.py", line 377, in _compute_qkv,
[rank0]:           q = self.q_norm(q).transpose(1, 2),
[rank0]:               ^^^^^^^^^^^^^^^^^^^^^^^^^^^^^^,
[rank0]:         File "/scratch/specforge-torchtitan-20261003/venv/lib/python3.12/site-packages/transformers/models/qwen3/modeling_qwen3.py", line 63, in forward,
[rank0]:           hidden_states = hidden_states * torch.rsqrt(variance + self.variance_epsilon),
[rank0]:                           ^^^^^^^^^^^^^^^^^^^^^^^^^^^^^^^^^^^^^^^^^^^^^^^^^^^^^^^^^^^^^,
[rank0]:       ,
[rank0]:       },
[rank0]:       stack_traces = {,
[rank0]:         File "/scratch/specforge-torchtitan-20261003/first-update-source-candidate1/specforge/modeling/draft/dflash2.py", line 237, in forward,
[rank0]:           hidden_states = self.self_attn(,
[rank0]:                           ^^^^^^^^^^^^^^^,
[rank0]:         File "/scratch/specforge-torchtitan-20261003/first-update-source-candidate1/specforge/modeling/draft/dflash.py", line 279, in forward,
[rank0]:           q, k, v = self._compute_qkv(hidden_states, target_hidden, position_embeddings),
[rank0]:                     ^^^^^^^^^^^^^^^^^^^^^^^^^^^^^^^^^^^^^^^^^^^^^^^^^^^^^^^^^^^^^^^^^^^^,
[rank0]:         File "/scratch/specforge-torchtitan-20261003/first-update-source-candidate1/specforge/modeling/draft/dflash.py", line 377, in _compute_qkv,
[rank0]:           q = self.q_norm(q).transpose(1, 2),
[rank0]:               ^^^^^^^^^^^^^^^^^^^^^^^^^^^^^^,
[rank0]:         File "/scratch/specforge-torchtitan-20261003/venv/lib/python3.12/site-packages/transformers/models/qwen3/modeling_qwen3.py", line 61, in forward,
[rank0]:           hidden_states = hidden_states.to(torch.float32),
[rank0]:                           ^^^^^^^^^^^^^^^^^^^^^^^^^^^^^^^,
[rank0]:       ,
[rank0]:       },
[rank0]:       stack_traces = {,
[rank0]:         File "/scratch/specforge-torchtitan-20261003/first-update-source-candidate1/specforge/modeling/draft/dflash2.py", line 237, in forward,
[rank0]:           hidden_states = self.self_attn(,
[rank0]:                           ^^^^^^^^^^^^^^^,
[rank0]:         File "/scratch/specforge-torchtitan-20261003/first-update-source-candidate1/specforge/modeling/draft/dflash.py", line 279, in forward,
[rank0]:           q, k, v = self._compute_qkv(hidden_states, target_hidden, position_embeddings),
[rank0]:                     ^^^^^^^^^^^^^^^^^^^^^^^^^^^^^^^^^^^^^^^^^^^^^^^^^^^^^^^^^^^^^^^^^^^^,
[rank0]:         File "/scratch/specforge-torchtitan-20261003/first-update-source-candidate1/specforge/modeling/draft/dflash.py", line 376, in _compute_qkv,
[rank0]:           q = q.view(bsz, q_len, -1, self.head_dim),
[rank0]:               ^^^^^^^^^^^^^^^^^^^^^^^^^^^^^^^^^^^^^,
[rank0]:       ,
[rank0]:       },
[rank0]:       stack_traces = {,
[rank0]:         File "/scratch/specforge-torchtitan-20261003/first-update-source-candidate1/specforge/modeling/draft/dflash2.py", line 237, in forward,
[rank0]:           hidden_states = self.self_attn(,
[rank0]:                           ^^^^^^^^^^^^^^^,
[rank0]:         File "/scratch/specforge-torchtitan-20261003/first-update-source-candidate1/specforge/modeling/draft/dflash.py", line 279, in forward,
[rank0]:           q, k, v = self._compute_qkv(hidden_states, target_hidden, position_embeddings),
[rank0]:                     ^^^^^^^^^^^^^^^^^^^^^^^^^^^^^^^^^^^^^^^^^^^^^^^^^^^^^^^^^^^^^^^^^^^^,
[rank0]:         File "/scratch/specforge-torchtitan-20261003/first-update-source-candidate1/specforge/modeling/draft/dflash.py", line 375, in _compute_qkv,
[rank0]:           q = self.q_proj(hidden_states),
[rank0]:               ^^^^^^^^^^^^^^^^^^^^^^^^^^,
[rank0]:       ,
[rank0]:       },
[rank0]:       stack_traces = {,
[rank0]:         File "/scratch/specforge-torchtitan-20261003/first-update-source-candidate1/specforge/modeling/draft/dflash2.py", line 237, in forward,
[rank0]:           hidden_states = self.self_attn(,
[rank0]:                           ^^^^^^^^^^^^^^^,
[rank0]:         File "/scratch/specforge-torchtitan-20261003/first-update-source-candidate1/specforge/modeling/draft/dflash.py", line 279, in forward,
[rank0]:           q, k, v = self._compute_qkv(hidden_states, target_hidden, position_embeddings),
[rank0]:                     ^^^^^^^^^^^^^^^^^^^^^^^^^^^^^^^^^^^^^^^^^^^^^^^^^^^^^^^^^^^^^^^^^^^^,
[rank0]:         File "/scratch/specforge-torchtitan-20261003/first-update-source-candidate1/specforge/modeling/draft/dflash.py", line 391, in _compute_qkv,
[rank0]:           q, k = apply_rotary_pos_emb(q, k, cos, sin),
[rank0]:                  ^^^^^^^^^^^^^^^^^^^^^^^^^^^^^^^^^^^^,
[rank0]:         File "/scratch/specforge-torchtitan-20261003/first-update-source-candidate1/specforge/modeling/draft/dflash.py", line 172, in apply_rotary_pos_emb,
[rank0]:           q_embed = (q * cos[..., -q_len:, :]) + (rotate_half(q) * sin[..., -q_len:, :]),
[rank0]:                          ^^^^^^^^^^^^^^^^^^^^^^^^^^^^^^^^^^^^^^^^^^^^^^^^^^^^^^^^^^^^^^^,
[rank0]:       ,
[rank0]:       },
[rank0]:       stack_traces = {,
[rank0]:         File "/scratch/specforge-torchtitan-20261003/first-update-source-candidate1/specforge/modeling/draft/dflash2.py", line 237, in forward,
[rank0]:           hidden_states = self.self_attn(,
[rank0]:                           ^^^^^^^^^^^^^^^,
[rank0]:         File "/scratch/specforge-torchtitan-20261003/first-update-source-candidate1/specforge/modeling/draft/dflash.py", line 279, in forward,
[rank0]:           q, k, v = self._compute_qkv(hidden_states, target_hidden, position_embeddings),
[rank0]:                     ^^^^^^^^^^^^^^^^^^^^^^^^^^^^^^^^^^^^^^^^^^^^^^^^^^^^^^^^^^^^^^^^^^^^,
[rank0]:         File "/scratch/specforge-torchtitan-20261003/first-update-source-candidate1/specforge/modeling/draft/dflash.py", line 391, in _compute_qkv,
[rank0]:           q, k = apply_rotary_pos_emb(q, k, cos, sin),
[rank0]:                  ^^^^^^^^^^^^^^^^^^^^^^^^^^^^^^^^^^^^,
[rank0]:         File "/scratch/specforge-torchtitan-20261003/first-update-source-candidate1/specforge/modeling/draft/dflash.py", line 169, in apply_rotary_pos_emb,
[rank0]:           cos = cos.unsqueeze(unsqueeze_dim),
[rank0]:                 ^^^^^^^^^^^^^^^^^^^^^^^^^^^^,
[rank0]:       ,
[rank0]:       },
[rank0]:       stack_traces = {,
[rank0]:         File "/scratch/specforge-torchtitan-20261003/first-update-source-candidate1/specforge/modeling/draft/dflash2.py", line 237, in forward,
[rank0]:           hidden_states = self.self_attn(,
[rank0]:                           ^^^^^^^^^^^^^^^,
[rank0]:         File "/scratch/specforge-torchtitan-20261003/first-update-source-candidate1/specforge/modeling/draft/dflash.py", line 279, in forward,
[rank0]:           q, k, v = self._compute_qkv(hidden_states, target_hidden, position_embeddings),
[rank0]:                     ^^^^^^^^^^^^^^^^^^^^^^^^^^^^^^^^^^^^^^^^^^^^^^^^^^^^^^^^^^^^^^^^^^^^,
[rank0]:         File "/scratch/specforge-torchtitan-20261003/first-update-source-candidate1/specforge/modeling/draft/dflash.py", line 391, in _compute_qkv,
[rank0]:           q, k = apply_rotary_pos_emb(q, k, cos, sin),
[rank0]:                  ^^^^^^^^^^^^^^^^^^^^^^^^^^^^^^^^^^^^,
[rank0]:         File "/scratch/specforge-torchtitan-20261003/first-update-source-candidate1/specforge/modeling/draft/dflash.py", line 172, in apply_rotary_pos_emb,
[rank0]:           q_embed = (q * cos[..., -q_len:, :]) + (rotate_half(q) * sin[..., -q_len:, :]),
[rank0]:                                                   ^^^^^^^^^^^^^^^^^^^^^^^^^^^^^^^^^^^^^^,
[rank0]:       ,
[rank0]:       },
[rank0]:       stack_traces = {,
[rank0]:         File "/scratch/specforge-torchtitan-20261003/first-update-source-candidate1/specforge/modeling/draft/dflash2.py", line 237, in forward,
[rank0]:           hidden_states = self.self_attn(,
[rank0]:                           ^^^^^^^^^^^^^^^,
[rank0]:         File "/scratch/specforge-torchtitan-20261003/first-update-source-candidate1/specforge/modeling/draft/dflash.py", line 279, in forward,
[rank0]:           q, k, v = self._compute_qkv(hidden_states, target_hidden, position_embeddings),
[rank0]:                     ^^^^^^^^^^^^^^^^^^^^^^^^^^^^^^^^^^^^^^^^^^^^^^^^^^^^^^^^^^^^^^^^^^^^,
[rank0]:         File "/scratch/specforge-torchtitan-20261003/first-update-source-candidate1/specforge/modeling/draft/dflash.py", line 391, in _compute_qkv,
[rank0]:           q, k = apply_rotary_pos_emb(q, k, cos, sin),
[rank0]:                  ^^^^^^^^^^^^^^^^^^^^^^^^^^^^^^^^^^^^,
[rank0]:         File "/scratch/specforge-torchtitan-20261003/first-update-source-candidate1/specforge/modeling/draft/dflash.py", line 172, in apply_rotary_pos_emb,
[rank0]:           q_embed = (q * cos[..., -q_len:, :]) + (rotate_half(q) * sin[..., -q_len:, :]),
[rank0]:                                                                    ^^^^^^^^^^^^^^^^^^^^^,
[rank0]:       ,
[rank0]:       },
[rank0]:       stack_traces = {,
[rank0]:         File "/scratch/specforge-torchtitan-20261003/first-update-source-candidate1/specforge/modeling/draft/dflash2.py", line 237, in forward,
[rank0]:           hidden_states = self.self_attn(,
[rank0]:                           ^^^^^^^^^^^^^^^,
[rank0]:         File "/scratch/specforge-torchtitan-20261003/first-update-source-candidate1/specforge/modeling/draft/dflash.py", line 279, in forward,
[rank0]:           q, k, v = self._compute_qkv(hidden_states, target_hidden, position_embeddings),
[rank0]:                     ^^^^^^^^^^^^^^^^^^^^^^^^^^^^^^^^^^^^^^^^^^^^^^^^^^^^^^^^^^^^^^^^^^^^,
[rank0]:         File "/scratch/specforge-torchtitan-20261003/first-update-source-candidate1/specforge/modeling/draft/dflash.py", line 391, in _compute_qkv,
[rank0]:           q, k = apply_rotary_pos_emb(q, k, cos, sin),
[rank0]:                  ^^^^^^^^^^^^^^^^^^^^^^^^^^^^^^^^^^^^,
[rank0]:         File "/scratch/specforge-torchtitan-20261003/first-update-source-candidate1/specforge/modeling/draft/dflash.py", line 170, in apply_rotary_pos_emb,
[rank0]:           sin = sin.unsqueeze(unsqueeze_dim),
[rank0]:                 ^^^^^^^^^^^^^^^^^^^^^^^^^^^^,
[rank0]:       ,
[rank0]:       }
[rank0]:     ), _split_size=None, _original_inner_fn=None, _original_ranges=None, _original_reduction_ranges=None)
[rank0]:   ))
[rank0]:   args[1]: TensorBox(StorageBox(
[rank0]:     ComputedBuffer(name='buf20', layout=FixedLayout('cuda:0', torch.bfloat16, size=[1, 2, 160, 8], stride=[2560, 8, 16, 1]), data=Pointwise(
[rank0]:       'cuda',
[rank0]:       torch.bfloat16,
[rank0]:       def inner_fn(index):
[rank0]:           _, i1, i2, i3 = index
[rank0]:           tmp0 = ops.load(primals_10, i3)
[rank0]:           tmp1 = ops.to_dtype(tmp0, torch.bfloat16, use_compute_types=False)
[rank0]:           tmp2 = ops.to_dtype(tmp1, torch.bfloat16)
[rank0]:           tmp3 = ops.load(buf13, i3 + 8 * i1 + 16 * i2)
[rank0]:           tmp4 = ops.to_dtype(tmp3, torch.bfloat16, use_compute_types=False)
[rank0]:           tmp5 = ops.to_dtype(tmp4, torch.bfloat16)
[rank0]:           tmp6 = ops.to_dtype(tmp5, torch.float32, src_dtype=torch.bfloat16, use_compute_types=False)
[rank0]:           tmp7 = ops.load(buf15, i1 + 2 * i2)
[rank0]:           tmp8 = tmp6 * tmp7
[rank0]:           tmp9 = ops.to_dtype(tmp8, torch.bfloat16, src_dtype=torch.float32, use_compute_types=False)
[rank0]:           tmp10 = ops.to_dtype(tmp9, torch.bfloat16)
[rank0]:           tmp11 = ops.to_dtype(tmp10, torch.bfloat16, use_compute_types=False)
[rank0]:           tmp12 = ops.to_dtype(tmp11, torch.bfloat16)
[rank0]:           tmp13 = ops.to_dtype(tmp12, torch.bfloat16, use_compute_types=False)
[rank0]:           tmp14 = ops.to_dtype(tmp13, torch.bfloat16)
[rank0]:           tmp15 = tmp2 * tmp14
[rank0]:           tmp16 = ops.to_dtype(tmp15, torch.bfloat16, use_compute_types=False)
[rank0]:           tmp17 = ops.to_dtype(tmp16, torch.bfloat16)
[rank0]:           tmp18 = ops.to_dtype(tmp17, torch.bfloat16, use_compute_types=False)
[rank0]:           tmp19 = ops.to_dtype(tmp18, torch.bfloat16)
[rank0]:           tmp20 = ops.load(primals_11, i3 + 8 * i2)
[rank0]:           tmp21 = ops.to_dtype(tmp20, torch.bfloat16, use_compute_types=False)
[rank0]:           tmp22 = ops.to_dtype(tmp21, torch.bfloat16)
[rank0]:           tmp23 = tmp19 * tmp22
[rank0]:           tmp24 = ops.to_dtype(tmp23, torch.bfloat16, use_compute_types=False)
[rank0]:           tmp25 = ops.to_dtype(tmp24, torch.bfloat16)
[rank0]:           tmp26 = ops.to_dtype(tmp25, torch.bfloat16, use_compute_types=False)
[rank0]:           tmp27 = ops.to_dtype(tmp26, torch.bfloat16)
[rank0]:           tmp28 = ops.load(buf19, i3 + 8 * i2 + 1280 * i1)
[rank0]:           tmp29 = ops.to_dtype(tmp28, torch.bfloat16, use_compute_types=False)
[rank0]:           tmp30 = ops.to_dtype(tmp29, torch.bfloat16)
[rank0]:           tmp31 = ops.load(primals_12, i3 + 8 * i2)
[rank0]:           tmp32 = ops.to_dtype(tmp31, torch.bfloat16, use_compute_types=False)
[rank0]:           tmp33 = ops.to_dtype(tmp32, torch.bfloat16)
[rank0]:           tmp34 = tmp30 * tmp33
[rank0]:           tmp35 = ops.to_dtype(tmp34, torch.bfloat16, use_compute_types=False)
[rank0]:           tmp36 = ops.to_dtype(tmp35, torch.bfloat16)
[rank0]:           tmp37 = ops.to_dtype(tmp36, torch.bfloat16, use_compute_types=False)
[rank0]:           tmp38 = ops.to_dtype(tmp37, torch.bfloat16)
[rank0]:           tmp39 = tmp27 + tmp38
[rank0]:           tmp40 = ops.to_dtype(tmp39, torch.bfloat16, use_compute_types=False)
[rank0]:           tmp41 = ops.to_dtype(tmp40, torch.bfloat16)
[rank0]:           return tmp41
[rank0]:       ,
[rank0]:       ranges=[1, 2, 160, 8],
[rank0]:       origin_node=add_4,
[rank0]:       origins=OrderedSet([add_4, mul_8, permute_7, mul_5, convert_e...,
[rank0]:       stack_traces = {,
[rank0]:         File "/scratch/specforge-torchtitan-20261003/first-update-source-candidate1/specforge/modeling/draft/dflash2.py", line 237, in forward,
[rank0]:           hidden_states = self.self_attn(,
[rank0]:                           ^^^^^^^^^^^^^^^,
[rank0]:         File "/scratch/specforge-torchtitan-20261003/first-update-source-candidate1/specforge/modeling/draft/dflash.py", line 279, in forward,
[rank0]:           q, k, v = self._compute_qkv(hidden_states, target_hidden, position_embeddings),
[rank0]:                     ^^^^^^^^^^^^^^^^^^^^^^^^^^^^^^^^^^^^^^^^^^^^^^^^^^^^^^^^^^^^^^^^^^^^,
[rank0]:         File "/scratch/specforge-torchtitan-20261003/first-update-source-candidate1/specforge/modeling/draft/dflash.py", line 391, in _compute_qkv,
[rank0]:           q, k = apply_rotary_pos_emb(q, k, cos, sin),
[rank0]:                  ^^^^^^^^^^^^^^^^^^^^^^^^^^^^^^^^^^^^,
[rank0]:         File "/scratch/specforge-torchtitan-20261003/first-update-source-candidate1/specforge/modeling/draft/dflash.py", line 173, in apply_rotary_pos_emb,
[rank0]:           k_embed = (k * cos) + (rotate_half(k) * sin),
[rank0]:                     ^^^^^^^^^^^^^^^^^^^^^^^^^^^^^^^^^^,
[rank0]:       ,
[rank0]:       },
[rank0]:       stack_traces = {,
[rank0]:         File "/scratch/specforge-torchtitan-20261003/first-update-source-candidate1/specforge/modeling/draft/dflash2.py", line 237, in forward,
[rank0]:           hidden_states = self.self_attn(,
[rank0]:                           ^^^^^^^^^^^^^^^,
[rank0]:         File "/scratch/specforge-torchtitan-20261003/first-update-source-candidate1/specforge/modeling/draft/dflash.py", line 279, in forward,
[rank0]:           q, k, v = self._compute_qkv(hidden_states, target_hidden, position_embeddings),
[rank0]:                     ^^^^^^^^^^^^^^^^^^^^^^^^^^^^^^^^^^^^^^^^^^^^^^^^^^^^^^^^^^^^^^^^^^^^,
[rank0]:         File "/scratch/specforge-torchtitan-20261003/first-update-source-candidate1/specforge/modeling/draft/dflash.py", line 391, in _compute_qkv,
[rank0]:           q, k = apply_rotary_pos_emb(q, k, cos, sin),
[rank0]:                  ^^^^^^^^^^^^^^^^^^^^^^^^^^^^^^^^^^^^,
[rank0]:         File "/scratch/specforge-torchtitan-20261003/first-update-source-candidate1/specforge/modeling/draft/dflash.py", line 173, in apply_rotary_pos_emb,
[rank0]:           k_embed = (k * cos) + (rotate_half(k) * sin),
[rank0]:                      ^^^^^^^^^^^^^^^^^^^^^^^^^^^^^^^^^,
[rank0]:       ,
[rank0]:       },
[rank0]:       stack_traces = {,
[rank0]:         File "/scratch/specforge-torchtitan-20261003/first-update-source-candidate1/specforge/modeling/draft/dflash2.py", line 237, in forward,
[rank0]:           hidden_states = self.self_attn(,
[rank0]:                           ^^^^^^^^^^^^^^^,
[rank0]:         File "/scratch/specforge-torchtitan-20261003/first-update-source-candidate1/specforge/modeling/draft/dflash.py", line 279, in forward,
[rank0]:           q, k, v = self._compute_qkv(hidden_states, target_hidden, position_embeddings),
[rank0]:                     ^^^^^^^^^^^^^^^^^^^^^^^^^^^^^^^^^^^^^^^^^^^^^^^^^^^^^^^^^^^^^^^^^^^^,
[rank0]:         File "/scratch/specforge-torchtitan-20261003/first-update-source-candidate1/specforge/modeling/draft/dflash.py", line 388, in _compute_qkv,
[rank0]:           k = self.k_norm(k).transpose(1, 2),
[rank0]:               ^^^^^^^^^^^^^^^^^^^^^^^^^^^^^^,
[rank0]:       ,
[rank0]:       },
[rank0]:       stack_traces = {,
[rank0]:         File "/scratch/specforge-torchtitan-20261003/first-update-source-candidate1/specforge/modeling/draft/dflash2.py", line 237, in forward,
[rank0]:           hidden_states = self.self_attn(,
[rank0]:                           ^^^^^^^^^^^^^^^,
[rank0]:         File "/scratch/specforge-torchtitan-20261003/first-update-source-candidate1/specforge/modeling/draft/dflash.py", line 279, in forward,
[rank0]:           q, k, v = self._compute_qkv(hidden_states, target_hidden, position_embeddings),
[rank0]:                     ^^^^^^^^^^^^^^^^^^^^^^^^^^^^^^^^^^^^^^^^^^^^^^^^^^^^^^^^^^^^^^^^^^^^,
[rank0]:         File "/scratch/specforge-torchtitan-20261003/first-update-source-candidate1/specforge/modeling/draft/dflash.py", line 388, in _compute_qkv,
[rank0]:           k = self.k_norm(k).transpose(1, 2),
[rank0]:               ^^^^^^^^^^^^^^^^^^^^^^^^^^^^^^,
[rank0]:         File "/scratch/specforge-torchtitan-20261003/venv/lib/python3.12/site-packages/transformers/models/qwen3/modeling_qwen3.py", line 64, in forward,
[rank0]:           return self.weight * hidden_states.to(input_dtype),
[rank0]:                  ^^^^^^^^^^^^^^^^^^^^^^^^^^^^^^^^^^^^^^^^^^^,
[rank0]:       ,
[rank0]:       },
[rank0]:       stack_traces = {,
[rank0]:         File "/scratch/specforge-torchtitan-20261003/first-update-source-candidate1/specforge/modeling/draft/dflash2.py", line 237, in forward,
[rank0]:           hidden_states = self.self_attn(,
[rank0]:                           ^^^^^^^^^^^^^^^,
[rank0]:         File "/scratch/specforge-torchtitan-20261003/first-update-source-candidate1/specforge/modeling/draft/dflash.py", line 279, in forward,
[rank0]:           q, k, v = self._compute_qkv(hidden_states, target_hidden, position_embeddings),
[rank0]:                     ^^^^^^^^^^^^^^^^^^^^^^^^^^^^^^^^^^^^^^^^^^^^^^^^^^^^^^^^^^^^^^^^^^^^,
[rank0]:         File "/scratch/specforge-torchtitan-20261003/first-update-source-candidate1/specforge/modeling/draft/dflash.py", line 388, in _compute_qkv,
[rank0]:           k = self.k_norm(k).transpose(1, 2),
[rank0]:               ^^^^^^^^^^^^^^^^^^^^^^^^^^^^^^,
[rank0]:         File "/scratch/specforge-torchtitan-20261003/venv/lib/python3.12/site-packages/transformers/models/qwen3/modeling_qwen3.py", line 64, in forward,
[rank0]:           return self.weight * hidden_states.to(input_dtype),
[rank0]:                                ^^^^^^^^^^^^^^^^^^^^^^^^^^^^^,
[rank0]:       ,
[rank0]:       },
[rank0]:       stack_traces = {,
[rank0]:         File "/scratch/specforge-torchtitan-20261003/first-update-source-candidate1/specforge/modeling/draft/dflash2.py", line 237, in forward,
[rank0]:           hidden_states = self.self_attn(,
[rank0]:                           ^^^^^^^^^^^^^^^,
[rank0]:         File "/scratch/specforge-torchtitan-20261003/first-update-source-candidate1/specforge/modeling/draft/dflash.py", line 279, in forward,
[rank0]:           q, k, v = self._compute_qkv(hidden_states, target_hidden, position_embeddings),
[rank0]:                     ^^^^^^^^^^^^^^^^^^^^^^^^^^^^^^^^^^^^^^^^^^^^^^^^^^^^^^^^^^^^^^^^^^^^,
[rank0]:         File "/scratch/specforge-torchtitan-20261003/first-update-source-candidate1/specforge/modeling/draft/dflash.py", line 388, in _compute_qkv,
[rank0]:           k = self.k_norm(k).transpose(1, 2),
[rank0]:               ^^^^^^^^^^^^^^^^^^^^^^^^^^^^^^,
[rank0]:         File "/scratch/specforge-torchtitan-20261003/venv/lib/python3.12/site-packages/transformers/models/qwen3/modeling_qwen3.py", line 63, in forward,
[rank0]:           hidden_states = hidden_states * torch.rsqrt(variance + self.variance_epsilon),
[rank0]:                           ^^^^^^^^^^^^^^^^^^^^^^^^^^^^^^^^^^^^^^^^^^^^^^^^^^^^^^^^^^^^^,
[rank0]:       ,
[rank0]:       },
[rank0]:       stack_traces = {,
[rank0]:         File "/scratch/specforge-torchtitan-20261003/first-update-source-candidate1/specforge/modeling/draft/dflash2.py", line 237, in forward,
[rank0]:           hidden_states = self.self_attn(,
[rank0]:                           ^^^^^^^^^^^^^^^,
[rank0]:         File "/scratch/specforge-torchtitan-20261003/first-update-source-candidate1/specforge/modeling/draft/dflash.py", line 279, in forward,
[rank0]:           q, k, v = self._compute_qkv(hidden_states, target_hidden, position_embeddings),
[rank0]:                     ^^^^^^^^^^^^^^^^^^^^^^^^^^^^^^^^^^^^^^^^^^^^^^^^^^^^^^^^^^^^^^^^^^^^,
[rank0]:         File "/scratch/specforge-torchtitan-20261003/first-update-source-candidate1/specforge/modeling/draft/dflash.py", line 388, in _compute_qkv,
[rank0]:           k = self.k_norm(k).transpose(1, 2),
[rank0]:               ^^^^^^^^^^^^^^^^^^^^^^^^^^^^^^,
[rank0]:         File "/scratch/specforge-torchtitan-20261003/venv/lib/python3.12/site-packages/transformers/models/qwen3/modeling_qwen3.py", line 61, in forward,
[rank0]:           hidden_states = hidden_states.to(torch.float32),
[rank0]:                           ^^^^^^^^^^^^^^^^^^^^^^^^^^^^^^^,
[rank0]:       ,
[rank0]:       },
[rank0]:       stack_traces = {,
[rank0]:         File "/scratch/specforge-torchtitan-20261003/first-update-source-candidate1/specforge/modeling/draft/dflash2.py", line 237, in forward,
[rank0]:           hidden_states = self.self_attn(,
[rank0]:                           ^^^^^^^^^^^^^^^,
[rank0]:         File "/scratch/specforge-torchtitan-20261003/first-update-source-candidate1/specforge/modeling/draft/dflash.py", line 279, in forward,
[rank0]:           q, k, v = self._compute_qkv(hidden_states, target_hidden, position_embeddings),
[rank0]:                     ^^^^^^^^^^^^^^^^^^^^^^^^^^^^^^^^^^^^^^^^^^^^^^^^^^^^^^^^^^^^^^^^^^^^,
[rank0]:         File "/scratch/specforge-torchtitan-20261003/first-update-source-candidate1/specforge/modeling/draft/dflash.py", line 382, in _compute_qkv,
[rank0]:           k = torch.cat([k_ctx, k_noise], dim=1).view(,
[rank0]:               ^^^^^^^^^^^^^^^^^^^^^^^^^^^^^^^^^^^^^^^^,
[rank0]:       ,
[rank0]:       },
[rank0]:       stack_traces = {,
[rank0]:         File "/scratch/specforge-torchtitan-20261003/first-update-source-candidate1/specforge/modeling/draft/dflash2.py", line 237, in forward,
[rank0]:           hidden_states = self.self_attn(,
[rank0]:                           ^^^^^^^^^^^^^^^,
[rank0]:         File "/scratch/specforge-torchtitan-20261003/first-update-source-candidate1/specforge/modeling/draft/dflash.py", line 279, in forward,
[rank0]:           q, k, v = self._compute_qkv(hidden_states, target_hidden, position_embeddings),
[rank0]:                     ^^^^^^^^^^^^^^^^^^^^^^^^^^^^^^^^^^^^^^^^^^^^^^^^^^^^^^^^^^^^^^^^^^^^,
[rank0]:         File "/scratch/specforge-torchtitan-20261003/first-update-source-candidate1/specforge/modeling/draft/dflash.py", line 391, in _compute_qkv,
[rank0]:           q, k = apply_rotary_pos_emb(q, k, cos, sin),
[rank0]:                  ^^^^^^^^^^^^^^^^^^^^^^^^^^^^^^^^^^^^,
[rank0]:         File "/scratch/specforge-torchtitan-20261003/first-update-source-candidate1/specforge/modeling/draft/dflash.py", line 169, in apply_rotary_pos_emb,
[rank0]:           cos = cos.unsqueeze(unsqueeze_dim),
[rank0]:                 ^^^^^^^^^^^^^^^^^^^^^^^^^^^^,
[rank0]:       ,
[rank0]:       },
[rank0]:       stack_traces = {,
[rank0]:         File "/scratch/specforge-torchtitan-20261003/first-update-source-candidate1/specforge/modeling/draft/dflash2.py", line 237, in forward,
[rank0]:           hidden_states = self.self_attn(,
[rank0]:                           ^^^^^^^^^^^^^^^,
[rank0]:         File "/scratch/specforge-torchtitan-20261003/first-update-source-candidate1/specforge/modeling/draft/dflash.py", line 279, in forward,
[rank0]:           q, k, v = self._compute_qkv(hidden_states, target_hidden, position_embeddings),
[rank0]:                     ^^^^^^^^^^^^^^^^^^^^^^^^^^^^^^^^^^^^^^^^^^^^^^^^^^^^^^^^^^^^^^^^^^^^,
[rank0]:         File "/scratch/specforge-torchtitan-20261003/first-update-source-candidate1/specforge/modeling/draft/dflash.py", line 391, in _compute_qkv,
[rank0]:           q, k = apply_rotary_pos_emb(q, k, cos, sin),
[rank0]:                  ^^^^^^^^^^^^^^^^^^^^^^^^^^^^^^^^^^^^,
[rank0]:         File "/scratch/specforge-torchtitan-20261003/first-update-source-candidate1/specforge/modeling/draft/dflash.py", line 173, in apply_rotary_pos_emb,
[rank0]:           k_embed = (k * cos) + (rotate_half(k) * sin),
[rank0]:                                  ^^^^^^^^^^^^^^^^^^^^^,
[rank0]:       ,
[rank0]:       },
[rank0]:       stack_traces = {,
[rank0]:         File "/scratch/specforge-torchtitan-20261003/first-update-source-candidate1/specforge/modeling/draft/dflash2.py", line 237, in forward,
[rank0]:           hidden_states = self.self_attn(,
[rank0]:                           ^^^^^^^^^^^^^^^,
[rank0]:         File "/scratch/specforge-torchtitan-20261003/first-update-source-candidate1/specforge/modeling/draft/dflash.py", line 279, in forward,
[rank0]:           q, k, v = self._compute_qkv(hidden_states, target_hidden, position_embeddings),
[rank0]:                     ^^^^^^^^^^^^^^^^^^^^^^^^^^^^^^^^^^^^^^^^^^^^^^^^^^^^^^^^^^^^^^^^^^^^,
[rank0]:         File "/scratch/specforge-torchtitan-20261003/first-update-source-candidate1/specforge/modeling/draft/dflash.py", line 391, in _compute_qkv,
[rank0]:           q, k = apply_rotary_pos_emb(q, k, cos, sin),
[rank0]:                  ^^^^^^^^^^^^^^^^^^^^^^^^^^^^^^^^^^^^,
[rank0]:         File "/scratch/specforge-torchtitan-20261003/first-update-source-candidate1/specforge/modeling/draft/dflash.py", line 170, in apply_rotary_pos_emb,
[rank0]:           sin = sin.unsqueeze(unsqueeze_dim),
[rank0]:                 ^^^^^^^^^^^^^^^^^^^^^^^^^^^^,
[rank0]:       ,
[rank0]:       }
[rank0]:     ), _split_size=None, _original_inner_fn=None, _original_ranges=None, _original_reduction_ranges=None)
[rank0]:   ))
[rank0]:   args[2]: TensorBox(
[rank0]:     ReinterpretView(
[rank0]:       StorageBox(
[rank0]:         ComputedBuffer(name='buf16', layout=FixedLayout('cuda:0', torch.bfloat16, size=[1, 160, 16], stride=[2560, 16, 1]), data=Pointwise(
[rank0]:           'cuda',
[rank0]:           torch.bfloat16,
[rank0]:           def inner_fn(index):
[rank0]:               _, i1, i2 = index
[rank0]:               tmp0 = ops.index_expr(i1, torch.int64)
[rank0]:               tmp1 = ops.constant(0, torch.int64)
[rank0]:               tmp2 = ops.index_expr(128, torch.int64)
[rank0]:               tmp3 = tmp0 >= tmp1
[rank0]:               tmp4 = tmp0 < tmp2
[rank0]:               tmp5 = ops.load(buf11, i2 + 16 * Identity(i1))
[rank0]:               tmp6 = ops.masked(tmp4, tmp5, 0.0)
[rank0]:               tmp7 = ops.index_expr(128, torch.int64)
[rank0]:               tmp8 = ops.index_expr(160, torch.int64)
[rank0]:               tmp9 = tmp0 >= tmp7
[rank0]:               tmp10 = tmp0 < tmp8
[rank0]:               tmp11 = ops.load(buf12, i2 + 16 * Identity(-128 + i1))
[rank0]:               tmp12 = ops.masked(tmp9, tmp11, 0.0)
[rank0]:               tmp13 = ops.where(tmp4, tmp6, tmp12)
[rank0]:               return tmp13
[rank0]:           ,
[rank0]:           ranges=[1, 160, 16],
[rank0]:           origin_node=cat_1,
[rank0]:           origins=OrderedSet([cat_1, view_19, view_23]),
[rank0]:           stack_traces = {,
[rank0]:             File "/scratch/specforge-torchtitan-20261003/first-update-source-candidate1/specforge/modeling/draft/dflash2.py", line 237, in forward,
[rank0]:               hidden_states = self.self_attn(,
[rank0]:                               ^^^^^^^^^^^^^^^,
[rank0]:             File "/scratch/specforge-torchtitan-20261003/first-update-source-candidate1/specforge/modeling/draft/dflash.py", line 279, in forward,
[rank0]:               q, k, v = self._compute_qkv(hidden_states, target_hidden, position_embeddings),
[rank0]:                         ^^^^^^^^^^^^^^^^^^^^^^^^^^^^^^^^^^^^^^^^^^^^^^^^^^^^^^^^^^^^^^^^^^^^,
[rank0]:             File "/scratch/specforge-torchtitan-20261003/first-update-source-candidate1/specforge/modeling/draft/dflash.py", line 385, in _compute_qkv,
[rank0]:               v = torch.cat([v_ctx, v_noise], dim=1).view(,
[rank0]:                   ^^^^^^^^^^^^^^^^^^^^^^^^^^^^^^^^^^^^^^^^,
[rank0]:           ,
[rank0]:           },
[rank0]:           stack_traces = {,
[rank0]:             File "/scratch/specforge-torchtitan-20261003/first-update-source-candidate1/specforge/modeling/draft/dflash2.py", line 237, in forward,
[rank0]:               hidden_states = self.self_attn(,
[rank0]:                               ^^^^^^^^^^^^^^^,
[rank0]:             File "/scratch/specforge-torchtitan-20261003/first-update-source-candidate1/specforge/modeling/draft/dflash.py", line 279, in forward,
[rank0]:               q, k, v = self._compute_qkv(hidden_states, target_hidden, position_embeddings),
[rank0]:                         ^^^^^^^^^^^^^^^^^^^^^^^^^^^^^^^^^^^^^^^^^^^^^^^^^^^^^^^^^^^^^^^^^^^^,
[rank0]:             File "/scratch/specforge-torchtitan-20261003/first-update-source-candidate1/specforge/modeling/draft/dflash.py", line 380, in _compute_qkv,
[rank0]:               v_ctx = self.v_proj(target_hidden),
[rank0]:                       ^^^^^^^^^^^^^^^^^^^^^^^^^^,
[rank0]:           ,
[rank0]:           },
[rank0]:           stack_traces = {,
[rank0]:             File "/scratch/specforge-torchtitan-20261003/first-update-source-candidate1/specforge/modeling/draft/dflash2.py", line 237, in forward,
[rank0]:               hidden_states = self.self_attn(,
[rank0]:                               ^^^^^^^^^^^^^^^,
[rank0]:             File "/scratch/specforge-torchtitan-20261003/first-update-source-candidate1/specforge/modeling/draft/dflash.py", line 279, in forward,
[rank0]:               q, k, v = self._compute_qkv(hidden_states, target_hidden, position_embeddings),
[rank0]:                         ^^^^^^^^^^^^^^^^^^^^^^^^^^^^^^^^^^^^^^^^^^^^^^^^^^^^^^^^^^^^^^^^^^^^,
[rank0]:             File "/scratch/specforge-torchtitan-20261003/first-update-source-candidate1/specforge/modeling/draft/dflash.py", line 381, in _compute_qkv,
[rank0]:               v_noise = self.v_proj(hidden_states),
[rank0]:                         ^^^^^^^^^^^^^^^^^^^^^^^^^^,
[rank0]:           ,
[rank0]:           }
[rank0]:         ), _split_size=None, _original_inner_fn=None, _original_ranges=None, _original_reduction_ranges=None)
[rank0]:       ),
[rank0]:       FixedLayout('cuda:0', torch.bfloat16, size=[1, 2, 160, 8], stride=[0, 8, 16, 1]),
[rank0]:       origins=OrderedSet([permute_8, view_25, cat_1, view_19, view_...,
[rank0]:       stack_traces = {,
[rank0]:         File "/scratch/specforge-torchtitan-20261003/first-update-source-candidate1/specforge/modeling/draft/dflash2.py", line 237, in forward,
[rank0]:           hidden_states = self.self_attn(,
[rank0]:                           ^^^^^^^^^^^^^^^,
[rank0]:         File "/scratch/specforge-torchtitan-20261003/first-update-source-candidate1/specforge/modeling/draft/dflash.py", line 279, in forward,
[rank0]:           q, k, v = self._compute_qkv(hidden_states, target_hidden, position_embeddings),
[rank0]:                     ^^^^^^^^^^^^^^^^^^^^^^^^^^^^^^^^^^^^^^^^^^^^^^^^^^^^^^^^^^^^^^^^^^^^,
[rank0]:         File "/scratch/specforge-torchtitan-20261003/first-update-source-candidate1/specforge/modeling/draft/dflash.py", line 389, in _compute_qkv,
[rank0]:           v = v.transpose(1, 2),
[rank0]:               ^^^^^^^^^^^^^^^^^,
[rank0]:       ,
[rank0]:       },
[rank0]:       stack_traces = {,
[rank0]:         File "/scratch/specforge-torchtitan-20261003/first-update-source-candidate1/specforge/modeling/draft/dflash2.py", line 237, in forward,
[rank0]:           hidden_states = self.self_attn(,
[rank0]:                           ^^^^^^^^^^^^^^^,
[rank0]:         File "/scratch/specforge-torchtitan-20261003/first-update-source-candidate1/specforge/modeling/draft/dflash.py", line 279, in forward,
[rank0]:           q, k, v = self._compute_qkv(hidden_states, target_hidden, position_embeddings),
[rank0]:                     ^^^^^^^^^^^^^^^^^^^^^^^^^^^^^^^^^^^^^^^^^^^^^^^^^^^^^^^^^^^^^^^^^^^^,
[rank0]:         File "/scratch/specforge-torchtitan-20261003/first-update-source-candidate1/specforge/modeling/draft/dflash.py", line 385, in _compute_qkv,
[rank0]:           v = torch.cat([v_ctx, v_noise], dim=1).view(,
[rank0]:               ^^^^^^^^^^^^^^^^^^^^^^^^^^^^^^^^^^^^^^^^,
[rank0]:       ,
[rank0]:       },
[rank0]:       stack_traces = {,
[rank0]:         File "/scratch/specforge-torchtitan-20261003/first-update-source-candidate1/specforge/modeling/draft/dflash2.py", line 237, in forward,
[rank0]:           hidden_states = self.self_attn(,
[rank0]:                           ^^^^^^^^^^^^^^^,
[rank0]:         File "/scratch/specforge-torchtitan-20261003/first-update-source-candidate1/specforge/modeling/draft/dflash.py", line 279, in forward,
[rank0]:           q, k, v = self._compute_qkv(hidden_states, target_hidden, position_embeddings),
[rank0]:                     ^^^^^^^^^^^^^^^^^^^^^^^^^^^^^^^^^^^^^^^^^^^^^^^^^^^^^^^^^^^^^^^^^^^^,
[rank0]:         File "/scratch/specforge-torchtitan-20261003/first-update-source-candidate1/specforge/modeling/draft/dflash.py", line 380, in _compute_qkv,
[rank0]:           v_ctx = self.v_proj(target_hidden),
[rank0]:                   ^^^^^^^^^^^^^^^^^^^^^^^^^^,
[rank0]:       ,
[rank0]:       },
[rank0]:       stack_traces = {,
[rank0]:         File "/scratch/specforge-torchtitan-20261003/first-update-source-candidate1/specforge/modeling/draft/dflash2.py", line 237, in forward,
[rank0]:           hidden_states = self.self_attn(,
[rank0]:                           ^^^^^^^^^^^^^^^,
[rank0]:         File "/scratch/specforge-torchtitan-20261003/first-update-source-candidate1/specforge/modeling/draft/dflash.py", line 279, in forward,
[rank0]:           q, k, v = self._compute_qkv(hidden_states, target_hidden, position_embeddings),
[rank0]:                     ^^^^^^^^^^^^^^^^^^^^^^^^^^^^^^^^^^^^^^^^^^^^^^^^^^^^^^^^^^^^^^^^^^^^,
[rank0]:         File "/scratch/specforge-torchtitan-20261003/first-update-source-candidate1/specforge/modeling/draft/dflash.py", line 381, in _compute_qkv,
[rank0]:           v_noise = self.v_proj(hidden_states),
[rank0]:                     ^^^^^^^^^^^^^^^^^^^^^^^^^^,
[rank0]:       ,
[rank0]:       }
[rank0]:     )
[rank0]:   )
[rank0]:   args[3]: Subgraph(name='sdpa_score0', graph_module=<lambda>(), inductor_config_patches=None, graph=None)
[rank0]:   args[4]: (32, 160, TensorBox(StorageBox(
[rank0]:     InputBuffer(name='primals_14', layout=FixedLayout('cuda:0', torch.int32, size=[1, 1, 1], stride=[1, 1, 1]))
[rank0]:   )), TensorBox(StorageBox(
[rank0]:     InputBuffer(name='primals_13', layout=FixedLayout('cuda:0', torch.int32, size=[1, 1, 1, 2], stride=[2, 2, 2, 1]))
[rank0]:   )), TensorBox(StorageBox(
[rank0]:     InputBuffer(name='primals_17', layout=FixedLayout('cuda:0', torch.int32, size=[1, 1, 1], stride=[1, 1, 1]))
[rank0]:   )), TensorBox(StorageBox(
[rank0]:     InputBuffer(name='primals_18', layout=FixedLayout('cuda:0', torch.int32, size=[1, 1, 1, 2], stride=[2, 2, 2, 1]))
[rank0]:   )), TensorBox(StorageBox(
[rank0]:     InputBuffer(name='primals_19', layout=FixedLayout('cuda:0', torch.int32, size=[1, 1, 2], stride=[2, 2, 1]))
[rank0]:   )), TensorBox(StorageBox(
[rank0]:     InputBuffer(name='primals_20', layout=FixedLayout('cuda:0', torch.int32, size=[1, 1, 2, 1], stride=[2, 2, 1, 1]))
[rank0]:   )), TensorBox(StorageBox(
[rank0]:     InputBuffer(name='primals_21', layout=FixedLayout('cuda:0', torch.int32, size=[1, 1, 2], stride=[2, 2, 1]))
[rank0]:   )), TensorBox(StorageBox(
[rank0]:     InputBuffer(name='primals_22', layout=FixedLayout('cuda:0', torch.int32, size=[1, 1, 2, 1], stride=[2, 2, 1, 1]))
[rank0]:   )), None, None, None, None, 128, 128, Subgraph(name='sdpa_mask0', graph_module=<lambda>(), inductor_config_patches=None, graph=None))
[rank0]:   args[5]: 0.3535533905932738
[rank0]:   args[6]: {'BACKEND': 'TRITON', 'PRESCALE_QK': False, 'ROWS_GUARANTEED_SAFE': False, 'BLOCKS_ARE_CONTIGUOUS': False, 'WRITE_DQ': True, 'OUTPUT_LOGSUMEXP': True, 'OUTPUT_MAX': False}
[rank0]:   args[7]: ()
[rank0]:   args[8]: (TensorBox(StorageBox(
[rank0]:     InputBuffer(name='primals_15', layout=FixedLayout('cuda:0', torch.int64, size=[1, 8], stride=[8, 1]))
[rank0]:   )), TensorBox(StorageBox(
[rank0]:     InputBuffer(name='primals_16', layout=FixedLayout('cuda:0', torch.bool, size=[1, 8], stride=[8, 1]))
[rank0]:   )))NotImplementedError: NYI: embedding dimension of the query, key, and value must be at least 16 but got E=8 and Ev=8
[rank0]:   target: flex_attention
[rank0]:   args[0]: TensorBox(StorageBox(
[rank0]:     ComputedBuffer(name='buf18', layout=FixedLayout('cuda:0', torch.bfloat16, size=[1, 4, 32, 8], stride=[1024, 8, 32, 1]), data=Pointwise(
[rank0]:       'cuda',
[rank0]:       torch.bfloat16,
[rank0]:       def inner_fn(index):
[rank0]:           _, i1, i2, i3 = index
[rank0]:           tmp0 = ops.load(primals_7, i3)
[rank0]:           tmp1 = ops.to_dtype(tmp0, torch.bfloat16, use_compute_types=False)
[rank0]:           tmp2 = ops.to_dtype(tmp1, torch.bfloat16)
[rank0]:           tmp3 = ops.load(buf6, i3 + 8 * i1 + 32 * i2)
[rank0]:           tmp4 = ops.to_dtype(tmp3, torch.bfloat16, use_compute_types=False)
[rank0]:           tmp5 = ops.to_dtype(tmp4, torch.bfloat16)
[rank0]:           tmp6 = ops.to_dtype(tmp5, torch.float32, src_dtype=torch.bfloat16, use_compute_types=False)
[rank0]:           tmp7 = ops.load(buf8, i1 + 4 * i2)
[rank0]:           tmp8 = tmp6 * tmp7
[rank0]:           tmp9 = ops.to_dtype(tmp8, torch.bfloat16, src_dtype=torch.float32, use_compute_types=False)
[rank0]:           tmp10 = ops.to_dtype(tmp9, torch.bfloat16)
[rank0]:           tmp11 = ops.to_dtype(tmp10, torch.bfloat16, use_compute_types=False)
[rank0]:           tmp12 = ops.to_dtype(tmp11, torch.bfloat16)
[rank0]:           tmp13 = ops.to_dtype(tmp12, torch.bfloat16, use_compute_types=False)
[rank0]:           tmp14 = ops.to_dtype(tmp13, torch.bfloat16)
[rank0]:           tmp15 = tmp2 * tmp14
[rank0]:           tmp16 = ops.to_dtype(tmp15, torch.bfloat16, use_compute_types=False)
[rank0]:           tmp17 = ops.to_dtype(tmp16, torch.bfloat16)
[rank0]:           tmp18 = ops.to_dtype(tmp17, torch.bfloat16, use_compute_types=False)
[rank0]:           tmp19 = ops.to_dtype(tmp18, torch.bfloat16)
[rank0]:           tmp20 = ops.load(primals_11, 1024 + i3 + 8 * i2)
[rank0]:           tmp21 = ops.to_dtype(tmp20, torch.bfloat16, use_compute_types=False)
[rank0]:           tmp22 = ops.to_dtype(tmp21, torch.bfloat16)
[rank0]:           tmp23 = tmp19 * tmp22
[rank0]:           tmp24 = ops.to_dtype(tmp23, torch.bfloat16, use_compute_types=False)
[rank0]:           tmp25 = ops.to_dtype(tmp24, torch.bfloat16)
[rank0]:           tmp26 = ops.to_dtype(tmp25, torch.bfloat16, use_compute_types=False)
[rank0]:           tmp27 = ops.to_dtype(tmp26, torch.bfloat16)
[rank0]:           tmp28 = ops.load(buf17, i3 + 8 * i2 + 256 * i1)
[rank0]:           tmp29 = ops.to_dtype(tmp28, torch.bfloat16, use_compute_types=False)
[rank0]:           tmp30 = ops.to_dtype(tmp29, torch.bfloat16)
[rank0]:           tmp31 = ops.load(primals_12, 1024 + i3 + 8 * i2)
[rank0]:           tmp32 = ops.to_dtype(tmp31, torch.bfloat16, use_compute_types=False)
[rank0]:           tmp33 = ops.to_dtype(tmp32, torch.bfloat16)
[rank0]:           tmp34 = tmp30 * tmp33
[rank0]:           tmp35 = ops.to_dtype(tmp34, torch.bfloat16, use_compute_types=False)
[rank0]:           tmp36 = ops.to_dtype(tmp35, torch.bfloat16)
[rank0]:           tmp37 = ops.to_dtype(tmp36, torch.bfloat16, use_compute_types=False)
[rank0]:           tmp38 = ops.to_dtype(tmp37, torch.bfloat16)
[rank0]:           tmp39 = tmp27 + tmp38
[rank0]:           tmp40 = ops.to_dtype(tmp39, torch.bfloat16, use_compute_types=False)
[rank0]:           tmp41 = ops.to_dtype(tmp40, torch.bfloat16)
[rank0]:           return tmp41
[rank0]:       ,
[rank0]:       ranges=[1, 4, 32, 8],
[rank0]:       origin_node=add_3,
[rank0]:       origins=OrderedSet([add_3, mul_6, permute_2, mul_3, convert_e...,
[rank0]:       stack_traces = {,
[rank0]:         File "/scratch/specforge-torchtitan-20261003/first-update-source-candidate1/specforge/modeling/draft/dflash2.py", line 237, in forward,
[rank0]:           hidden_states = self.self_attn(,
[rank0]:                           ^^^^^^^^^^^^^^^,
[rank0]:         File "/scratch/specforge-torchtitan-20261003/first-update-source-candidate1/specforge/modeling/draft/dflash.py", line 279, in forward,
[rank0]:           q, k, v = self._compute_qkv(hidden_states, target_hidden, position_embeddings),
[rank0]:                     ^^^^^^^^^^^^^^^^^^^^^^^^^^^^^^^^^^^^^^^^^^^^^^^^^^^^^^^^^^^^^^^^^^^^,
[rank0]:         File "/scratch/specforge-torchtitan-20261003/first-update-source-candidate1/specforge/modeling/draft/dflash.py", line 391, in _compute_qkv,
[rank0]:           q, k = apply_rotary_pos_emb(q, k, cos, sin),
[rank0]:                  ^^^^^^^^^^^^^^^^^^^^^^^^^^^^^^^^^^^^,
[rank0]:         File "/scratch/specforge-torchtitan-20261003/first-update-source-candidate1/specforge/modeling/draft/dflash.py", line 172, in apply_rotary_pos_emb,
[rank0]:           q_embed = (q * cos[..., -q_len:, :]) + (rotate_half(q) * sin[..., -q_len:, :]),
[rank0]:                     ^^^^^^^^^^^^^^^^^^^^^^^^^^^^^^^^^^^^^^^^^^^^^^^^^^^^^^^^^^^^^^^^^^^^,
[rank0]:       ,
[rank0]:       },
[rank0]:       stack_traces = {,
[rank0]:         File "/scratch/specforge-torchtitan-20261003/first-update-source-candidate1/specforge/modeling/draft/dflash2.py", line 237, in forward,
[rank0]:           hidden_states = self.self_attn(,
[rank0]:                           ^^^^^^^^^^^^^^^,
[rank0]:         File "/scratch/specforge-torchtitan-20261003/first-update-source-candidate1/specforge/modeling/draft/dflash.py", line 279, in forward,
[rank0]:           q, k, v = self._compute_qkv(hidden_states, target_hidden, position_embeddings),
[rank0]:                     ^^^^^^^^^^^^^^^^^^^^^^^^^^^^^^^^^^^^^^^^^^^^^^^^^^^^^^^^^^^^^^^^^^^^,
[rank0]:         File "/scratch/specforge-torchtitan-20261003/first-update-source-candidate1/specforge/modeling/draft/dflash.py", line 391, in _compute_qkv,
[rank0]:           q, k = apply_rotary_pos_emb(q, k, cos, sin),
[rank0]:                  ^^^^^^^^^^^^^^^^^^^^^^^^^^^^^^^^^^^^,
[rank0]:         File "/scratch/specforge-torchtitan-20261003/first-update-source-candidate1/specforge/modeling/draft/dflash.py", line 172, in apply_rotary_pos_emb,
[rank0]:           q_embed = (q * cos[..., -q_len:, :]) + (rotate_half(q) * sin[..., -q_len:, :]),
[rank0]:                      ^^^^^^^^^^^^^^^^^^^^^^^^^^^^^^^^^^^^^^^^^^^^^^^^^^^^^^^^^^^^^^^^^^^,
[rank0]:       ,
[rank0]:       },
[rank0]:       stack_traces = {,
[rank0]:         File "/scratch/specforge-torchtitan-20261003/first-update-source-candidate1/specforge/modeling/draft/dflash2.py", line 237, in forward,
[rank0]:           hidden_states = self.self_attn(,
[rank0]:                           ^^^^^^^^^^^^^^^,
[rank0]:         File "/scratch/specforge-torchtitan-20261003/first-update-source-candidate1/specforge/modeling/draft/dflash.py", line 279, in forward,
[rank0]:           q, k, v = self._compute_qkv(hidden_states, target_hidden, position_embeddings),
[rank0]:                     ^^^^^^^^^^^^^^^^^^^^^^^^^^^^^^^^^^^^^^^^^^^^^^^^^^^^^^^^^^^^^^^^^^^^,
[rank0]:         File "/scratch/specforge-torchtitan-20261003/first-update-source-candidate1/specforge/modeling/draft/dflash.py", line 377, in _compute_qkv,
[rank0]:           q = self.q_norm(q).transpose(1, 2),
[rank0]:               ^^^^^^^^^^^^^^^^^^^^^^^^^^^^^^,
[rank0]:       ,
[rank0]:       },
[rank0]:       stack_traces = {,
[rank0]:         File "/scratch/specforge-torchtitan-20261003/first-update-source-candidate1/specforge/modeling/draft/dflash2.py", line 237, in forward,
[rank0]:           hidden_states = self.self_attn(,
[rank0]:                           ^^^^^^^^^^^^^^^,
[rank0]:         File "/scratch/specforge-torchtitan-20261003/first-update-source-candidate1/specforge/modeling/draft/dflash.py", line 279, in forward,
[rank0]:           q, k, v = self._compute_qkv(hidden_states, target_hidden, position_embeddings),
[rank0]:                     ^^^^^^^^^^^^^^^^^^^^^^^^^^^^^^^^^^^^^^^^^^^^^^^^^^^^^^^^^^^^^^^^^^^^,
[rank0]:         File "/scratch/specforge-torchtitan-20261003/first-update-source-candidate1/specforge/modeling/draft/dflash.py", line 377, in _compute_qkv,
[rank0]:           q = self.q_norm(q).transpose(1, 2),
[rank0]:               ^^^^^^^^^^^^^^^^^^^^^^^^^^^^^^,
[rank0]:         File "/scratch/specforge-torchtitan-20261003/venv/lib/python3.12/site-packages/transformers/models/qwen3/modeling_qwen3.py", line 64, in forward,
[rank0]:           return self.weight * hidden_states.to(input_dtype),
[rank0]:                  ^^^^^^^^^^^^^^^^^^^^^^^^^^^^^^^^^^^^^^^^^^^,
[rank0]:       ,
[rank0]:       },
[rank0]:       stack_traces = {,
[rank0]:         File "/scratch/specforge-torchtitan-20261003/first-update-source-candidate1/specforge/modeling/draft/dflash2.py", line 237, in forward,
[rank0]:           hidden_states = self.self_attn(,
[rank0]:                           ^^^^^^^^^^^^^^^,
[rank0]:         File "/scratch/specforge-torchtitan-20261003/first-update-source-candidate1/specforge/modeling/draft/dflash.py", line 279, in forward,
[rank0]:           q, k, v = self._compute_qkv(hidden_states, target_hidden, position_embeddings),
[rank0]:                     ^^^^^^^^^^^^^^^^^^^^^^^^^^^^^^^^^^^^^^^^^^^^^^^^^^^^^^^^^^^^^^^^^^^^,
[rank0]:         File "/scratch/specforge-torchtitan-20261003/first-update-source-candidate1/specforge/modeling/draft/dflash.py", line 377, in _compute_qkv,
[rank0]:           q = self.q_norm(q).transpose(1, 2),
[rank0]:               ^^^^^^^^^^^^^^^^^^^^^^^^^^^^^^,
[rank0]:         File "/scratch/specforge-torchtitan-20261003/venv/lib/python3.12/site-packages/transformers/models/qwen3/modeling_qwen3.py", line 64, in forward,
[rank0]:           return self.weight * hidden_states.to(input_dtype),
[rank0]:                                ^^^^^^^^^^^^^^^^^^^^^^^^^^^^^,
[rank0]:       ,
[rank0]:       },
[rank0]:       stack_traces = {,
[rank0]:         File "/scratch/specforge-torchtitan-20261003/first-update-source-candidate1/specforge/modeling/draft/dflash2.py", line 237, in forward,
[rank0]:           hidden_states = self.self_attn(,
[rank0]:                           ^^^^^^^^^^^^^^^,
[rank0]:         File "/scratch/specforge-torchtitan-20261003/first-update-source-candidate1/specforge/modeling/draft/dflash.py", line 279, in forward,
[rank0]:           q, k, v = self._compute_qkv(hidden_states, target_hidden, position_embeddings),
[rank0]:                     ^^^^^^^^^^^^^^^^^^^^^^^^^^^^^^^^^^^^^^^^^^^^^^^^^^^^^^^^^^^^^^^^^^^^,
[rank0]:         File "/scratch/specforge-torchtitan-20261003/first-update-source-candidate1/specforge/modeling/draft/dflash.py", line 377, in _compute_qkv,
[rank0]:           q = self.q_norm(q).transpose(1, 2),
[rank0]:               ^^^^^^^^^^^^^^^^^^^^^^^^^^^^^^,
[rank0]:         File "/scratch/specforge-torchtitan-20261003/venv/lib/python3.12/site-packages/transformers/models/qwen3/modeling_qwen3.py", line 63, in forward,
[rank0]:           hidden_states = hidden_states * torch.rsqrt(variance + self.variance_epsilon),
[rank0]:                           ^^^^^^^^^^^^^^^^^^^^^^^^^^^^^^^^^^^^^^^^^^^^^^^^^^^^^^^^^^^^^,
[rank0]:       ,
[rank0]:       },
[rank0]:       stack_traces = {,
[rank0]:         File "/scratch/specforge-torchtitan-20261003/first-update-source-candidate1/specforge/modeling/draft/dflash2.py", line 237, in forward,
[rank0]:           hidden_states = self.self_attn(,
[rank0]:                           ^^^^^^^^^^^^^^^,
[rank0]:         File "/scratch/specforge-torchtitan-20261003/first-update-source-candidate1/specforge/modeling/draft/dflash.py", line 279, in forward,
[rank0]:           q, k, v = self._compute_qkv(hidden_states, target_hidden, position_embeddings),
[rank0]:                     ^^^^^^^^^^^^^^^^^^^^^^^^^^^^^^^^^^^^^^^^^^^^^^^^^^^^^^^^^^^^^^^^^^^^,
[rank0]:         File "/scratch/specforge-torchtitan-20261003/first-update-source-candidate1/specforge/modeling/draft/dflash.py", line 377, in _compute_qkv,
[rank0]:           q = self.q_norm(q).transpose(1, 2),
[rank0]:               ^^^^^^^^^^^^^^^^^^^^^^^^^^^^^^,
[rank0]:         File "/scratch/specforge-torchtitan-20261003/venv/lib/python3.12/site-packages/transformers/models/qwen3/modeling_qwen3.py", line 61, in forward,
[rank0]:           hidden_states = hidden_states.to(torch.float32),
[rank0]:                           ^^^^^^^^^^^^^^^^^^^^^^^^^^^^^^^,
[rank0]:       ,
[rank0]:       },
[rank0]:       stack_traces = {,
[rank0]:         File "/scratch/specforge-torchtitan-20261003/first-update-source-candidate1/specforge/modeling/draft/dflash2.py", line 237, in forward,
[rank0]:           hidden_states = self.self_attn(,
[rank0]:                           ^^^^^^^^^^^^^^^,
[rank0]:         File "/scratch/specforge-torchtitan-20261003/first-update-source-candidate1/specforge/modeling/draft/dflash.py", line 279, in forward,
[rank0]:           q, k, v = self._compute_qkv(hidden_states, target_hidden, position_embeddings),
[rank0]:                     ^^^^^^^^^^^^^^^^^^^^^^^^^^^^^^^^^^^^^^^^^^^^^^^^^^^^^^^^^^^^^^^^^^^^,
[rank0]:         File "/scratch/specforge-torchtitan-20261003/first-update-source-candidate1/specforge/modeling/draft/dflash.py", line 376, in _compute_qkv,
[rank0]:           q = q.view(bsz, q_len, -1, self.head_dim),
[rank0]:               ^^^^^^^^^^^^^^^^^^^^^^^^^^^^^^^^^^^^^,
[rank0]:       ,
[rank0]:       },
[rank0]:       stack_traces = {,
[rank0]:         File "/scratch/specforge-torchtitan-20261003/first-update-source-candidate1/specforge/modeling/draft/dflash2.py", line 237, in forward,
[rank0]:           hidden_states = self.self_attn(,
[rank0]:                           ^^^^^^^^^^^^^^^,
[rank0]:         File "/scratch/specforge-torchtitan-20261003/first-update-source-candidate1/specforge/modeling/draft/dflash.py", line 279, in forward,
[rank0]:           q, k, v = self._compute_qkv(hidden_states, target_hidden, position_embeddings),
[rank0]:                     ^^^^^^^^^^^^^^^^^^^^^^^^^^^^^^^^^^^^^^^^^^^^^^^^^^^^^^^^^^^^^^^^^^^^,
[rank0]:         File "/scratch/specforge-torchtitan-20261003/first-update-source-candidate1/specforge/modeling/draft/dflash.py", line 375, in _compute_qkv,
[rank0]:           q = self.q_proj(hidden_states),
[rank0]:               ^^^^^^^^^^^^^^^^^^^^^^^^^^,
[rank0]:       ,
[rank0]:       },
[rank0]:       stack_traces = {,
[rank0]:         File "/scratch/specforge-torchtitan-20261003/first-update-source-candidate1/specforge/modeling/draft/dflash2.py", line 237, in forward,
[rank0]:           hidden_states = self.self_attn(,
[rank0]:                           ^^^^^^^^^^^^^^^,
[rank0]:         File "/scratch/specforge-torchtitan-20261003/first-update-source-candidate1/specforge/modeling/draft/dflash.py", line 279, in forward,
[rank0]:           q, k, v = self._compute_qkv(hidden_states, target_hidden, position_embeddings),
[rank0]:                     ^^^^^^^^^^^^^^^^^^^^^^^^^^^^^^^^^^^^^^^^^^^^^^^^^^^^^^^^^^^^^^^^^^^^,
[rank0]:         File "/scratch/specforge-torchtitan-20261003/first-update-source-candidate1/specforge/modeling/draft/dflash.py", line 391, in _compute_qkv,
[rank0]:           q, k = apply_rotary_pos_emb(q, k, cos, sin),
[rank0]:                  ^^^^^^^^^^^^^^^^^^^^^^^^^^^^^^^^^^^^,
[rank0]:         File "/scratch/specforge-torchtitan-20261003/first-update-source-candidate1/specforge/modeling/draft/dflash.py", line 172, in apply_rotary_pos_emb,
[rank0]:           q_embed = (q * cos[..., -q_len:, :]) + (rotate_half(q) * sin[..., -q_len:, :]),
[rank0]:                          ^^^^^^^^^^^^^^^^^^^^^^^^^^^^^^^^^^^^^^^^^^^^^^^^^^^^^^^^^^^^^^^,
[rank0]:       ,
[rank0]:       },
[rank0]:       stack_traces = {,
[rank0]:         File "/scratch/specforge-torchtitan-20261003/first-update-source-candidate1/specforge/modeling/draft/dflash2.py", line 237, in forward,
[rank0]:           hidden_states = self.self_attn(,
[rank0]:                           ^^^^^^^^^^^^^^^,
[rank0]:         File "/scratch/specforge-torchtitan-20261003/first-update-source-candidate1/specforge/modeling/draft/dflash.py", line 279, in forward,
[rank0]:           q, k, v = self._compute_qkv(hidden_states, target_hidden, position_embeddings),
[rank0]:                     ^^^^^^^^^^^^^^^^^^^^^^^^^^^^^^^^^^^^^^^^^^^^^^^^^^^^^^^^^^^^^^^^^^^^,
[rank0]:         File "/scratch/specforge-torchtitan-20261003/first-update-source-candidate1/specforge/modeling/draft/dflash.py", line 391, in _compute_qkv,
[rank0]:           q, k = apply_rotary_pos_emb(q, k, cos, sin),
[rank0]:                  ^^^^^^^^^^^^^^^^^^^^^^^^^^^^^^^^^^^^,
[rank0]:         File "/scratch/specforge-torchtitan-20261003/first-update-source-candidate1/specforge/modeling/draft/dflash.py", line 169, in apply_rotary_pos_emb,
[rank0]:           cos = cos.unsqueeze(unsqueeze_dim),
[rank0]:                 ^^^^^^^^^^^^^^^^^^^^^^^^^^^^,
[rank0]:       ,
[rank0]:       },
[rank0]:       stack_traces = {,
[rank0]:         File "/scratch/specforge-torchtitan-20261003/first-update-source-candidate1/specforge/modeling/draft/dflash2.py", line 237, in forward,
[rank0]:           hidden_states = self.self_attn(,
[rank0]:                           ^^^^^^^^^^^^^^^,
[rank0]:         File "/scratch/specforge-torchtitan-20261003/first-update-source-candidate1/specforge/modeling/draft/dflash.py", line 279, in forward,
[rank0]:           q, k, v = self._compute_qkv(hidden_states, target_hidden, position_embeddings),
[rank0]:                     ^^^^^^^^^^^^^^^^^^^^^^^^^^^^^^^^^^^^^^^^^^^^^^^^^^^^^^^^^^^^^^^^^^^^,
[rank0]:         File "/scratch/specforge-torchtitan-20261003/first-update-source-candidate1/specforge/modeling/draft/dflash.py", line 391, in _compute_qkv,
[rank0]:           q, k = apply_rotary_pos_emb(q, k, cos, sin),
[rank0]:                  ^^^^^^^^^^^^^^^^^^^^^^^^^^^^^^^^^^^^,
[rank0]:         File "/scratch/specforge-torchtitan-20261003/first-update-source-candidate1/specforge/modeling/draft/dflash.py", line 172, in apply_rotary_pos_emb,
[rank0]:           q_embed = (q * cos[..., -q_len:, :]) + (rotate_half(q) * sin[..., -q_len:, :]),
[rank0]:                                                   ^^^^^^^^^^^^^^^^^^^^^^^^^^^^^^^^^^^^^^,
[rank0]:       ,
[rank0]:       },
[rank0]:       stack_traces = {,
[rank0]:         File "/scratch/specforge-torchtitan-20261003/first-update-source-candidate1/specforge/modeling/draft/dflash2.py", line 237, in forward,
[rank0]:           hidden_states = self.self_attn(,
[rank0]:                           ^^^^^^^^^^^^^^^,
[rank0]:         File "/scratch/specforge-torchtitan-20261003/first-update-source-candidate1/specforge/modeling/draft/dflash.py", line 279, in forward,
[rank0]:           q, k, v = self._compute_qkv(hidden_states, target_hidden, position_embeddings),
[rank0]:                     ^^^^^^^^^^^^^^^^^^^^^^^^^^^^^^^^^^^^^^^^^^^^^^^^^^^^^^^^^^^^^^^^^^^^,
[rank0]:         File "/scratch/specforge-torchtitan-20261003/first-update-source-candidate1/specforge/modeling/draft/dflash.py", line 391, in _compute_qkv,
[rank0]:           q, k = apply_rotary_pos_emb(q, k, cos, sin),
[rank0]:                  ^^^^^^^^^^^^^^^^^^^^^^^^^^^^^^^^^^^^,
[rank0]:         File "/scratch/specforge-torchtitan-20261003/first-update-source-candidate1/specforge/modeling/draft/dflash.py", line 172, in apply_rotary_pos_emb,
[rank0]:           q_embed = (q * cos[..., -q_len:, :]) + (rotate_half(q) * sin[..., -q_len:, :]),
[rank0]:                                                                    ^^^^^^^^^^^^^^^^^^^^^,
[rank0]:       ,
[rank0]:       },
[rank0]:       stack_traces = {,
[rank0]:         File "/scratch/specforge-torchtitan-20261003/first-update-source-candidate1/specforge/modeling/draft/dflash2.py", line 237, in forward,
[rank0]:           hidden_states = self.self_attn(,
[rank0]:                           ^^^^^^^^^^^^^^^,
[rank0]:         File "/scratch/specforge-torchtitan-20261003/first-update-source-candidate1/specforge/modeling/draft/dflash.py", line 279, in forward,
[rank0]:           q, k, v = self._compute_qkv(hidden_states, target_hidden, position_embeddings),
[rank0]:                     ^^^^^^^^^^^^^^^^^^^^^^^^^^^^^^^^^^^^^^^^^^^^^^^^^^^^^^^^^^^^^^^^^^^^,
[rank0]:         File "/scratch/specforge-torchtitan-20261003/first-update-source-candidate1/specforge/modeling/draft/dflash.py", line 391, in _compute_qkv,
[rank0]:           q, k = apply_rotary_pos_emb(q, k, cos, sin),
[rank0]:                  ^^^^^^^^^^^^^^^^^^^^^^^^^^^^^^^^^^^^,
[rank0]:         File "/scratch/specforge-torchtitan-20261003/first-update-source-candidate1/specforge/modeling/draft/dflash.py", line 170, in apply_rotary_pos_emb,
[rank0]:           sin = sin.unsqueeze(unsqueeze_dim),
[rank0]:                 ^^^^^^^^^^^^^^^^^^^^^^^^^^^^,
[rank0]:       ,
[rank0]:       }
[rank0]:     ), _split_size=None, _original_inner_fn=None, _original_ranges=None, _original_reduction_ranges=None)
[rank0]:   ))
[rank0]:   args[1]: TensorBox(StorageBox(
[rank0]:     ComputedBuffer(name='buf20', layout=FixedLayout('cuda:0', torch.bfloat16, size=[1, 2, 160, 8], stride=[2560, 8, 16, 1]), data=Pointwise(
[rank0]:       'cuda',
[rank0]:       torch.bfloat16,
[rank0]:       def inner_fn(index):
[rank0]:           _, i1, i2, i3 = index
[rank0]:           tmp0 = ops.load(primals_10, i3)
[rank0]:           tmp1 = ops.to_dtype(tmp0, torch.bfloat16, use_compute_types=False)
[rank0]:           tmp2 = ops.to_dtype(tmp1, torch.bfloat16)
[rank0]:           tmp3 = ops.load(buf13, i3 + 8 * i1 + 16 * i2)
[rank0]:           tmp4 = ops.to_dtype(tmp3, torch.bfloat16, use_compute_types=False)
[rank0]:           tmp5 = ops.to_dtype(tmp4, torch.bfloat16)
[rank0]:           tmp6 = ops.to_dtype(tmp5, torch.float32, src_dtype=torch.bfloat16, use_compute_types=False)
[rank0]:           tmp7 = ops.load(buf15, i1 + 2 * i2)
[rank0]:           tmp8 = tmp6 * tmp7
[rank0]:           tmp9 = ops.to_dtype(tmp8, torch.bfloat16, src_dtype=torch.float32, use_compute_types=False)
[rank0]:           tmp10 = ops.to_dtype(tmp9, torch.bfloat16)
[rank0]:           tmp11 = ops.to_dtype(tmp10, torch.bfloat16, use_compute_types=False)
[rank0]:           tmp12 = ops.to_dtype(tmp11, torch.bfloat16)
[rank0]:           tmp13 = ops.to_dtype(tmp12, torch.bfloat16, use_compute_types=False)
[rank0]:           tmp14 = ops.to_dtype(tmp13, torch.bfloat16)
[rank0]:           tmp15 = tmp2 * tmp14
[rank0]:           tmp16 = ops.to_dtype(tmp15, torch.bfloat16, use_compute_types=False)
[rank0]:           tmp17 = ops.to_dtype(tmp16, torch.bfloat16)
[rank0]:           tmp18 = ops.to_dtype(tmp17, torch.bfloat16, use_compute_types=False)
[rank0]:           tmp19 = ops.to_dtype(tmp18, torch.bfloat16)
[rank0]:           tmp20 = ops.load(primals_11, i3 + 8 * i2)
[rank0]:           tmp21 = ops.to_dtype(tmp20, torch.bfloat16, use_compute_types=False)
[rank0]:           tmp22 = ops.to_dtype(tmp21, torch.bfloat16)
[rank0]:           tmp23 = tmp19 * tmp22
[rank0]:           tmp24 = ops.to_dtype(tmp23, torch.bfloat16, use_compute_types=False)
[rank0]:           tmp25 = ops.to_dtype(tmp24, torch.bfloat16)
[rank0]:           tmp26 = ops.to_dtype(tmp25, torch.bfloat16, use_compute_types=False)
[rank0]:           tmp27 = ops.to_dtype(tmp26, torch.bfloat16)
[rank0]:           tmp28 = ops.load(buf19, i3 + 8 * i2 + 1280 * i1)
[rank0]:           tmp29 = ops.to_dtype(tmp28, torch.bfloat16, use_compute_types=False)
[rank0]:           tmp30 = ops.to_dtype(tmp29, torch.bfloat16)
[rank0]:           tmp31 = ops.load(primals_12, i3 + 8 * i2)
[rank0]:           tmp32 = ops.to_dtype(tmp31, torch.bfloat16, use_compute_types=False)
[rank0]:           tmp33 = ops.to_dtype(tmp32, torch.bfloat16)
[rank0]:           tmp34 = tmp30 * tmp33
[rank0]:           tmp35 = ops.to_dtype(tmp34, torch.bfloat16, use_compute_types=False)
[rank0]:           tmp36 = ops.to_dtype(tmp35, torch.bfloat16)
[rank0]:           tmp37 = ops.to_dtype(tmp36, torch.bfloat16, use_compute_types=False)
[rank0]:           tmp38 = ops.to_dtype(tmp37, torch.bfloat16)
[rank0]:           tmp39 = tmp27 + tmp38
[rank0]:           tmp40 = ops.to_dtype(tmp39, torch.bfloat16, use_compute_types=False)
[rank0]:           tmp41 = ops.to_dtype(tmp40, torch.bfloat16)
[rank0]:           return tmp41
[rank0]:       ,
[rank0]:       ranges=[1, 2, 160, 8],
[rank0]:       origin_node=add_4,
[rank0]:       origins=OrderedSet([add_4, mul_8, permute_7, mul_5, convert_e...,
[rank0]:       stack_traces = {,
[rank0]:         File "/scratch/specforge-torchtitan-20261003/first-update-source-candidate1/specforge/modeling/draft/dflash2.py", line 237, in forward,
[rank0]:           hidden_states = self.self_attn(,
[rank0]:                           ^^^^^^^^^^^^^^^,
[rank0]:         File "/scratch/specforge-torchtitan-20261003/first-update-source-candidate1/specforge/modeling/draft/dflash.py", line 279, in forward,
[rank0]:           q, k, v = self._compute_qkv(hidden_states, target_hidden, position_embeddings),
[rank0]:                     ^^^^^^^^^^^^^^^^^^^^^^^^^^^^^^^^^^^^^^^^^^^^^^^^^^^^^^^^^^^^^^^^^^^^,
[rank0]:         File "/scratch/specforge-torchtitan-20261003/first-update-source-candidate1/specforge/modeling/draft/dflash.py", line 391, in _compute_qkv,
[rank0]:           q, k = apply_rotary_pos_emb(q, k, cos, sin),
[rank0]:                  ^^^^^^^^^^^^^^^^^^^^^^^^^^^^^^^^^^^^,
[rank0]:         File "/scratch/specforge-torchtitan-20261003/first-update-source-candidate1/specforge/modeling/draft/dflash.py", line 173, in apply_rotary_pos_emb,
[rank0]:           k_embed = (k * cos) + (rotate_half(k) * sin),
[rank0]:                     ^^^^^^^^^^^^^^^^^^^^^^^^^^^^^^^^^^,
[rank0]:       ,
[rank0]:       },
[rank0]:       stack_traces = {,
[rank0]:         File "/scratch/specforge-torchtitan-20261003/first-update-source-candidate1/specforge/modeling/draft/dflash2.py", line 237, in forward,
[rank0]:           hidden_states = self.self_attn(,
[rank0]:                           ^^^^^^^^^^^^^^^,
[rank0]:         File "/scratch/specforge-torchtitan-20261003/first-update-source-candidate1/specforge/modeling/draft/dflash.py", line 279, in forward,
[rank0]:           q, k, v = self._compute_qkv(hidden_states, target_hidden, position_embeddings),
[rank0]:                     ^^^^^^^^^^^^^^^^^^^^^^^^^^^^^^^^^^^^^^^^^^^^^^^^^^^^^^^^^^^^^^^^^^^^,
[rank0]:         File "/scratch/specforge-torchtitan-20261003/first-update-source-candidate1/specforge/modeling/draft/dflash.py", line 391, in _compute_qkv,
[rank0]:           q, k = apply_rotary_pos_emb(q, k, cos, sin),
[rank0]:                  ^^^^^^^^^^^^^^^^^^^^^^^^^^^^^^^^^^^^,
[rank0]:         File "/scratch/specforge-torchtitan-20261003/first-update-source-candidate1/specforge/modeling/draft/dflash.py", line 173, in apply_rotary_pos_emb,
[rank0]:           k_embed = (k * cos) + (rotate_half(k) * sin),
[rank0]:                      ^^^^^^^^^^^^^^^^^^^^^^^^^^^^^^^^^,
[rank0]:       ,
[rank0]:       },
[rank0]:       stack_traces = {,
[rank0]:         File "/scratch/specforge-torchtitan-20261003/first-update-source-candidate1/specforge/modeling/draft/dflash2.py", line 237, in forward,
[rank0]:           hidden_states = self.self_attn(,
[rank0]:                           ^^^^^^^^^^^^^^^,
[rank0]:         File "/scratch/specforge-torchtitan-20261003/first-update-source-candidate1/specforge/modeling/draft/dflash.py", line 279, in forward,
[rank0]:           q, k, v = self._compute_qkv(hidden_states, target_hidden, position_embeddings),
[rank0]:                     ^^^^^^^^^^^^^^^^^^^^^^^^^^^^^^^^^^^^^^^^^^^^^^^^^^^^^^^^^^^^^^^^^^^^,
[rank0]:         File "/scratch/specforge-torchtitan-20261003/first-update-source-candidate1/specforge/modeling/draft/dflash.py", line 388, in _compute_qkv,
[rank0]:           k = self.k_norm(k).transpose(1, 2),
[rank0]:               ^^^^^^^^^^^^^^^^^^^^^^^^^^^^^^,
[rank0]:       ,
[rank0]:       },
[rank0]:       stack_traces = {,
[rank0]:         File "/scratch/specforge-torchtitan-20261003/first-update-source-candidate1/specforge/modeling/draft/dflash2.py", line 237, in forward,
[rank0]:           hidden_states = self.self_attn(,
[rank0]:                           ^^^^^^^^^^^^^^^,
[rank0]:         File "/scratch/specforge-torchtitan-20261003/first-update-source-candidate1/specforge/modeling/draft/dflash.py", line 279, in forward,
[rank0]:           q, k, v = self._compute_qkv(hidden_states, target_hidden, position_embeddings),
[rank0]:                     ^^^^^^^^^^^^^^^^^^^^^^^^^^^^^^^^^^^^^^^^^^^^^^^^^^^^^^^^^^^^^^^^^^^^,
[rank0]:         File "/scratch/specforge-torchtitan-20261003/first-update-source-candidate1/specforge/modeling/draft/dflash.py", line 388, in _compute_qkv,
[rank0]:           k = self.k_norm(k).transpose(1, 2),
[rank0]:               ^^^^^^^^^^^^^^^^^^^^^^^^^^^^^^,
[rank0]:         File "/scratch/specforge-torchtitan-20261003/venv/lib/python3.12/site-packages/transformers/models/qwen3/modeling_qwen3.py", line 64, in forward,
[rank0]:           return self.weight * hidden_states.to(input_dtype),
[rank0]:                  ^^^^^^^^^^^^^^^^^^^^^^^^^^^^^^^^^^^^^^^^^^^,
[rank0]:       ,
[rank0]:       },
[rank0]:       stack_traces = {,
[rank0]:         File "/scratch/specforge-torchtitan-20261003/first-update-source-candidate1/specforge/modeling/draft/dflash2.py", line 237, in forward,
[rank0]:           hidden_states = self.self_attn(,
[rank0]:                           ^^^^^^^^^^^^^^^,
[rank0]:         File "/scratch/specforge-torchtitan-20261003/first-update-source-candidate1/specforge/modeling/draft/dflash.py", line 279, in forward,
[rank0]:           q, k, v = self._compute_qkv(hidden_states, target_hidden, position_embeddings),
[rank0]:                     ^^^^^^^^^^^^^^^^^^^^^^^^^^^^^^^^^^^^^^^^^^^^^^^^^^^^^^^^^^^^^^^^^^^^,
[rank0]:         File "/scratch/specforge-torchtitan-20261003/first-update-source-candidate1/specforge/modeling/draft/dflash.py", line 388, in _compute_qkv,
[rank0]:           k = self.k_norm(k).transpose(1, 2),
[rank0]:               ^^^^^^^^^^^^^^^^^^^^^^^^^^^^^^,
[rank0]:         File "/scratch/specforge-torchtitan-20261003/venv/lib/python3.12/site-packages/transformers/models/qwen3/modeling_qwen3.py", line 64, in forward,
[rank0]:           return self.weight * hidden_states.to(input_dtype),
[rank0]:                                ^^^^^^^^^^^^^^^^^^^^^^^^^^^^^,
[rank0]:       ,
[rank0]:       },
[rank0]:       stack_traces = {,
[rank0]:         File "/scratch/specforge-torchtitan-20261003/first-update-source-candidate1/specforge/modeling/draft/dflash2.py", line 237, in forward,
[rank0]:           hidden_states = self.self_attn(,
[rank0]:                           ^^^^^^^^^^^^^^^,
[rank0]:         File "/scratch/specforge-torchtitan-20261003/first-update-source-candidate1/specforge/modeling/draft/dflash.py", line 279, in forward,
[rank0]:           q, k, v = self._compute_qkv(hidden_states, target_hidden, position_embeddings),
[rank0]:                     ^^^^^^^^^^^^^^^^^^^^^^^^^^^^^^^^^^^^^^^^^^^^^^^^^^^^^^^^^^^^^^^^^^^^,
[rank0]:         File "/scratch/specforge-torchtitan-20261003/first-update-source-candidate1/specforge/modeling/draft/dflash.py", line 388, in _compute_qkv,
[rank0]:           k = self.k_norm(k).transpose(1, 2),
[rank0]:               ^^^^^^^^^^^^^^^^^^^^^^^^^^^^^^,
[rank0]:         File "/scratch/specforge-torchtitan-20261003/venv/lib/python3.12/site-packages/transformers/models/qwen3/modeling_qwen3.py", line 63, in forward,
[rank0]:           hidden_states = hidden_states * torch.rsqrt(variance + self.variance_epsilon),
[rank0]:                           ^^^^^^^^^^^^^^^^^^^^^^^^^^^^^^^^^^^^^^^^^^^^^^^^^^^^^^^^^^^^^,
[rank0]:       ,
[rank0]:       },
[rank0]:       stack_traces = {,
[rank0]:         File "/scratch/specforge-torchtitan-20261003/first-update-source-candidate1/specforge/modeling/draft/dflash2.py", line 237, in forward,
[rank0]:           hidden_states = self.self_attn(,
[rank0]:                           ^^^^^^^^^^^^^^^,
[rank0]:         File "/scratch/specforge-torchtitan-20261003/first-update-source-candidate1/specforge/modeling/draft/dflash.py", line 279, in forward,
[rank0]:           q, k, v = self._compute_qkv(hidden_states, target_hidden, position_embeddings),
[rank0]:                     ^^^^^^^^^^^^^^^^^^^^^^^^^^^^^^^^^^^^^^^^^^^^^^^^^^^^^^^^^^^^^^^^^^^^,
[rank0]:         File "/scratch/specforge-torchtitan-20261003/first-update-source-candidate1/specforge/modeling/draft/dflash.py", line 388, in _compute_qkv,
[rank0]:           k = self.k_norm(k).transpose(1, 2),
[rank0]:               ^^^^^^^^^^^^^^^^^^^^^^^^^^^^^^,
[rank0]:         File "/scratch/specforge-torchtitan-20261003/venv/lib/python3.12/site-packages/transformers/models/qwen3/modeling_qwen3.py", line 61, in forward,
[rank0]:           hidden_states = hidden_states.to(torch.float32),
[rank0]:                           ^^^^^^^^^^^^^^^^^^^^^^^^^^^^^^^,
[rank0]:       ,
[rank0]:       },
[rank0]:       stack_traces = {,
[rank0]:         File "/scratch/specforge-torchtitan-20261003/first-update-source-candidate1/specforge/modeling/draft/dflash2.py", line 237, in forward,
[rank0]:           hidden_states = self.self_attn(,
[rank0]:                           ^^^^^^^^^^^^^^^,
[rank0]:         File "/scratch/specforge-torchtitan-20261003/first-update-source-candidate1/specforge/modeling/draft/dflash.py", line 279, in forward,
[rank0]:           q, k, v = self._compute_qkv(hidden_states, target_hidden, position_embeddings),
[rank0]:                     ^^^^^^^^^^^^^^^^^^^^^^^^^^^^^^^^^^^^^^^^^^^^^^^^^^^^^^^^^^^^^^^^^^^^,
[rank0]:         File "/scratch/specforge-torchtitan-20261003/first-update-source-candidate1/specforge/modeling/draft/dflash.py", line 382, in _compute_qkv,
[rank0]:           k = torch.cat([k_ctx, k_noise], dim=1).view(,
[rank0]:               ^^^^^^^^^^^^^^^^^^^^^^^^^^^^^^^^^^^^^^^^,
[rank0]:       ,
[rank0]:       },
[rank0]:       stack_traces = {,
[rank0]:         File "/scratch/specforge-torchtitan-20261003/first-update-source-candidate1/specforge/modeling/draft/dflash2.py", line 237, in forward,
[rank0]:           hidden_states = self.self_attn(,
[rank0]:                           ^^^^^^^^^^^^^^^,
[rank0]:         File "/scratch/specforge-torchtitan-20261003/first-update-source-candidate1/specforge/modeling/draft/dflash.py", line 279, in forward,
[rank0]:           q, k, v = self._compute_qkv(hidden_states, target_hidden, position_embeddings),
[rank0]:                     ^^^^^^^^^^^^^^^^^^^^^^^^^^^^^^^^^^^^^^^^^^^^^^^^^^^^^^^^^^^^^^^^^^^^,
[rank0]:         File "/scratch/specforge-torchtitan-20261003/first-update-source-candidate1/specforge/modeling/draft/dflash.py", line 391, in _compute_qkv,
[rank0]:           q, k = apply_rotary_pos_emb(q, k, cos, sin),
[rank0]:                  ^^^^^^^^^^^^^^^^^^^^^^^^^^^^^^^^^^^^,
[rank0]:         File "/scratch/specforge-torchtitan-20261003/first-update-source-candidate1/specforge/modeling/draft/dflash.py", line 169, in apply_rotary_pos_emb,
[rank0]:           cos = cos.unsqueeze(unsqueeze_dim),
[rank0]:                 ^^^^^^^^^^^^^^^^^^^^^^^^^^^^,
[rank0]:       ,
[rank0]:       },
[rank0]:       stack_traces = {,
[rank0]:         File "/scratch/specforge-torchtitan-20261003/first-update-source-candidate1/specforge/modeling/draft/dflash2.py", line 237, in forward,
[rank0]:           hidden_states = self.self_attn(,
[rank0]:                           ^^^^^^^^^^^^^^^,
[rank0]:         File "/scratch/specforge-torchtitan-20261003/first-update-source-candidate1/specforge/modeling/draft/dflash.py", line 279, in forward,
[rank0]:           q, k, v = self._compute_qkv(hidden_states, target_hidden, position_embeddings),
[rank0]:                     ^^^^^^^^^^^^^^^^^^^^^^^^^^^^^^^^^^^^^^^^^^^^^^^^^^^^^^^^^^^^^^^^^^^^,
[rank0]:         File "/scratch/specforge-torchtitan-20261003/first-update-source-candidate1/specforge/modeling/draft/dflash.py", line 391, in _compute_qkv,
[rank0]:           q, k = apply_rotary_pos_emb(q, k, cos, sin),
[rank0]:                  ^^^^^^^^^^^^^^^^^^^^^^^^^^^^^^^^^^^^,
[rank0]:         File "/scratch/specforge-torchtitan-20261003/first-update-source-candidate1/specforge/modeling/draft/dflash.py", line 173, in apply_rotary_pos_emb,
[rank0]:           k_embed = (k * cos) + (rotate_half(k) * sin),
[rank0]:                                  ^^^^^^^^^^^^^^^^^^^^^,
[rank0]:       ,
[rank0]:       },
[rank0]:       stack_traces = {,
[rank0]:         File "/scratch/specforge-torchtitan-20261003/first-update-source-candidate1/specforge/modeling/draft/dflash2.py", line 237, in forward,
[rank0]:           hidden_states = self.self_attn(,
[rank0]:                           ^^^^^^^^^^^^^^^,
[rank0]:         File "/scratch/specforge-torchtitan-20261003/first-update-source-candidate1/specforge/modeling/draft/dflash.py", line 279, in forward,
[rank0]:           q, k, v = self._compute_qkv(hidden_states, target_hidden, position_embeddings),
[rank0]:                     ^^^^^^^^^^^^^^^^^^^^^^^^^^^^^^^^^^^^^^^^^^^^^^^^^^^^^^^^^^^^^^^^^^^^,
[rank0]:         File "/scratch/specforge-torchtitan-20261003/first-update-source-candidate1/specforge/modeling/draft/dflash.py", line 391, in _compute_qkv,
[rank0]:           q, k = apply_rotary_pos_emb(q, k, cos, sin),
[rank0]:                  ^^^^^^^^^^^^^^^^^^^^^^^^^^^^^^^^^^^^,
[rank0]:         File "/scratch/specforge-torchtitan-20261003/first-update-source-candidate1/specforge/modeling/draft/dflash.py", line 170, in apply_rotary_pos_emb,
[rank0]:           sin = sin.unsqueeze(unsqueeze_dim),
[rank0]:                 ^^^^^^^^^^^^^^^^^^^^^^^^^^^^,
[rank0]:       ,
[rank0]:       }
[rank0]:     ), _split_size=None, _original_inner_fn=None, _original_ranges=None, _original_reduction_ranges=None)
[rank0]:   ))
[rank0]:   args[2]: TensorBox(
[rank0]:     ReinterpretView(
[rank0]:       StorageBox(
[rank0]:         ComputedBuffer(name='buf16', layout=FixedLayout('cuda:0', torch.bfloat16, size=[1, 160, 16], stride=[2560, 16, 1]), data=Pointwise(
[rank0]:           'cuda',
[rank0]:           torch.bfloat16,
[rank0]:           def inner_fn(index):
[rank0]:               _, i1, i2 = index
[rank0]:               tmp0 = ops.index_expr(i1, torch.int64)
[rank0]:               tmp1 = ops.constant(0, torch.int64)
[rank0]:               tmp2 = ops.index_expr(128, torch.int64)
[rank0]:               tmp3 = tmp0 >= tmp1
[rank0]:               tmp4 = tmp0 < tmp2
[rank0]:               tmp5 = ops.load(buf11, i2 + 16 * Identity(i1))
[rank0]:               tmp6 = ops.masked(tmp4, tmp5, 0.0)
[rank0]:               tmp7 = ops.index_expr(128, torch.int64)
[rank0]:               tmp8 = ops.index_expr(160, torch.int64)
[rank0]:               tmp9 = tmp0 >= tmp7
[rank0]:               tmp10 = tmp0 < tmp8
[rank0]:               tmp11 = ops.load(buf12, i2 + 16 * Identity(-128 + i1))
[rank0]:               tmp12 = ops.masked(tmp9, tmp11, 0.0)
[rank0]:               tmp13 = ops.where(tmp4, tmp6, tmp12)
[rank0]:               return tmp13
[rank0]:           ,
[rank0]:           ranges=[1, 160, 16],
[rank0]:           origin_node=cat_1,
[rank0]:           origins=OrderedSet([cat_1, view_19, view_23]),
[rank0]:           stack_traces = {,
[rank0]:             File "/scratch/specforge-torchtitan-20261003/first-update-source-candidate1/specforge/modeling/draft/dflash2.py", line 237, in forward,
[rank0]:               hidden_states = self.self_attn(,
[rank0]:                               ^^^^^^^^^^^^^^^,
[rank0]:             File "/scratch/specforge-torchtitan-20261003/first-update-source-candidate1/specforge/modeling/draft/dflash.py", line 279, in forward,
[rank0]:               q, k, v = self._compute_qkv(hidden_states, target_hidden, position_embeddings),
[rank0]:                         ^^^^^^^^^^^^^^^^^^^^^^^^^^^^^^^^^^^^^^^^^^^^^^^^^^^^^^^^^^^^^^^^^^^^,
[rank0]:             File "/scratch/specforge-torchtitan-20261003/first-update-source-candidate1/specforge/modeling/draft/dflash.py", line 385, in _compute_qkv,
[rank0]:               v = torch.cat([v_ctx, v_noise], dim=1).view(,
[rank0]:                   ^^^^^^^^^^^^^^^^^^^^^^^^^^^^^^^^^^^^^^^^,
[rank0]:           ,
[rank0]:           },
[rank0]:           stack_traces = {,
[rank0]:             File "/scratch/specforge-torchtitan-20261003/first-update-source-candidate1/specforge/modeling/draft/dflash2.py", line 237, in forward,
[rank0]:               hidden_states = self.self_attn(,
[rank0]:                               ^^^^^^^^^^^^^^^,
[rank0]:             File "/scratch/specforge-torchtitan-20261003/first-update-source-candidate1/specforge/modeling/draft/dflash.py", line 279, in forward,
[rank0]:               q, k, v = self._compute_qkv(hidden_states, target_hidden, position_embeddings),
[rank0]:                         ^^^^^^^^^^^^^^^^^^^^^^^^^^^^^^^^^^^^^^^^^^^^^^^^^^^^^^^^^^^^^^^^^^^^,
[rank0]:             File "/scratch/specforge-torchtitan-20261003/first-update-source-candidate1/specforge/modeling/draft/dflash.py", line 380, in _compute_qkv,
[rank0]:               v_ctx = self.v_proj(target_hidden),
[rank0]:                       ^^^^^^^^^^^^^^^^^^^^^^^^^^,
[rank0]:           ,
[rank0]:           },
[rank0]:           stack_traces = {,
[rank0]:             File "/scratch/specforge-torchtitan-20261003/first-update-source-candidate1/specforge/modeling/draft/dflash2.py", line 237, in forward,
[rank0]:               hidden_states = self.self_attn(,
[rank0]:                               ^^^^^^^^^^^^^^^,
[rank0]:             File "/scratch/specforge-torchtitan-20261003/first-update-source-candidate1/specforge/modeling/draft/dflash.py", line 279, in forward,
[rank0]:               q, k, v = self._compute_qkv(hidden_states, target_hidden, position_embeddings),
[rank0]:                         ^^^^^^^^^^^^^^^^^^^^^^^^^^^^^^^^^^^^^^^^^^^^^^^^^^^^^^^^^^^^^^^^^^^^,
[rank0]:             File "/scratch/specforge-torchtitan-20261003/first-update-source-candidate1/specforge/modeling/draft/dflash.py", line 381, in _compute_qkv,
[rank0]:               v_noise = self.v_proj(hidden_states),
[rank0]:                         ^^^^^^^^^^^^^^^^^^^^^^^^^^,
[rank0]:           ,
[rank0]:           }
[rank0]:         ), _split_size=None, _original_inner_fn=None, _original_ranges=None, _original_reduction_ranges=None)
[rank0]:       ),
[rank0]:       FixedLayout('cuda:0', torch.bfloat16, size=[1, 2, 160, 8], stride=[0, 8, 16, 1]),
[rank0]:       origins=OrderedSet([permute_8, view_25, cat_1, view_19, view_...,
[rank0]:       stack_traces = {,
[rank0]:         File "/scratch/specforge-torchtitan-20261003/first-update-source-candidate1/specforge/modeling/draft/dflash2.py", line 237, in forward,
[rank0]:           hidden_states = self.self_attn(,
[rank0]:                           ^^^^^^^^^^^^^^^,
[rank0]:         File "/scratch/specforge-torchtitan-20261003/first-update-source-candidate1/specforge/modeling/draft/dflash.py", line 279, in forward,
[rank0]:           q, k, v = self._compute_qkv(hidden_states, target_hidden, position_embeddings),
[rank0]:                     ^^^^^^^^^^^^^^^^^^^^^^^^^^^^^^^^^^^^^^^^^^^^^^^^^^^^^^^^^^^^^^^^^^^^,
[rank0]:         File "/scratch/specforge-torchtitan-20261003/first-update-source-candidate1/specforge/modeling/draft/dflash.py", line 389, in _compute_qkv,
[rank0]:           v = v.transpose(1, 2),
[rank0]:               ^^^^^^^^^^^^^^^^^,
[rank0]:       ,
[rank0]:       },
[rank0]:       stack_traces = {,
[rank0]:         File "/scratch/specforge-torchtitan-20261003/first-update-source-candidate1/specforge/modeling/draft/dflash2.py", line 237, in forward,
[rank0]:           hidden_states = self.self_attn(,
[rank0]:                           ^^^^^^^^^^^^^^^,
[rank0]:         File "/scratch/specforge-torchtitan-20261003/first-update-source-candidate1/specforge/modeling/draft/dflash.py", line 279, in forward,
[rank0]:           q, k, v = self._compute_qkv(hidden_states, target_hidden, position_embeddings),
[rank0]:                     ^^^^^^^^^^^^^^^^^^^^^^^^^^^^^^^^^^^^^^^^^^^^^^^^^^^^^^^^^^^^^^^^^^^^,
[rank0]:         File "/scratch/specforge-torchtitan-20261003/first-update-source-candidate1/specforge/modeling/draft/dflash.py", line 385, in _compute_qkv,
[rank0]:           v = torch.cat([v_ctx, v_noise], dim=1).view(,
[rank0]:               ^^^^^^^^^^^^^^^^^^^^^^^^^^^^^^^^^^^^^^^^,
[rank0]:       ,
[rank0]:       },
[rank0]:       stack_traces = {,
[rank0]:         File "/scratch/specforge-torchtitan-20261003/first-update-source-candidate1/specforge/modeling/draft/dflash2.py", line 237, in forward,
[rank0]:           hidden_states = self.self_attn(,
[rank0]:                           ^^^^^^^^^^^^^^^,
[rank0]:         File "/scratch/specforge-torchtitan-20261003/first-update-source-candidate1/specforge/modeling/draft/dflash.py", line 279, in forward,
[rank0]:           q, k, v = self._compute_qkv(hidden_states, target_hidden, position_embeddings),
[rank0]:                     ^^^^^^^^^^^^^^^^^^^^^^^^^^^^^^^^^^^^^^^^^^^^^^^^^^^^^^^^^^^^^^^^^^^^,
[rank0]:         File "/scratch/specforge-torchtitan-20261003/first-update-source-candidate1/specforge/modeling/draft/dflash.py", line 380, in _compute_qkv,
[rank0]:           v_ctx = self.v_proj(target_hidden),
[rank0]:                   ^^^^^^^^^^^^^^^^^^^^^^^^^^,
[rank0]:       ,
[rank0]:       },
[rank0]:       stack_traces = {,
[rank0]:         File "/scratch/specforge-torchtitan-20261003/first-update-source-candidate1/specforge/modeling/draft/dflash2.py", line 237, in forward,
[rank0]:           hidden_states = self.self_attn(,
[rank0]:                           ^^^^^^^^^^^^^^^,
[rank0]:         File "/scratch/specforge-torchtitan-20261003/first-update-source-candidate1/specforge/modeling/draft/dflash.py", line 279, in forward,
[rank0]:           q, k, v = self._compute_qkv(hidden_states, target_hidden, position_embeddings),
[rank0]:                     ^^^^^^^^^^^^^^^^^^^^^^^^^^^^^^^^^^^^^^^^^^^^^^^^^^^^^^^^^^^^^^^^^^^^,
[rank0]:         File "/scratch/specforge-torchtitan-20261003/first-update-source-candidate1/specforge/modeling/draft/dflash.py", line 381, in _compute_qkv,
[rank0]:           v_noise = self.v_proj(hidden_states),
[rank0]:                     ^^^^^^^^^^^^^^^^^^^^^^^^^^,
[rank0]:       ,
[rank0]:       }
[rank0]:     )
[rank0]:   )
[rank0]:   args[3]: Subgraph(name='sdpa_score0', graph_module=<lambda>(), inductor_config_patches=None, graph=None)
[rank0]:   args[4]: (32, 160, TensorBox(StorageBox(
[rank0]:     InputBuffer(name='primals_14', layout=FixedLayout('cuda:0', torch.int32, size=[1, 1, 1], stride=[1, 1, 1]))
[rank0]:   )), TensorBox(StorageBox(
[rank0]:     InputBuffer(name='primals_13', layout=FixedLayout('cuda:0', torch.int32, size=[1, 1, 1, 2], stride=[2, 2, 2, 1]))
[rank0]:   )), TensorBox(StorageBox(
[rank0]:     InputBuffer(name='primals_17', layout=FixedLayout('cuda:0', torch.int32, size=[1, 1, 1], stride=[1, 1, 1]))
[rank0]:   )), TensorBox(StorageBox(
[rank0]:     InputBuffer(name='primals_18', layout=FixedLayout('cuda:0', torch.int32, size=[1, 1, 1, 2], stride=[2, 2, 2, 1]))
[rank0]:   )), TensorBox(StorageBox(
[rank0]:     InputBuffer(name='primals_19', layout=FixedLayout('cuda:0', torch.int32, size=[1, 1, 2], stride=[2, 2, 1]))
[rank0]:   )), TensorBox(StorageBox(
[rank0]:     InputBuffer(name='primals_20', layout=FixedLayout('cuda:0', torch.int32, size=[1, 1, 2, 1], stride=[2, 2, 1, 1]))
[rank0]:   )), TensorBox(StorageBox(
[rank0]:     InputBuffer(name='primals_21', layout=FixedLayout('cuda:0', torch.int32, size=[1, 1, 2], stride=[2, 2, 1]))
[rank0]:   )), TensorBox(StorageBox(
[rank0]:     InputBuffer(name='primals_22', layout=FixedLayout('cuda:0', torch.int32, size=[1, 1, 2, 1], stride=[2, 2, 1, 1]))
[rank0]:   )), None, None, None, None, 128, 128, Subgraph(name='sdpa_mask0', graph_module=<lambda>(), inductor_config_patches=None, graph=None))
[rank0]:   args[5]: 0.3535533905932738
[rank0]:   args[6]: {'BACKEND': 'TRITON', 'PRESCALE_QK': False, 'ROWS_GUARANTEED_SAFE': False, 'BLOCKS_ARE_CONTIGUOUS': False, 'WRITE_DQ': True, 'OUTPUT_LOGSUMEXP': True, 'OUTPUT_MAX': False}
[rank0]:   args[7]: ()
[rank0]:   args[8]: (TensorBox(StorageBox(
[rank0]:     InputBuffer(name='primals_15', layout=FixedLayout('cuda:0', torch.int64, size=[1, 8], stride=[8, 1]))
[rank0]:   )), TensorBox(StorageBox(
[rank0]:     InputBuffer(name='primals_16', layout=FixedLayout('cuda:0', torch.bool, size=[1, 8], stride=[8, 1]))
[rank0]:   )))
[rank0]: Found from : 
[rank0]:    File "/scratch/specforge-torchtitan-20261003/first-update-source-candidate1/specforge/modeling/draft/dflash2.py", line 237, in forward
[rank0]:     hidden_states = self.self_attn(
[rank0]:                     ^^^^^^^^^^^^^^^
[rank0]:   File "/scratch/specforge-torchtitan-20261003/first-update-source-candidate1/specforge/modeling/draft/dflash.py", line 291, in forward
[rank0]:     attn_output = compile_friendly_flex_attention(
[rank0]:                   ^^^^^^^^^^^^^^^^^^^^^^^^^^^^^^^^
[rank0]:   File "/scratch/specforge-torchtitan-20261003/venv/lib/python3.12/site-packages/transformers/integrations/flex_attention.py", line 124, in compile_friendly_flex_attention
[rank0]:     return flex_attention_compiled(
[rank0]:            ^^^^^^^^^^^^^^^^^^^^^^^^
[rank0]:   File "/scratch/specforge-torchtitan-20261003/venv/lib/python3.12/site-packages/torch/nn/attention/flex_attention.py", line 2577, in flex_attention
[rank0]:     out, lse, max_scores = flex_attention_hop(
[rank0]:                            ^^^^^^^^^^^^^^^^^^^


[rank0]: Set TORCHDYNAMO_VERBOSE=1 for the internal stack trace (please do this especially if you're reporting a bug to PyTorch). For even more developer context, set TORCH_LOGS="+dynamo"

W1003 05:08:11.044000 2047336 torch/distributed/elastic/multiprocessing/api.py:1028] Sending process 2047342 closing signal SIGTERM
E1003 05:08:11.259000 2047336 torch/distributed/elastic/multiprocessing/api.py:1002] failed (exitcode: 1) local_rank: 1 (pid: 2047343) of binary: /scratch/specforge-torchtitan-20261003/venv/bin/python
E1003 05:08:11.275000 2047336 torch/distributed/elastic/multiprocessing/errors/error_handler.py:157] no error file defined for parent, to copy child error file (/tmp/torchelastic_tyw7r3we/03f3d8c6-e713-469e-9da7-4ad3c3893018_z93u_3u6/attempt_0/1/error.json)
Traceback (most recent call last):
  File "<frozen runpy>", line 198, in _run_module_as_main
  File "<frozen runpy>", line 88, in _run_code
  File "/scratch/specforge-torchtitan-20261003/venv/lib/python3.12/site-packages/torch/distributed/run.py", line 1142, in <module>
    main()
  File "/scratch/specforge-torchtitan-20261003/venv/lib/python3.12/site-packages/torch/distributed/elastic/multiprocessing/errors/__init__.py", line 380, in wrapper
    return f(*args, **kwargs)
           ^^^^^^^^^^^^^^^^^^
  File "/scratch/specforge-torchtitan-20261003/venv/lib/python3.12/site-packages/torch/distributed/run.py", line 1138, in main
    run(args)
  File "/scratch/specforge-torchtitan-20261003/venv/lib/python3.12/site-packages/torch/distributed/run.py", line 1129, in run
    elastic_launch(
  File "/scratch/specforge-torchtitan-20261003/venv/lib/python3.12/site-packages/torch/distributed/launcher/api.py", line 197, in __call__
    return launch_agent(
           ^^^^^^^^^^^^^
  File "/scratch/specforge-torchtitan-20261003/venv/lib/python3.12/site-packages/torch/distributed/launcher/api.py", line 386, in launch_agent
    raise ChildFailedError(
torch.distributed.elastic.multiprocessing.errors.ChildFailedError: 
============================================================
/scratch/specforge-torchtitan-20261003/collect_titan_first_updates.py FAILED
------------------------------------------------------------
Failures:
[1]:
  time      : 2026-10-03_05:08:09
  host      : h200-10-220-51-9
  rank      : 0 (local_rank: 0)
  exitcode  : 1 (pid: 2047342) 
  error_file: /tmp/torchelastic_tyw7r3we/03f3d8c6-e713-469e-9da7-4ad3c3893018_z93u_3u6/attempt_0/0/error.json
  traceback : Traceback (most recent call last):
    File "/scratch/specforge-torchtitan-20261003/venv/lib/python3.12/site-packages/torch/distributed/elastic/multiprocessing/errors/__init__.py", line 380, in wrapper
      return f(*args, **kwargs)
             ^^^^^^^^^^^^^^^^^^
    File "/scratch/specforge-torchtitan-20261003/venv/lib/python3.12/site-packages/torchtitan/trainer.py", line 1039, in train
      self.train_step(data_iterator)
    File "/scratch/specforge-torchtitan-20261003/first-update-driver-candidate1/scripts/benchmark_training_backends.py", line 418, in train_step
      super().train_step(data_iterator)
    File "/scratch/specforge-torchtitan-20261003/first-update-source-candidate1/specforge/training/torchtitan/runtime.py", line 190, in train_step
      return super().train_step(data_iterator)
             ^^^^^^^^^^^^^^^^^^^^^^^^^^^^^^^^^
    File "/scratch/specforge-torchtitan-20261003/venv/lib/python3.12/site-packages/torchtitan/trainer.py", line 925, in train_step
      loss = self.forward_backward_step(
             ^^^^^^^^^^^^^^^^^^^^^^^^^^^
    File "/scratch/specforge-torchtitan-20261003/first-update-driver-candidate1/scripts/benchmark_training_backends.py", line 408, in forward_backward_step
      loss = super().forward_backward_step(**kwargs)
             ^^^^^^^^^^^^^^^^^^^^^^^^^^^^^^^^^^^^^^^
    File "/scratch/specforge-torchtitan-20261003/venv/lib/python3.12/site-packages/torchtitan/observability/structured_logger/structured_logging.py", line 429, in sync_wrapper
      return func(*args, **kwargs)
             ^^^^^^^^^^^^^^^^^^^^^
    File "/scratch/specforge-torchtitan-20261003/venv/lib/python3.12/site-packages/torchtitan/trainer.py", line 804, in forward_backward_step
      return self.fwd_bwd_fn(inputs, labels, global_valid_tokens, extra_kwargs)
             ^^^^^^^^^^^^^^^^^^^^^^^^^^^^^^^^^^^^^^^^^^^^^^^^^^^^^^^^^^^^^^^^^^
    File "/scratch/specforge-torchtitan-20261003/venv/lib/python3.12/site-packages/torchtitan/distributed/cudagraph.py", line 403, in run
      return graph_wrapper(
             ^^^^^^^^^^^^^^
    File "/scratch/specforge-torchtitan-20261003/venv/lib/python3.12/site-packages/torchtitan/distributed/cudagraph.py", line 300, in __call__
      output = self._fn(*args)
               ^^^^^^^^^^^^^^^
    File "/scratch/specforge-torchtitan-20261003/venv/lib/python3.12/site-packages/torchtitan/distributed/cudagraph.py", line 381, in flat_fwd_bwd
      return fwd_bwd_fn(
             ^^^^^^^^^^^
    File "/scratch/specforge-torchtitan-20261003/venv/lib/python3.12/site-packages/torchtitan/trainer.py", line 814, in _forward_backward_body
      pred = self.model_parts[0](inputs, **extra_kwargs)
             ^^^^^^^^^^^^^^^^^^^^^^^^^^^^^^^^^^^^^^^^^^^
    File "/scratch/specforge-torchtitan-20261003/venv/lib/python3.12/site-packages/torch/nn/modules/module.py", line 1783, in _wrapped_call_impl
      return self._call_impl(*args, **kwargs)
             ^^^^^^^^^^^^^^^^^^^^^^^^^^^^^^^^
    File "/scratch/specforge-torchtitan-20261003/venv/lib/python3.12/site-packages/torch/nn/modules/module.py", line 1794, in _call_impl
      return forward_call(*args, **kwargs)
             ^^^^^^^^^^^^^^^^^^^^^^^^^^^^^
    File "/scratch/specforge-torchtitan-20261003/first-update-source-candidate1/specforge/training/torchtitan/model.py", line 241, in forward
      loss, accuracy, metrics = self.training_model(input_ids=input_ids, **kwargs)
                                ^^^^^^^^^^^^^^^^^^^^^^^^^^^^^^^^^^^^^^^^^^^^^^^^^^
    File "/scratch/specforge-torchtitan-20261003/venv/lib/python3.12/site-packages/torch/nn/modules/module.py", line 1783, in _wrapped_call_impl
      return self._call_impl(*args, **kwargs)
             ^^^^^^^^^^^^^^^^^^^^^^^^^^^^^^^^
    File "/scratch/specforge-torchtitan-20261003/venv/lib/python3.12/site-packages/torch/nn/modules/module.py", line 1794, in _call_impl
      return forward_call(*args, **kwargs)
             ^^^^^^^^^^^^^^^^^^^^^^^^^^^^^
    File "/scratch/specforge-torchtitan-20261003/first-update-source-candidate1/specforge/algorithms/common/dflash_family_model.py", line 1575, in forward
      self._forward_draft_blocks(
    File "/scratch/specforge-torchtitan-20261003/first-update-source-candidate1/specforge/algorithms/common/dflash_family_model.py", line 783, in _forward_draft_blocks
      output_hidden = self.draft_model(
                      ^^^^^^^^^^^^^^^^^
    File "/scratch/specforge-torchtitan-20261003/venv/lib/python3.12/site-packages/torch/nn/modules/module.py", line 1783, in _wrapped_call_impl
      return self._call_impl(*args, **kwargs)
             ^^^^^^^^^^^^^^^^^^^^^^^^^^^^^^^^
    File "/scratch/specforge-torchtitan-20261003/venv/lib/python3.12/site-packages/torch/nn/modules/module.py", line 1889, in _call_impl
      return inner()
             ^^^^^^^
    File "/scratch/specforge-torchtitan-20261003/venv/lib/python3.12/site-packages/torch/nn/modules/module.py", line 1837, in inner
      result = forward_call(*args, **kwargs)
               ^^^^^^^^^^^^^^^^^^^^^^^^^^^^^
    File "/scratch/specforge-torchtitan-20261003/first-update-source-candidate1/specforge/modeling/draft/dflash.py", line 807, in forward
      hidden_states = layer(
                      ^^^^^^
    File "/scratch/specforge-torchtitan-20261003/venv/lib/python3.12/site-packages/transformers/modeling_layers.py", line 93, in __call__
      return super().__call__(*args, **kwargs)
             ^^^^^^^^^^^^^^^^^^^^^^^^^^^^^^^^^
    File "/scratch/specforge-torchtitan-20261003/venv/lib/python3.12/site-packages/torch/nn/modules/module.py", line 1781, in _wrapped_call_impl
      return self._compiled_call_impl(*args, **kwargs)  # type: ignore[misc]
             ^^^^^^^^^^^^^^^^^^^^^^^^^^^^^^^^^^^^^^^^^
    File "/scratch/specforge-torchtitan-20261003/venv/lib/python3.12/site-packages/torch/_dynamo/eval_frame.py", line 1278, in compile_wrapper
      raise e.remove_dynamo_frames() from None  # see TORCHDYNAMO_VERBOSE=1
      ^^^^^^^^^^^^^^^^^^^^^^^^^^^^^^^^^^^^^^^^
    File "/scratch/specforge-torchtitan-20261003/venv/lib/python3.12/site-packages/torch/_inductor/compile_fx.py", line 1192, in _compile_fx_inner
      raise InductorError(e, currentframe()).with_traceback(
    File "/scratch/specforge-torchtitan-20261003/venv/lib/python3.12/site-packages/torch/_inductor/compile_fx.py", line 1169, in _compile_fx_inner
      mb_compiled_graph = fx_codegen_and_compile(
                          ^^^^^^^^^^^^^^^^^^^^^^^
    File "/scratch/specforge-torchtitan-20261003/venv/lib/python3.12/site-packages/torch/_inductor/compile_fx.py", line 2001, in fx_codegen_and_compile
      return scheme.codegen_and_compile(gm, example_inputs, inputs_to_check, graph_kwargs)
             ^^^^^^^^^^^^^^^^^^^^^^^^^^^^^^^^^^^^^^^^^^^^^^^^^^^^^^^^^^^^^^^^^^^^^^^^^^^^^
    File "/scratch/specforge-torchtitan-20261003/venv/lib/python3.12/site-packages/torch/_inductor/compile_fx.py", line 1660, in codegen_and_compile
      graph.run(*example_inputs)
    File "/scratch/specforge-torchtitan-20261003/venv/lib/python3.12/site-packages/torch/_inductor/graph.py", line 1135, in run
      return super().run(*args)
             ^^^^^^^^^^^^^^^^^^
    File "/scratch/specforge-torchtitan-20261003/venv/lib/python3.12/site-packages/torch/fx/interpreter.py", line 197, in run
      self.env[node] = self.run_node(node)
                       ^^^^^^^^^^^^^^^^^^^
    File "/scratch/specforge-torchtitan-20261003/venv/lib/python3.12/site-packages/torch/_inductor/graph.py", line 2062, in run_node
      result = super().run_node(n)
               ^^^^^^^^^^^^^^^^^^^
    File "/scratch/specforge-torchtitan-20261003/venv/lib/python3.12/site-packages/torch/fx/interpreter.py", line 294, in run_node
      return getattr(self, n.op)(n.target, args, kwargs)
             ^^^^^^^^^^^^^^^^^^^^^^^^^^^^^^^^^^^^^^^^^^^
    File "/scratch/specforge-torchtitan-20261003/venv/lib/python3.12/site-packages/torch/_inductor/graph.py", line 1567, in call_function
      raise LoweringException(
    File "/scratch/specforge-torchtitan-20261003/venv/lib/python3.12/site-packages/torch/_inductor/graph.py", line 1544, in call_function
      out = lowerings[target](*args, **kwargs)
            ^^^^^^^^^^^^^^^^^^^^^^^^^^^^^^^^^^
    File "/scratch/specforge-torchtitan-20261003/venv/lib/python3.12/site-packages/torch/_inductor/lowering.py", line 525, in wrapped
      out = decomp_fn(*args, **kwargs)
            ^^^^^^^^^^^^^^^^^^^^^^^^^^
    File "/scratch/specforge-torchtitan-20261003/venv/lib/python3.12/site-packages/torch/_inductor/kernel/flex/flex_attention.py", line 205, in flex_attention
      raise NotImplementedError(
  torch._inductor.exc.InductorError: LoweringException: NotImplementedError: NYI: embedding dimension of the query, key, and value must be at least 16 but got E=8 and Ev=8
    target: flex_attention
    args[0]: TensorBox(StorageBox(
      ComputedBuffer(name='buf18', layout=FixedLayout('cuda:0', torch.bfloat16, size=[1, 4, 32, 8], stride=[1024, 8, 32, 1]), data=Pointwise(
        'cuda',
        torch.bfloat16,
        def inner_fn(index):
            _, i1, i2, i3 = index
            tmp0 = ops.load(primals_7, i3)
            tmp1 = ops.to_dtype(tmp0, torch.bfloat16, use_compute_types=False)
            tmp2 = ops.to_dtype(tmp1, torch.bfloat16)
            tmp3 = ops.load(buf6, i3 + 8 * i1 + 32 * i2)
            tmp4 = ops.to_dtype(tmp3, torch.bfloat16, use_compute_types=False)
            tmp5 = ops.to_dtype(tmp4, torch.bfloat16)
            tmp6 = ops.to_dtype(tmp5, torch.float32, src_dtype=torch.bfloat16, use_compute_types=False)
            tmp7 = ops.load(buf8, i1 + 4 * i2)
            tmp8 = tmp6 * tmp7
            tmp9 = ops.to_dtype(tmp8, torch.bfloat16, src_dtype=torch.float32, use_compute_types=False)
            tmp10 = ops.to_dtype(tmp9, torch.bfloat16)
            tmp11 = ops.to_dtype(tmp10, torch.bfloat16, use_compute_types=False)
            tmp12 = ops.to_dtype(tmp11, torch.bfloat16)
            tmp13 = ops.to_dtype(tmp12, torch.bfloat16, use_compute_types=False)
            tmp14 = ops.to_dtype(tmp13, torch.bfloat16)
            tmp15 = tmp2 * tmp14
            tmp16 = ops.to_dtype(tmp15, torch.bfloat16, use_compute_types=False)
            tmp17 = ops.to_dtype(tmp16, torch.bfloat16)
            tmp18 = ops.to_dtype(tmp17, torch.bfloat16, use_compute_types=False)
            tmp19 = ops.to_dtype(tmp18, torch.bfloat16)
            tmp20 = ops.load(primals_11, 1024 + i3 + 8 * i2)
            tmp21 = ops.to_dtype(tmp20, torch.bfloat16, use_compute_types=False)
            tmp22 = ops.to_dtype(tmp21, torch.bfloat16)
            tmp23 = tmp19 * tmp22
            tmp24 = ops.to_dtype(tmp23, torch.bfloat16, use_compute_types=False)
            tmp25 = ops.to_dtype(tmp24, torch.bfloat16)
            tmp26 = ops.to_dtype(tmp25, torch.bfloat16, use_compute_types=False)
            tmp27 = ops.to_dtype(tmp26, torch.bfloat16)
            tmp28 = ops.load(buf17, i3 + 8 * i2 + 256 * i1)
            tmp29 = ops.to_dtype(tmp28, torch.bfloat16, use_compute_types=False)
            tmp30 = ops.to_dtype(tmp29, torch.bfloat16)
            tmp31 = ops.load(primals_12, 1024 + i3 + 8 * i2)
            tmp32 = ops.to_dtype(tmp31, torch.bfloat16, use_compute_types=False)
            tmp33 = ops.to_dtype(tmp32, torch.bfloat16)
            tmp34 = tmp30 * tmp33
            tmp35 = ops.to_dtype(tmp34, torch.bfloat16, use_compute_types=False)
            tmp36 = ops.to_dtype(tmp35, torch.bfloat16)
            tmp37 = ops.to_dtype(tmp36, torch.bfloat16, use_compute_types=False)
            tmp38 = ops.to_dtype(tmp37, torch.bfloat16)
            tmp39 = tmp27 + tmp38
            tmp40 = ops.to_dtype(tmp39, torch.bfloat16, use_compute_types=False)
            tmp41 = ops.to_dtype(tmp40, torch.bfloat16)
            return tmp41
        ,
        ranges=[1, 4, 32, 8],
        origin_node=add_3,
        origins=OrderedSet([add_3, mul_6, permute_2, mul_3, convert_e...,
        stack_traces = {,
          File "/scratch/specforge-torchtitan-20261003/first-update-source-candidate1/specforge/modeling/draft/dflash2.py", line 237, in forward,
            hidden_states = self.self_attn(,
                            ^^^^^^^^^^^^^^^,
          File "/scratch/specforge-torchtitan-20261003/first-update-source-candidate1/specforge/modeling/draft/dflash.py", line 279, in forward,
            q, k, v = self._compute_qkv(hidden_states, target_hidden, position_embeddings),
                      ^^^^^^^^^^^^^^^^^^^^^^^^^^^^^^^^^^^^^^^^^^^^^^^^^^^^^^^^^^^^^^^^^^^^,
          File "/scratch/specforge-torchtitan-20261003/first-update-source-candidate1/specforge/modeling/draft/dflash.py", line 391, in _compute_qkv,
            q, k = apply_rotary_pos_emb(q, k, cos, sin),
                   ^^^^^^^^^^^^^^^^^^^^^^^^^^^^^^^^^^^^,
          File "/scratch/specforge-torchtitan-20261003/first-update-source-candidate1/specforge/modeling/draft/dflash.py", line 172, in apply_rotary_pos_emb,
            q_embed = (q * cos[..., -q_len:, :]) + (rotate_half(q) * sin[..., -q_len:, :]),
                      ^^^^^^^^^^^^^^^^^^^^^^^^^^^^^^^^^^^^^^^^^^^^^^^^^^^^^^^^^^^^^^^^^^^^,
        ,
        },
        stack_traces = {,
          File "/scratch/specforge-torchtitan-20261003/first-update-source-candidate1/specforge/modeling/draft/dflash2.py", line 237, in forward,
            hidden_states = self.self_attn(,
                            ^^^^^^^^^^^^^^^,
          File "/scratch/specforge-torchtitan-20261003/first-update-source-candidate1/specforge/modeling/draft/dflash.py", line 279, in forward,
            q, k, v = self._compute_qkv(hidden_states, target_hidden, position_embeddings),
                      ^^^^^^^^^^^^^^^^^^^^^^^^^^^^^^^^^^^^^^^^^^^^^^^^^^^^^^^^^^^^^^^^^^^^,
          File "/scratch/specforge-torchtitan-20261003/first-update-source-candidate1/specforge/modeling/draft/dflash.py", line 391, in _compute_qkv,
            q, k = apply_rotary_pos_emb(q, k, cos, sin),
                   ^^^^^^^^^^^^^^^^^^^^^^^^^^^^^^^^^^^^,
          File "/scratch/specforge-torchtitan-20261003/first-update-source-candidate1/specforge/modeling/draft/dflash.py", line 172, in apply_rotary_pos_emb,
            q_embed = (q * cos[..., -q_len:, :]) + (rotate_half(q) * sin[..., -q_len:, :]),
                       ^^^^^^^^^^^^^^^^^^^^^^^^^^^^^^^^^^^^^^^^^^^^^^^^^^^^^^^^^^^^^^^^^^^,
        ,
        },
        stack_traces = {,
          File "/scratch/specforge-torchtitan-20261003/first-update-source-candidate1/specforge/modeling/draft/dflash2.py", line 237, in forward,
            hidden_states = self.self_attn(,
                            ^^^^^^^^^^^^^^^,
          File "/scratch/specforge-torchtitan-20261003/first-update-source-candidate1/specforge/modeling/draft/dflash.py", line 279, in forward,
            q, k, v = self._compute_qkv(hidden_states, target_hidden, position_embeddings),
                      ^^^^^^^^^^^^^^^^^^^^^^^^^^^^^^^^^^^^^^^^^^^^^^^^^^^^^^^^^^^^^^^^^^^^,
          File "/scratch/specforge-torchtitan-20261003/first-update-source-candidate1/specforge/modeling/draft/dflash.py", line 377, in _compute_qkv,
            q = self.q_norm(q).transpose(1, 2),
                ^^^^^^^^^^^^^^^^^^^^^^^^^^^^^^,
        ,
        },
        stack_traces = {,
          File "/scratch/specforge-torchtitan-20261003/first-update-source-candidate1/specforge/modeling/draft/dflash2.py", line 237, in forward,
            hidden_states = self.self_attn(,
                            ^^^^^^^^^^^^^^^,
          File "/scratch/specforge-torchtitan-20261003/first-update-source-candidate1/specforge/modeling/draft/dflash.py", line 279, in forward,
            q, k, v = self._compute_qkv(hidden_states, target_hidden, position_embeddings),
                      ^^^^^^^^^^^^^^^^^^^^^^^^^^^^^^^^^^^^^^^^^^^^^^^^^^^^^^^^^^^^^^^^^^^^,
          File "/scratch/specforge-torchtitan-20261003/first-update-source-candidate1/specforge/modeling/draft/dflash.py", line 377, in _compute_qkv,
            q = self.q_norm(q).transpose(1, 2),
                ^^^^^^^^^^^^^^^^^^^^^^^^^^^^^^,
          File "/scratch/specforge-torchtitan-20261003/venv/lib/python3.12/site-packages/transformers/models/qwen3/modeling_qwen3.py", line 64, in forward,
            return self.weight * hidden_states.to(input_dtype),
                   ^^^^^^^^^^^^^^^^^^^^^^^^^^^^^^^^^^^^^^^^^^^,
        ,
        },
        stack_traces = {,
          File "/scratch/specforge-torchtitan-20261003/first-update-source-candidate1/specforge/modeling/draft/dflash2.py", line 237, in forward,
            hidden_states = self.self_attn(,
                            ^^^^^^^^^^^^^^^,
          File "/scratch/specforge-torchtitan-20261003/first-update-source-candidate1/specforge/modeling/draft/dflash.py", line 279, in forward,
            q, k, v = self._compute_qkv(hidden_states, target_hidden, position_embeddings),
                      ^^^^^^^^^^^^^^^^^^^^^^^^^^^^^^^^^^^^^^^^^^^^^^^^^^^^^^^^^^^^^^^^^^^^,
          File "/scratch/specforge-torchtitan-20261003/first-update-source-candidate1/specforge/modeling/draft/dflash.py", line 377, in _compute_qkv,
            q = self.q_norm(q).transpose(1, 2),
                ^^^^^^^^^^^^^^^^^^^^^^^^^^^^^^,
          File "/scratch/specforge-torchtitan-20261003/venv/lib/python3.12/site-packages/transformers/models/qwen3/modeling_qwen3.py", line 64, in forward,
            return self.weight * hidden_states.to(input_dtype),
                                 ^^^^^^^^^^^^^^^^^^^^^^^^^^^^^,
        ,
        },
        stack_traces = {,
          File "/scratch/specforge-torchtitan-20261003/first-update-source-candidate1/specforge/modeling/draft/dflash2.py", line 237, in forward,
            hidden_states = self.self_attn(,
                            ^^^^^^^^^^^^^^^,
          File "/scratch/specforge-torchtitan-20261003/first-update-source-candidate1/specforge/modeling/draft/dflash.py", line 279, in forward,
            q, k, v = self._compute_qkv(hidden_states, target_hidden, position_embeddings),
                      ^^^^^^^^^^^^^^^^^^^^^^^^^^^^^^^^^^^^^^^^^^^^^^^^^^^^^^^^^^^^^^^^^^^^,
          File "/scratch/specforge-torchtitan-20261003/first-update-source-candidate1/specforge/modeling/draft/dflash.py", line 377, in _compute_qkv,
            q = self.q_norm(q).transpose(1, 2),
                ^^^^^^^^^^^^^^^^^^^^^^^^^^^^^^,
          File "/scratch/specforge-torchtitan-20261003/venv/lib/python3.12/site-packages/transformers/models/qwen3/modeling_qwen3.py", line 63, in forward,
            hidden_states = hidden_states * torch.rsqrt(variance + self.variance_epsilon),
                            ^^^^^^^^^^^^^^^^^^^^^^^^^^^^^^^^^^^^^^^^^^^^^^^^^^^^^^^^^^^^^,
        ,
        },
        stack_traces = {,
          File "/scratch/specforge-torchtitan-20261003/first-update-source-candidate1/specforge/modeling/draft/dflash2.py", line 237, in forward,
            hidden_states = self.self_attn(,
                            ^^^^^^^^^^^^^^^,
          File "/scratch/specforge-torchtitan-20261003/first-update-source-candidate1/specforge/modeling/draft/dflash.py", line 279, in forward,
            q, k, v = self._compute_qkv(hidden_states, target_hidden, position_embeddings),
                      ^^^^^^^^^^^^^^^^^^^^^^^^^^^^^^^^^^^^^^^^^^^^^^^^^^^^^^^^^^^^^^^^^^^^,
          File "/scratch/specforge-torchtitan-20261003/first-update-source-candidate1/specforge/modeling/draft/dflash.py", line 377, in _compute_qkv,
            q = self.q_norm(q).transpose(1, 2),
                ^^^^^^^^^^^^^^^^^^^^^^^^^^^^^^,
          File "/scratch/specforge-torchtitan-20261003/venv/lib/python3.12/site-packages/transformers/models/qwen3/modeling_qwen3.py", line 61, in forward,
            hidden_states = hidden_states.to(torch.float32),
                            ^^^^^^^^^^^^^^^^^^^^^^^^^^^^^^^,
        ,
        },
        stack_traces = {,
          File "/scratch/specforge-torchtitan-20261003/first-update-source-candidate1/specforge/modeling/draft/dflash2.py", line 237, in forward,
            hidden_states = self.self_attn(,
                            ^^^^^^^^^^^^^^^,
          File "/scratch/specforge-torchtitan-20261003/first-update-source-candidate1/specforge/modeling/draft/dflash.py", line 279, in forward,
            q, k, v = self._compute_qkv(hidden_states, target_hidden, position_embeddings),
                      ^^^^^^^^^^^^^^^^^^^^^^^^^^^^^^^^^^^^^^^^^^^^^^^^^^^^^^^^^^^^^^^^^^^^,
          File "/scratch/specforge-torchtitan-20261003/first-update-source-candidate1/specforge/modeling/draft/dflash.py", line 376, in _compute_qkv,
            q = q.view(bsz, q_len, -1, self.head_dim),
                ^^^^^^^^^^^^^^^^^^^^^^^^^^^^^^^^^^^^^,
        ,
        },
        stack_traces = {,
          File "/scratch/specforge-torchtitan-20261003/first-update-source-candidate1/specforge/modeling/draft/dflash2.py", line 237, in forward,
            hidden_states = self.self_attn(,
                            ^^^^^^^^^^^^^^^,
          File "/scratch/specforge-torchtitan-20261003/first-update-source-candidate1/specforge/modeling/draft/dflash.py", line 279, in forward,
            q, k, v = self._compute_qkv(hidden_states, target_hidden, position_embeddings),
                      ^^^^^^^^^^^^^^^^^^^^^^^^^^^^^^^^^^^^^^^^^^^^^^^^^^^^^^^^^^^^^^^^^^^^,
          File "/scratch/specforge-torchtitan-20261003/first-update-source-candidate1/specforge/modeling/draft/dflash.py", line 375, in _compute_qkv,
            q = self.q_proj(hidden_states),
                ^^^^^^^^^^^^^^^^^^^^^^^^^^,
        ,
        },
        stack_traces = {,
          File "/scratch/specforge-torchtitan-20261003/first-update-source-candidate1/specforge/modeling/draft/dflash2.py", line 237, in forward,
            hidden_states = self.self_attn(,
                            ^^^^^^^^^^^^^^^,
          File "/scratch/specforge-torchtitan-20261003/first-update-source-candidate1/specforge/modeling/draft/dflash.py", line 279, in forward,
            q, k, v = self._compute_qkv(hidden_states, target_hidden, position_embeddings),
                      ^^^^^^^^^^^^^^^^^^^^^^^^^^^^^^^^^^^^^^^^^^^^^^^^^^^^^^^^^^^^^^^^^^^^,
          File "/scratch/specforge-torchtitan-20261003/first-update-source-candidate1/specforge/modeling/draft/dflash.py", line 391, in _compute_qkv,
            q, k = apply_rotary_pos_emb(q, k, cos, sin),
                   ^^^^^^^^^^^^^^^^^^^^^^^^^^^^^^^^^^^^,
          File "/scratch/specforge-torchtitan-20261003/first-update-source-candidate1/specforge/modeling/draft/dflash.py", line 172, in apply_rotary_pos_emb,
            q_embed = (q * cos[..., -q_len:, :]) + (rotate_half(q) * sin[..., -q_len:, :]),
                           ^^^^^^^^^^^^^^^^^^^^^^^^^^^^^^^^^^^^^^^^^^^^^^^^^^^^^^^^^^^^^^^,
        ,
        },
        stack_traces = {,
          File "/scratch/specforge-torchtitan-20261003/first-update-source-candidate1/specforge/modeling/draft/dflash2.py", line 237, in forward,
            hidden_states = self.self_attn(,
                            ^^^^^^^^^^^^^^^,
          File "/scratch/specforge-torchtitan-20261003/first-update-source-candidate1/specforge/modeling/draft/dflash.py", line 279, in forward,
            q, k, v = self._compute_qkv(hidden_states, target_hidden, position_embeddings),
                      ^^^^^^^^^^^^^^^^^^^^^^^^^^^^^^^^^^^^^^^^^^^^^^^^^^^^^^^^^^^^^^^^^^^^,
          File "/scratch/specforge-torchtitan-20261003/first-update-source-candidate1/specforge/modeling/draft/dflash.py", line 391, in _compute_qkv,
            q, k = apply_rotary_pos_emb(q, k, cos, sin),
                   ^^^^^^^^^^^^^^^^^^^^^^^^^^^^^^^^^^^^,
          File "/scratch/specforge-torchtitan-20261003/first-update-source-candidate1/specforge/modeling/draft/dflash.py", line 169, in apply_rotary_pos_emb,
            cos = cos.unsqueeze(unsqueeze_dim),
                  ^^^^^^^^^^^^^^^^^^^^^^^^^^^^,
        ,
        },
        stack_traces = {,
          File "/scratch/specforge-torchtitan-20261003/first-update-source-candidate1/specforge/modeling/draft/dflash2.py", line 237, in forward,
            hidden_states = self.self_attn(,
                            ^^^^^^^^^^^^^^^,
          File "/scratch/specforge-torchtitan-20261003/first-update-source-candidate1/specforge/modeling/draft/dflash.py", line 279, in forward,
            q, k, v = self._compute_qkv(hidden_states, target_hidden, position_embeddings),
                      ^^^^^^^^^^^^^^^^^^^^^^^^^^^^^^^^^^^^^^^^^^^^^^^^^^^^^^^^^^^^^^^^^^^^,
          File "/scratch/specforge-torchtitan-20261003/first-update-source-candidate1/specforge/modeling/draft/dflash.py", line 391, in _compute_qkv,
            q, k = apply_rotary_pos_emb(q, k, cos, sin),
                   ^^^^^^^^^^^^^^^^^^^^^^^^^^^^^^^^^^^^,
          File "/scratch/specforge-torchtitan-20261003/first-update-source-candidate1/specforge/modeling/draft/dflash.py", line 172, in apply_rotary_pos_emb,
            q_embed = (q * cos[..., -q_len:, :]) + (rotate_half(q) * sin[..., -q_len:, :]),
                                                    ^^^^^^^^^^^^^^^^^^^^^^^^^^^^^^^^^^^^^^,
        ,
        },
        stack_traces = {,
          File "/scratch/specforge-torchtitan-20261003/first-update-source-candidate1/specforge/modeling/draft/dflash2.py", line 237, in forward,
            hidden_states = self.self_attn(,
                            ^^^^^^^^^^^^^^^,
          File "/scratch/specforge-torchtitan-20261003/first-update-source-candidate1/specforge/modeling/draft/dflash.py", line 279, in forward,
            q, k, v = self._compute_qkv(hidden_states, target_hidden, position_embeddings),
                      ^^^^^^^^^^^^^^^^^^^^^^^^^^^^^^^^^^^^^^^^^^^^^^^^^^^^^^^^^^^^^^^^^^^^,
          File "/scratch/specforge-torchtitan-20261003/first-update-source-candidate1/specforge/modeling/draft/dflash.py", line 391, in _compute_qkv,
            q, k = apply_rotary_pos_emb(q, k, cos, sin),
                   ^^^^^^^^^^^^^^^^^^^^^^^^^^^^^^^^^^^^,
          File "/scratch/specforge-torchtitan-20261003/first-update-source-candidate1/specforge/modeling/draft/dflash.py", line 172, in apply_rotary_pos_emb,
            q_embed = (q * cos[..., -q_len:, :]) + (rotate_half(q) * sin[..., -q_len:, :]),
                                                                     ^^^^^^^^^^^^^^^^^^^^^,
        ,
        },
        stack_traces = {,
          File "/scratch/specforge-torchtitan-20261003/first-update-source-candidate1/specforge/modeling/draft/dflash2.py", line 237, in forward,
            hidden_states = self.self_attn(,
                            ^^^^^^^^^^^^^^^,
          File "/scratch/specforge-torchtitan-20261003/first-update-source-candidate1/specforge/modeling/draft/dflash.py", line 279, in forward,
            q, k, v = self._compute_qkv(hidden_states, target_hidden, position_embeddings),
                      ^^^^^^^^^^^^^^^^^^^^^^^^^^^^^^^^^^^^^^^^^^^^^^^^^^^^^^^^^^^^^^^^^^^^,
          File "/scratch/specforge-torchtitan-20261003/first-update-source-candidate1/specforge/modeling/draft/dflash.py", line 391, in _compute_qkv,
            q, k = apply_rotary_pos_emb(q, k, cos, sin),
                   ^^^^^^^^^^^^^^^^^^^^^^^^^^^^^^^^^^^^,
          File "/scratch/specforge-torchtitan-20261003/first-update-source-candidate1/specforge/modeling/draft/dflash.py", line 170, in apply_rotary_pos_emb,
            sin = sin.unsqueeze(unsqueeze_dim),
                  ^^^^^^^^^^^^^^^^^^^^^^^^^^^^,
        ,
        }
      ), _split_size=None, _original_inner_fn=None, _original_ranges=None, _original_reduction_ranges=None)
    ))
    args[1]: TensorBox(StorageBox(
      ComputedBuffer(name='buf20', layout=FixedLayout('cuda:0', torch.bfloat16, size=[1, 2, 160, 8], stride=[2560, 8, 16, 1]), data=Pointwise(
        'cuda',
        torch.bfloat16,
        def inner_fn(index):
            _, i1, i2, i3 = index
            tmp0 = ops.load(primals_10, i3)
            tmp1 = ops.to_dtype(tmp0, torch.bfloat16, use_compute_types=False)
            tmp2 = ops.to_dtype(tmp1, torch.bfloat16)
            tmp3 = ops.load(buf13, i3 + 8 * i1 + 16 * i2)
            tmp4 = ops.to_dtype(tmp3, torch.bfloat16, use_compute_types=False)
            tmp5 = ops.to_dtype(tmp4, torch.bfloat16)
            tmp6 = ops.to_dtype(tmp5, torch.float32, src_dtype=torch.bfloat16, use_compute_types=False)
            tmp7 = ops.load(buf15, i1 + 2 * i2)
            tmp8 = tmp6 * tmp7
            tmp9 = ops.to_dtype(tmp8, torch.bfloat16, src_dtype=torch.float32, use_compute_types=False)
            tmp10 = ops.to_dtype(tmp9, torch.bfloat16)
            tmp11 = ops.to_dtype(tmp10, torch.bfloat16, use_compute_types=False)
            tmp12 = ops.to_dtype(tmp11, torch.bfloat16)
            tmp13 = ops.to_dtype(tmp12, torch.bfloat16, use_compute_types=False)
            tmp14 = ops.to_dtype(tmp13, torch.bfloat16)
            tmp15 = tmp2 * tmp14
            tmp16 = ops.to_dtype(tmp15, torch.bfloat16, use_compute_types=False)
            tmp17 = ops.to_dtype(tmp16, torch.bfloat16)
            tmp18 = ops.to_dtype(tmp17, torch.bfloat16, use_compute_types=False)
            tmp19 = ops.to_dtype(tmp18, torch.bfloat16)
            tmp20 = ops.load(primals_11, i3 + 8 * i2)
            tmp21 = ops.to_dtype(tmp20, torch.bfloat16, use_compute_types=False)
            tmp22 = ops.to_dtype(tmp21, torch.bfloat16)
            tmp23 = tmp19 * tmp22
            tmp24 = ops.to_dtype(tmp23, torch.bfloat16, use_compute_types=False)
            tmp25 = ops.to_dtype(tmp24, torch.bfloat16)
            tmp26 = ops.to_dtype(tmp25, torch.bfloat16, use_compute_types=False)
            tmp27 = ops.to_dtype(tmp26, torch.bfloat16)
            tmp28 = ops.load(buf19, i3 + 8 * i2 + 1280 * i1)
            tmp29 = ops.to_dtype(tmp28, torch.bfloat16, use_compute_types=False)
            tmp30 = ops.to_dtype(tmp29, torch.bfloat16)
            tmp31 = ops.load(primals_12, i3 + 8 * i2)
            tmp32 = ops.to_dtype(tmp31, torch.bfloat16, use_compute_types=False)
            tmp33 = ops.to_dtype(tmp32, torch.bfloat16)
            tmp34 = tmp30 * tmp33
            tmp35 = ops.to_dtype(tmp34, torch.bfloat16, use_compute_types=False)
            tmp36 = ops.to_dtype(tmp35, torch.bfloat16)
            tmp37 = ops.to_dtype(tmp36, torch.bfloat16, use_compute_types=False)
            tmp38 = ops.to_dtype(tmp37, torch.bfloat16)
            tmp39 = tmp27 + tmp38
            tmp40 = ops.to_dtype(tmp39, torch.bfloat16, use_compute_types=False)
            tmp41 = ops.to_dtype(tmp40, torch.bfloat16)
            return tmp41
        ,
        ranges=[1, 2, 160, 8],
        origin_node=add_4,
        origins=OrderedSet([add_4, mul_8, permute_7, mul_5, convert_e...,
        stack_traces = {,
          File "/scratch/specforge-torchtitan-20261003/first-update-source-candidate1/specforge/modeling/draft/dflash2.py", line 237, in forward,
            hidden_states = self.self_attn(,
                            ^^^^^^^^^^^^^^^,
          File "/scratch/specforge-torchtitan-20261003/first-update-source-candidate1/specforge/modeling/draft/dflash.py", line 279, in forward,
            q, k, v = self._compute_qkv(hidden_states, target_hidden, position_embeddings),
                      ^^^^^^^^^^^^^^^^^^^^^^^^^^^^^^^^^^^^^^^^^^^^^^^^^^^^^^^^^^^^^^^^^^^^,
          File "/scratch/specforge-torchtitan-20261003/first-update-source-candidate1/specforge/modeling/draft/dflash.py", line 391, in _compute_qkv,
            q, k = apply_rotary_pos_emb(q, k, cos, sin),
                   ^^^^^^^^^^^^^^^^^^^^^^^^^^^^^^^^^^^^,
          File "/scratch/specforge-torchtitan-20261003/first-update-source-candidate1/specforge/modeling/draft/dflash.py", line 173, in apply_rotary_pos_emb,
            k_embed = (k * cos) + (rotate_half(k) * sin),
                      ^^^^^^^^^^^^^^^^^^^^^^^^^^^^^^^^^^,
        ,
        },
        stack_traces = {,
          File "/scratch/specforge-torchtitan-20261003/first-update-source-candidate1/specforge/modeling/draft/dflash2.py", line 237, in forward,
            hidden_states = self.self_attn(,
                            ^^^^^^^^^^^^^^^,
          File "/scratch/specforge-torchtitan-20261003/first-update-source-candidate1/specforge/modeling/draft/dflash.py", line 279, in forward,
            q, k, v = self._compute_qkv(hidden_states, target_hidden, position_embeddings),
                      ^^^^^^^^^^^^^^^^^^^^^^^^^^^^^^^^^^^^^^^^^^^^^^^^^^^^^^^^^^^^^^^^^^^^,
          File "/scratch/specforge-torchtitan-20261003/first-update-source-candidate1/specforge/modeling/draft/dflash.py", line 391, in _compute_qkv,
            q, k = apply_rotary_pos_emb(q, k, cos, sin),
                   ^^^^^^^^^^^^^^^^^^^^^^^^^^^^^^^^^^^^,
          File "/scratch/specforge-torchtitan-20261003/first-update-source-candidate1/specforge/modeling/draft/dflash.py", line 173, in apply_rotary_pos_emb,
            k_embed = (k * cos) + (rotate_half(k) * sin),
                       ^^^^^^^^^^^^^^^^^^^^^^^^^^^^^^^^^,
        ,
        },
        stack_traces = {,
          File "/scratch/specforge-torchtitan-20261003/first-update-source-candidate1/specforge/modeling/draft/dflash2.py", line 237, in forward,
            hidden_states = self.self_attn(,
                            ^^^^^^^^^^^^^^^,
          File "/scratch/specforge-torchtitan-20261003/first-update-source-candidate1/specforge/modeling/draft/dflash.py", line 279, in forward,
            q, k, v = self._compute_qkv(hidden_states, target_hidden, position_embeddings),
                      ^^^^^^^^^^^^^^^^^^^^^^^^^^^^^^^^^^^^^^^^^^^^^^^^^^^^^^^^^^^^^^^^^^^^,
          File "/scratch/specforge-torchtitan-20261003/first-update-source-candidate1/specforge/modeling/draft/dflash.py", line 388, in _compute_qkv,
            k = self.k_norm(k).transpose(1, 2),
                ^^^^^^^^^^^^^^^^^^^^^^^^^^^^^^,
        ,
        },
        stack_traces = {,
          File "/scratch/specforge-torchtitan-20261003/first-update-source-candidate1/specforge/modeling/draft/dflash2.py", line 237, in forward,
            hidden_states = self.self_attn(,
                            ^^^^^^^^^^^^^^^,
          File "/scratch/specforge-torchtitan-20261003/first-update-source-candidate1/specforge/modeling/draft/dflash.py", line 279, in forward,
            q, k, v = self._compute_qkv(hidden_states, target_hidden, position_embeddings),
                      ^^^^^^^^^^^^^^^^^^^^^^^^^^^^^^^^^^^^^^^^^^^^^^^^^^^^^^^^^^^^^^^^^^^^,
          File "/scratch/specforge-torchtitan-20261003/first-update-source-candidate1/specforge/modeling/draft/dflash.py", line 388, in _compute_qkv,
            k = self.k_norm(k).transpose(1, 2),
                ^^^^^^^^^^^^^^^^^^^^^^^^^^^^^^,
          File "/scratch/specforge-torchtitan-20261003/venv/lib/python3.12/site-packages/transformers/models/qwen3/modeling_qwen3.py", line 64, in forward,
            return self.weight * hidden_states.to(input_dtype),
                   ^^^^^^^^^^^^^^^^^^^^^^^^^^^^^^^^^^^^^^^^^^^,
        ,
        },
        stack_traces = {,
          File "/scratch/specforge-torchtitan-20261003/first-update-source-candidate1/specforge/modeling/draft/dflash2.py", line 237, in forward,
            hidden_states = self.self_attn(,
                            ^^^^^^^^^^^^^^^,
          File "/scratch/specforge-torchtitan-20261003/first-update-source-candidate1/specforge/modeling/draft/dflash.py", line 279, in forward,
            q, k, v = self._compute_qkv(hidden_states, target_hidden, position_embeddings),
                      ^^^^^^^^^^^^^^^^^^^^^^^^^^^^^^^^^^^^^^^^^^^^^^^^^^^^^^^^^^^^^^^^^^^^,
          File "/scratch/specforge-torchtitan-20261003/first-update-source-candidate1/specforge/modeling/draft/dflash.py", line 388, in _compute_qkv,
            k = self.k_norm(k).transpose(1, 2),
                ^^^^^^^^^^^^^^^^^^^^^^^^^^^^^^,
          File "/scratch/specforge-torchtitan-20261003/venv/lib/python3.12/site-packages/transformers/models/qwen3/modeling_qwen3.py", line 64, in forward,
            return self.weight * hidden_states.to(input_dtype),
                                 ^^^^^^^^^^^^^^^^^^^^^^^^^^^^^,
        ,
        },
        stack_traces = {,
          File "/scratch/specforge-torchtitan-20261003/first-update-source-candidate1/specforge/modeling/draft/dflash2.py", line 237, in forward,
            hidden_states = self.self_attn(,
                            ^^^^^^^^^^^^^^^,
          File "/scratch/specforge-torchtitan-20261003/first-update-source-candidate1/specforge/modeling/draft/dflash.py", line 279, in forward,
            q, k, v = self._compute_qkv(hidden_states, target_hidden, position_embeddings),
                      ^^^^^^^^^^^^^^^^^^^^^^^^^^^^^^^^^^^^^^^^^^^^^^^^^^^^^^^^^^^^^^^^^^^^,
          File "/scratch/specforge-torchtitan-20261003/first-update-source-candidate1/specforge/modeling/draft/dflash.py", line 388, in _compute_qkv,
            k = self.k_norm(k).transpose(1, 2),
                ^^^^^^^^^^^^^^^^^^^^^^^^^^^^^^,
          File "/scratch/specforge-torchtitan-20261003/venv/lib/python3.12/site-packages/transformers/models/qwen3/modeling_qwen3.py", line 63, in forward,
            hidden_states = hidden_states * torch.rsqrt(variance + self.variance_epsilon),
                            ^^^^^^^^^^^^^^^^^^^^^^^^^^^^^^^^^^^^^^^^^^^^^^^^^^^^^^^^^^^^^,
        ,
        },
        stack_traces = {,
          File "/scratch/specforge-torchtitan-20261003/first-update-source-candidate1/specforge/modeling/draft/dflash2.py", line 237, in forward,
            hidden_states = self.self_attn(,
                            ^^^^^^^^^^^^^^^,
          File "/scratch/specforge-torchtitan-20261003/first-update-source-candidate1/specforge/modeling/draft/dflash.py", line 279, in forward,
            q, k, v = self._compute_qkv(hidden_states, target_hidden, position_embeddings),
                      ^^^^^^^^^^^^^^^^^^^^^^^^^^^^^^^^^^^^^^^^^^^^^^^^^^^^^^^^^^^^^^^^^^^^,
          File "/scratch/specforge-torchtitan-20261003/first-update-source-candidate1/specforge/modeling/draft/dflash.py", line 388, in _compute_qkv,
            k = self.k_norm(k).transpose(1, 2),
                ^^^^^^^^^^^^^^^^^^^^^^^^^^^^^^,
          File "/scratch/specforge-torchtitan-20261003/venv/lib/python3.12/site-packages/transformers/models/qwen3/modeling_qwen3.py", line 61, in forward,
            hidden_states = hidden_states.to(torch.float32),
                            ^^^^^^^^^^^^^^^^^^^^^^^^^^^^^^^,
        ,
        },
        stack_traces = {,
          File "/scratch/specforge-torchtitan-20261003/first-update-source-candidate1/specforge/modeling/draft/dflash2.py", line 237, in forward,
            hidden_states = self.self_attn(,
                            ^^^^^^^^^^^^^^^,
          File "/scratch/specforge-torchtitan-20261003/first-update-source-candidate1/specforge/modeling/draft/dflash.py", line 279, in forward,
            q, k, v = self._compute_qkv(hidden_states, target_hidden, position_embeddings),
                      ^^^^^^^^^^^^^^^^^^^^^^^^^^^^^^^^^^^^^^^^^^^^^^^^^^^^^^^^^^^^^^^^^^^^,
          File "/scratch/specforge-torchtitan-20261003/first-update-source-candidate1/specforge/modeling/draft/dflash.py", line 382, in _compute_qkv,
            k = torch.cat([k_ctx, k_noise], dim=1).view(,
                ^^^^^^^^^^^^^^^^^^^^^^^^^^^^^^^^^^^^^^^^,
        ,
        },
        stack_traces = {,
          File "/scratch/specforge-torchtitan-20261003/first-update-source-candidate1/specforge/modeling/draft/dflash2.py", line 237, in forward,
            hidden_states = self.self_attn(,
                            ^^^^^^^^^^^^^^^,
          File "/scratch/specforge-torchtitan-20261003/first-update-source-candidate1/specforge/modeling/draft/dflash.py", line 279, in forward,
            q, k, v = self._compute_qkv(hidden_states, target_hidden, position_embeddings),
                      ^^^^^^^^^^^^^^^^^^^^^^^^^^^^^^^^^^^^^^^^^^^^^^^^^^^^^^^^^^^^^^^^^^^^,
          File "/scratch/specforge-torchtitan-20261003/first-update-source-candidate1/specforge/modeling/draft/dflash.py", line 391, in _compute_qkv,
            q, k = apply_rotary_pos_emb(q, k, cos, sin),
                   ^^^^^^^^^^^^^^^^^^^^^^^^^^^^^^^^^^^^,
          File "/scratch/specforge-torchtitan-20261003/first-update-source-candidate1/specforge/modeling/draft/dflash.py", line 169, in apply_rotary_pos_emb,
            cos = cos.unsqueeze(unsqueeze_dim),
                  ^^^^^^^^^^^^^^^^^^^^^^^^^^^^,
        ,
        },
        stack_traces = {,
          File "/scratch/specforge-torchtitan-20261003/first-update-source-candidate1/specforge/modeling/draft/dflash2.py", line 237, in forward,
            hidden_states = self.self_attn(,
                            ^^^^^^^^^^^^^^^,
          File "/scratch/specforge-torchtitan-20261003/first-update-source-candidate1/specforge/modeling/draft/dflash.py", line 279, in forward,
            q, k, v = self._compute_qkv(hidden_states, target_hidden, position_embeddings),
                      ^^^^^^^^^^^^^^^^^^^^^^^^^^^^^^^^^^^^^^^^^^^^^^^^^^^^^^^^^^^^^^^^^^^^,
          File "/scratch/specforge-torchtitan-20261003/first-update-source-candidate1/specforge/modeling/draft/dflash.py", line 391, in _compute_qkv,
            q, k = apply_rotary_pos_emb(q, k, cos, sin),
                   ^^^^^^^^^^^^^^^^^^^^^^^^^^^^^^^^^^^^,
          File "/scratch/specforge-torchtitan-20261003/first-update-source-candidate1/specforge/modeling/draft/dflash.py", line 173, in apply_rotary_pos_emb,
            k_embed = (k * cos) + (rotate_half(k) * sin),
                                   ^^^^^^^^^^^^^^^^^^^^^,
        ,
        },
        stack_traces = {,
          File "/scratch/specforge-torchtitan-20261003/first-update-source-candidate1/specforge/modeling/draft/dflash2.py", line 237, in forward,
            hidden_states = self.self_attn(,
                            ^^^^^^^^^^^^^^^,
          File "/scratch/specforge-torchtitan-20261003/first-update-source-candidate1/specforge/modeling/draft/dflash.py", line 279, in forward,
            q, k, v = self._compute_qkv(hidden_states, target_hidden, position_embeddings),
                      ^^^^^^^^^^^^^^^^^^^^^^^^^^^^^^^^^^^^^^^^^^^^^^^^^^^^^^^^^^^^^^^^^^^^,
          File "/scratch/specforge-torchtitan-20261003/first-update-source-candidate1/specforge/modeling/draft/dflash.py", line 391, in _compute_qkv,
            q, k = apply_rotary_pos_emb(q, k, cos, sin),
                   ^^^^^^^^^^^^^^^^^^^^^^^^^^^^^^^^^^^^,
          File "/scratch/specforge-torchtitan-20261003/first-update-source-candidate1/specforge/modeling/draft/dflash.py", line 170, in apply_rotary_pos_emb,
            sin = sin.unsqueeze(unsqueeze_dim),
                  ^^^^^^^^^^^^^^^^^^^^^^^^^^^^,
        ,
        }
      ), _split_size=None, _original_inner_fn=None, _original_ranges=None, _original_reduction_ranges=None)
    ))
    args[2]: TensorBox(
      ReinterpretView(
        StorageBox(
          ComputedBuffer(name='buf16', layout=FixedLayout('cuda:0', torch.bfloat16, size=[1, 160, 16], stride=[2560, 16, 1]), data=Pointwise(
            'cuda',
            torch.bfloat16,
            def inner_fn(index):
                _, i1, i2 = index
                tmp0 = ops.index_expr(i1, torch.int64)
                tmp1 = ops.constant(0, torch.int64)
                tmp2 = ops.index_expr(128, torch.int64)
                tmp3 = tmp0 >= tmp1
                tmp4 = tmp0 < tmp2
                tmp5 = ops.load(buf11, i2 + 16 * Identity(i1))
                tmp6 = ops.masked(tmp4, tmp5, 0.0)
                tmp7 = ops.index_expr(128, torch.int64)
                tmp8 = ops.index_expr(160, torch.int64)
                tmp9 = tmp0 >= tmp7
                tmp10 = tmp0 < tmp8
                tmp11 = ops.load(buf12, i2 + 16 * Identity(-128 + i1))
                tmp12 = ops.masked(tmp9, tmp11, 0.0)
                tmp13 = ops.where(tmp4, tmp6, tmp12)
                return tmp13
            ,
            ranges=[1, 160, 16],
            origin_node=cat_1,
            origins=OrderedSet([cat_1, view_19, view_23]),
            stack_traces = {,
              File "/scratch/specforge-torchtitan-20261003/first-update-source-candidate1/specforge/modeling/draft/dflash2.py", line 237, in forward,
                hidden_states = self.self_attn(,
                                ^^^^^^^^^^^^^^^,
              File "/scratch/specforge-torchtitan-20261003/first-update-source-candidate1/specforge/modeling/draft/dflash.py", line 279, in forward,
                q, k, v = self._compute_qkv(hidden_states, target_hidden, position_embeddings),
                          ^^^^^^^^^^^^^^^^^^^^^^^^^^^^^^^^^^^^^^^^^^^^^^^^^^^^^^^^^^^^^^^^^^^^,
              File "/scratch/specforge-torchtitan-20261003/first-update-source-candidate1/specforge/modeling/draft/dflash.py", line 385, in _compute_qkv,
                v = torch.cat([v_ctx, v_noise], dim=1).view(,
                    ^^^^^^^^^^^^^^^^^^^^^^^^^^^^^^^^^^^^^^^^,
            ,
            },
            stack_traces = {,
              File "/scratch/specforge-torchtitan-20261003/first-update-source-candidate1/specforge/modeling/draft/dflash2.py", line 237, in forward,
                hidden_states = self.self_attn(,
                                ^^^^^^^^^^^^^^^,
              File "/scratch/specforge-torchtitan-20261003/first-update-source-candidate1/specforge/modeling/draft/dflash.py", line 279, in forward,
                q, k, v = self._compute_qkv(hidden_states, target_hidden, position_embeddings),
                          ^^^^^^^^^^^^^^^^^^^^^^^^^^^^^^^^^^^^^^^^^^^^^^^^^^^^^^^^^^^^^^^^^^^^,
              File "/scratch/specforge-torchtitan-20261003/first-update-source-candidate1/specforge/modeling/draft/dflash.py", line 380, in _compute_qkv,
                v_ctx = self.v_proj(target_hidden),
                        ^^^^^^^^^^^^^^^^^^^^^^^^^^,
            ,
            },
            stack_traces = {,
              File "/scratch/specforge-torchtitan-20261003/first-update-source-candidate1/specforge/modeling/draft/dflash2.py", line 237, in forward,
                hidden_states = self.self_attn(,
                                ^^^^^^^^^^^^^^^,
              File "/scratch/specforge-torchtitan-20261003/first-update-source-candidate1/specforge/modeling/draft/dflash.py", line 279, in forward,
                q, k, v = self._compute_qkv(hidden_states, target_hidden, position_embeddings),
                          ^^^^^^^^^^^^^^^^^^^^^^^^^^^^^^^^^^^^^^^^^^^^^^^^^^^^^^^^^^^^^^^^^^^^,
              File "/scratch/specforge-torchtitan-20261003/first-update-source-candidate1/specforge/modeling/draft/dflash.py", line 381, in _compute_qkv,
                v_noise = self.v_proj(hidden_states),
                          ^^^^^^^^^^^^^^^^^^^^^^^^^^,
            ,
            }
          ), _split_size=None, _original_inner_fn=None, _original_ranges=None, _original_reduction_ranges=None)
        ),
        FixedLayout('cuda:0', torch.bfloat16, size=[1, 2, 160, 8], stride=[0, 8, 16, 1]),
        origins=OrderedSet([permute_8, view_25, cat_1, view_19, view_...,
        stack_traces = {,
          File "/scratch/specforge-torchtitan-20261003/first-update-source-candidate1/specforge/modeling/draft/dflash2.py", line 237, in forward,
            hidden_states = self.self_attn(,
                            ^^^^^^^^^^^^^^^,
          File "/scratch/specforge-torchtitan-20261003/first-update-source-candidate1/specforge/modeling/draft/dflash.py", line 279, in forward,
            q, k, v = self._compute_qkv(hidden_states, target_hidden, position_embeddings),
                      ^^^^^^^^^^^^^^^^^^^^^^^^^^^^^^^^^^^^^^^^^^^^^^^^^^^^^^^^^^^^^^^^^^^^,
          File "/scratch/specforge-torchtitan-20261003/first-update-source-candidate1/specforge/modeling/draft/dflash.py", line 389, in _compute_qkv,
            v = v.transpose(1, 2),
                ^^^^^^^^^^^^^^^^^,
        ,
        },
        stack_traces = {,
          File "/scratch/specforge-torchtitan-20261003/first-update-source-candidate1/specforge/modeling/draft/dflash2.py", line 237, in forward,
            hidden_states = self.self_attn(,
                            ^^^^^^^^^^^^^^^,
          File "/scratch/specforge-torchtitan-20261003/first-update-source-candidate1/specforge/modeling/draft/dflash.py", line 279, in forward,
            q, k, v = self._compute_qkv(hidden_states, target_hidden, position_embeddings),
                      ^^^^^^^^^^^^^^^^^^^^^^^^^^^^^^^^^^^^^^^^^^^^^^^^^^^^^^^^^^^^^^^^^^^^,
          File "/scratch/specforge-torchtitan-20261003/first-update-source-candidate1/specforge/modeling/draft/dflash.py", line 385, in _compute_qkv,
            v = torch.cat([v_ctx, v_noise], dim=1).view(,
                ^^^^^^^^^^^^^^^^^^^^^^^^^^^^^^^^^^^^^^^^,
        ,
        },
        stack_traces = {,
          File "/scratch/specforge-torchtitan-20261003/first-update-source-candidate1/specforge/modeling/draft/dflash2.py", line 237, in forward,
            hidden_states = self.self_attn(,
                            ^^^^^^^^^^^^^^^,
          File "/scratch/specforge-torchtitan-20261003/first-update-source-candidate1/specforge/modeling/draft/dflash.py", line 279, in forward,
            q, k, v = self._compute_qkv(hidden_states, target_hidden, position_embeddings),
                      ^^^^^^^^^^^^^^^^^^^^^^^^^^^^^^^^^^^^^^^^^^^^^^^^^^^^^^^^^^^^^^^^^^^^,
          File "/scratch/specforge-torchtitan-20261003/first-update-source-candidate1/specforge/modeling/draft/dflash.py", line 380, in _compute_qkv,
            v_ctx = self.v_proj(target_hidden),
                    ^^^^^^^^^^^^^^^^^^^^^^^^^^,
        ,
        },
        stack_traces = {,
          File "/scratch/specforge-torchtitan-20261003/first-update-source-candidate1/specforge/modeling/draft/dflash2.py", line 237, in forward,
            hidden_states = self.self_attn(,
                            ^^^^^^^^^^^^^^^,
          File "/scratch/specforge-torchtitan-20261003/first-update-source-candidate1/specforge/modeling/draft/dflash.py", line 279, in forward,
            q, k, v = self._compute_qkv(hidden_states, target_hidden, position_embeddings),
                      ^^^^^^^^^^^^^^^^^^^^^^^^^^^^^^^^^^^^^^^^^^^^^^^^^^^^^^^^^^^^^^^^^^^^,
          File "/scratch/specforge-torchtitan-20261003/first-update-source-candidate1/specforge/modeling/draft/dflash.py", line 381, in _compute_qkv,
            v_noise = self.v_proj(hidden_states),
                      ^^^^^^^^^^^^^^^^^^^^^^^^^^,
        ,
        }
      )
    )
    args[3]: Subgraph(name='sdpa_score0', graph_module=<lambda>(), inductor_config_patches=None, graph=None)
    args[4]: (32, 160, TensorBox(StorageBox(
      InputBuffer(name='primals_14', layout=FixedLayout('cuda:0', torch.int32, size=[1, 1, 1], stride=[1, 1, 1]))
    )), TensorBox(StorageBox(
      InputBuffer(name='primals_13', layout=FixedLayout('cuda:0', torch.int32, size=[1, 1, 1, 2], stride=[2, 2, 2, 1]))
    )), TensorBox(StorageBox(
      InputBuffer(name='primals_17', layout=FixedLayout('cuda:0', torch.int32, size=[1, 1, 1], stride=[1, 1, 1]))
    )), TensorBox(StorageBox(
      InputBuffer(name='primals_18', layout=FixedLayout('cuda:0', torch.int32, size=[1, 1, 1, 2], stride=[2, 2, 2, 1]))
    )), TensorBox(StorageBox(
      InputBuffer(name='primals_19', layout=FixedLayout('cuda:0', torch.int32, size=[1, 1, 2], stride=[2, 2, 1]))
    )), TensorBox(StorageBox(
      InputBuffer(name='primals_20', layout=FixedLayout('cuda:0', torch.int32, size=[1, 1, 2, 1], stride=[2, 2, 1, 1]))
    )), TensorBox(StorageBox(
      InputBuffer(name='primals_21', layout=FixedLayout('cuda:0', torch.int32, size=[1, 1, 2], stride=[2, 2, 1]))
    )), TensorBox(StorageBox(
      InputBuffer(name='primals_22', layout=FixedLayout('cuda:0', torch.int32, size=[1, 1, 2, 1], stride=[2, 2, 1, 1]))
    )), None, None, None, None, 128, 128, Subgraph(name='sdpa_mask0', graph_module=<lambda>(), inductor_config_patches=None, graph=None))
    args[5]: 0.3535533905932738
    args[6]: {'BACKEND': 'TRITON', 'PRESCALE_QK': False, 'ROWS_GUARANTEED_SAFE': False, 'BLOCKS_ARE_CONTIGUOUS': False, 'WRITE_DQ': True, 'OUTPUT_LOGSUMEXP': True, 'OUTPUT_MAX': False}
    args[7]: ()
    args[8]: (TensorBox(StorageBox(
      InputBuffer(name='primals_15', layout=FixedLayout('cuda:0', torch.int64, size=[1, 8], stride=[8, 1]))
    )), TensorBox(StorageBox(
      InputBuffer(name='primals_16', layout=FixedLayout('cuda:0', torch.bool, size=[1, 8], stride=[8, 1]))
    )))NotImplementedError: NYI: embedding dimension of the query, key, and value must be at least 16 but got E=8 and Ev=8
    target: flex_attention
    args[0]: TensorBox(StorageBox(
      ComputedBuffer(name='buf18', layout=FixedLayout('cuda:0', torch.bfloat16, size=[1, 4, 32, 8], stride=[1024, 8, 32, 1]), data=Pointwise(
        'cuda',
        torch.bfloat16,
        def inner_fn(index):
            _, i1, i2, i3 = index
            tmp0 = ops.load(primals_7, i3)
            tmp1 = ops.to_dtype(tmp0, torch.bfloat16, use_compute_types=False)
            tmp2 = ops.to_dtype(tmp1, torch.bfloat16)
            tmp3 = ops.load(buf6, i3 + 8 * i1 + 32 * i2)
            tmp4 = ops.to_dtype(tmp3, torch.bfloat16, use_compute_types=False)
            tmp5 = ops.to_dtype(tmp4, torch.bfloat16)
            tmp6 = ops.to_dtype(tmp5, torch.float32, src_dtype=torch.bfloat16, use_compute_types=False)
            tmp7 = ops.load(buf8, i1 + 4 * i2)
            tmp8 = tmp6 * tmp7
            tmp9 = ops.to_dtype(tmp8, torch.bfloat16, src_dtype=torch.float32, use_compute_types=False)
            tmp10 = ops.to_dtype(tmp9, torch.bfloat16)
            tmp11 = ops.to_dtype(tmp10, torch.bfloat16, use_compute_types=False)
            tmp12 = ops.to_dtype(tmp11, torch.bfloat16)
            tmp13 = ops.to_dtype(tmp12, torch.bfloat16, use_compute_types=False)
            tmp14 = ops.to_dtype(tmp13, torch.bfloat16)
            tmp15 = tmp2 * tmp14
            tmp16 = ops.to_dtype(tmp15, torch.bfloat16, use_compute_types=False)
            tmp17 = ops.to_dtype(tmp16, torch.bfloat16)
            tmp18 = ops.to_dtype(tmp17, torch.bfloat16, use_compute_types=False)
            tmp19 = ops.to_dtype(tmp18, torch.bfloat16)
            tmp20 = ops.load(primals_11, 1024 + i3 + 8 * i2)
            tmp21 = ops.to_dtype(tmp20, torch.bfloat16, use_compute_types=False)
            tmp22 = ops.to_dtype(tmp21, torch.bfloat16)
            tmp23 = tmp19 * tmp22
            tmp24 = ops.to_dtype(tmp23, torch.bfloat16, use_compute_types=False)
            tmp25 = ops.to_dtype(tmp24, torch.bfloat16)
            tmp26 = ops.to_dtype(tmp25, torch.bfloat16, use_compute_types=False)
            tmp27 = ops.to_dtype(tmp26, torch.bfloat16)
            tmp28 = ops.load(buf17, i3 + 8 * i2 + 256 * i1)
            tmp29 = ops.to_dtype(tmp28, torch.bfloat16, use_compute_types=False)
            tmp30 = ops.to_dtype(tmp29, torch.bfloat16)
            tmp31 = ops.load(primals_12, 1024 + i3 + 8 * i2)
            tmp32 = ops.to_dtype(tmp31, torch.bfloat16, use_compute_types=False)
            tmp33 = ops.to_dtype(tmp32, torch.bfloat16)
            tmp34 = tmp30 * tmp33
            tmp35 = ops.to_dtype(tmp34, torch.bfloat16, use_compute_types=False)
            tmp36 = ops.to_dtype(tmp35, torch.bfloat16)
            tmp37 = ops.to_dtype(tmp36, torch.bfloat16, use_compute_types=False)
            tmp38 = ops.to_dtype(tmp37, torch.bfloat16)
            tmp39 = tmp27 + tmp38
            tmp40 = ops.to_dtype(tmp39, torch.bfloat16, use_compute_types=False)
            tmp41 = ops.to_dtype(tmp40, torch.bfloat16)
            return tmp41
        ,
        ranges=[1, 4, 32, 8],
        origin_node=add_3,
        origins=OrderedSet([add_3, mul_6, permute_2, mul_3, convert_e...,
        stack_traces = {,
          File "/scratch/specforge-torchtitan-20261003/first-update-source-candidate1/specforge/modeling/draft/dflash2.py", line 237, in forward,
            hidden_states = self.self_attn(,
                            ^^^^^^^^^^^^^^^,
          File "/scratch/specforge-torchtitan-20261003/first-update-source-candidate1/specforge/modeling/draft/dflash.py", line 279, in forward,
            q, k, v = self._compute_qkv(hidden_states, target_hidden, position_embeddings),
                      ^^^^^^^^^^^^^^^^^^^^^^^^^^^^^^^^^^^^^^^^^^^^^^^^^^^^^^^^^^^^^^^^^^^^,
          File "/scratch/specforge-torchtitan-20261003/first-update-source-candidate1/specforge/modeling/draft/dflash.py", line 391, in _compute_qkv,
            q, k = apply_rotary_pos_emb(q, k, cos, sin),
                   ^^^^^^^^^^^^^^^^^^^^^^^^^^^^^^^^^^^^,
          File "/scratch/specforge-torchtitan-20261003/first-update-source-candidate1/specforge/modeling/draft/dflash.py", line 172, in apply_rotary_pos_emb,
            q_embed = (q * cos[..., -q_len:, :]) + (rotate_half(q) * sin[..., -q_len:, :]),
                      ^^^^^^^^^^^^^^^^^^^^^^^^^^^^^^^^^^^^^^^^^^^^^^^^^^^^^^^^^^^^^^^^^^^^,
        ,
        },
        stack_traces = {,
          File "/scratch/specforge-torchtitan-20261003/first-update-source-candidate1/specforge/modeling/draft/dflash2.py", line 237, in forward,
            hidden_states = self.self_attn(,
                            ^^^^^^^^^^^^^^^,
          File "/scratch/specforge-torchtitan-20261003/first-update-source-candidate1/specforge/modeling/draft/dflash.py", line 279, in forward,
            q, k, v = self._compute_qkv(hidden_states, target_hidden, position_embeddings),
                      ^^^^^^^^^^^^^^^^^^^^^^^^^^^^^^^^^^^^^^^^^^^^^^^^^^^^^^^^^^^^^^^^^^^^,
          File "/scratch/specforge-torchtitan-20261003/first-update-source-candidate1/specforge/modeling/draft/dflash.py", line 391, in _compute_qkv,
            q, k = apply_rotary_pos_emb(q, k, cos, sin),
                   ^^^^^^^^^^^^^^^^^^^^^^^^^^^^^^^^^^^^,
          File "/scratch/specforge-torchtitan-20261003/first-update-source-candidate1/specforge/modeling/draft/dflash.py", line 172, in apply_rotary_pos_emb,
            q_embed = (q * cos[..., -q_len:, :]) + (rotate_half(q) * sin[..., -q_len:, :]),
                       ^^^^^^^^^^^^^^^^^^^^^^^^^^^^^^^^^^^^^^^^^^^^^^^^^^^^^^^^^^^^^^^^^^^,
        ,
        },
        stack_traces = {,
          File "/scratch/specforge-torchtitan-20261003/first-update-source-candidate1/specforge/modeling/draft/dflash2.py", line 237, in forward,
            hidden_states = self.self_attn(,
                            ^^^^^^^^^^^^^^^,
          File "/scratch/specforge-torchtitan-20261003/first-update-source-candidate1/specforge/modeling/draft/dflash.py", line 279, in forward,
            q, k, v = self._compute_qkv(hidden_states, target_hidden, position_embeddings),
                      ^^^^^^^^^^^^^^^^^^^^^^^^^^^^^^^^^^^^^^^^^^^^^^^^^^^^^^^^^^^^^^^^^^^^,
          File "/scratch/specforge-torchtitan-20261003/first-update-source-candidate1/specforge/modeling/draft/dflash.py", line 377, in _compute_qkv,
            q = self.q_norm(q).transpose(1, 2),
                ^^^^^^^^^^^^^^^^^^^^^^^^^^^^^^,
        ,
        },
        stack_traces = {,
          File "/scratch/specforge-torchtitan-20261003/first-update-source-candidate1/specforge/modeling/draft/dflash2.py", line 237, in forward,
            hidden_states = self.self_attn(,
                            ^^^^^^^^^^^^^^^,
          File "/scratch/specforge-torchtitan-20261003/first-update-source-candidate1/specforge/modeling/draft/dflash.py", line 279, in forward,
            q, k, v = self._compute_qkv(hidden_states, target_hidden, position_embeddings),
                      ^^^^^^^^^^^^^^^^^^^^^^^^^^^^^^^^^^^^^^^^^^^^^^^^^^^^^^^^^^^^^^^^^^^^,
          File "/scratch/specforge-torchtitan-20261003/first-update-source-candidate1/specforge/modeling/draft/dflash.py", line 377, in _compute_qkv,
            q = self.q_norm(q).transpose(1, 2),
                ^^^^^^^^^^^^^^^^^^^^^^^^^^^^^^,
          File "/scratch/specforge-torchtitan-20261003/venv/lib/python3.12/site-packages/transformers/models/qwen3/modeling_qwen3.py", line 64, in forward,
            return self.weight * hidden_states.to(input_dtype),
                   ^^^^^^^^^^^^^^^^^^^^^^^^^^^^^^^^^^^^^^^^^^^,
        ,
        },
        stack_traces = {,
          File "/scratch/specforge-torchtitan-20261003/first-update-source-candidate1/specforge/modeling/draft/dflash2.py", line 237, in forward,
            hidden_states = self.self_attn(,
                            ^^^^^^^^^^^^^^^,
          File "/scratch/specforge-torchtitan-20261003/first-update-source-candidate1/specforge/modeling/draft/dflash.py", line 279, in forward,
            q, k, v = self._compute_qkv(hidden_states, target_hidden, position_embeddings),
                      ^^^^^^^^^^^^^^^^^^^^^^^^^^^^^^^^^^^^^^^^^^^^^^^^^^^^^^^^^^^^^^^^^^^^,
          File "/scratch/specforge-torchtitan-20261003/first-update-source-candidate1/specforge/modeling/draft/dflash.py", line 377, in _compute_qkv,
            q = self.q_norm(q).transpose(1, 2),
                ^^^^^^^^^^^^^^^^^^^^^^^^^^^^^^,
          File "/scratch/specforge-torchtitan-20261003/venv/lib/python3.12/site-packages/transformers/models/qwen3/modeling_qwen3.py", line 64, in forward,
            return self.weight * hidden_states.to(input_dtype),
                                 ^^^^^^^^^^^^^^^^^^^^^^^^^^^^^,
        ,
        },
        stack_traces = {,
          File "/scratch/specforge-torchtitan-20261003/first-update-source-candidate1/specforge/modeling/draft/dflash2.py", line 237, in forward,
            hidden_states = self.self_attn(,
                            ^^^^^^^^^^^^^^^,
          File "/scratch/specforge-torchtitan-20261003/first-update-source-candidate1/specforge/modeling/draft/dflash.py", line 279, in forward,
            q, k, v = self._compute_qkv(hidden_states, target_hidden, position_embeddings),
                      ^^^^^^^^^^^^^^^^^^^^^^^^^^^^^^^^^^^^^^^^^^^^^^^^^^^^^^^^^^^^^^^^^^^^,
          File "/scratch/specforge-torchtitan-20261003/first-update-source-candidate1/specforge/modeling/draft/dflash.py", line 377, in _compute_qkv,
            q = self.q_norm(q).transpose(1, 2),
                ^^^^^^^^^^^^^^^^^^^^^^^^^^^^^^,
          File "/scratch/specforge-torchtitan-20261003/venv/lib/python3.12/site-packages/transformers/models/qwen3/modeling_qwen3.py", line 63, in forward,
            hidden_states = hidden_states * torch.rsqrt(variance + self.variance_epsilon),
                            ^^^^^^^^^^^^^^^^^^^^^^^^^^^^^^^^^^^^^^^^^^^^^^^^^^^^^^^^^^^^^,
        ,
        },
        stack_traces = {,
          File "/scratch/specforge-torchtitan-20261003/first-update-source-candidate1/specforge/modeling/draft/dflash2.py", line 237, in forward,
            hidden_states = self.self_attn(,
                            ^^^^^^^^^^^^^^^,
          File "/scratch/specforge-torchtitan-20261003/first-update-source-candidate1/specforge/modeling/draft/dflash.py", line 279, in forward,
            q, k, v = self._compute_qkv(hidden_states, target_hidden, position_embeddings),
                      ^^^^^^^^^^^^^^^^^^^^^^^^^^^^^^^^^^^^^^^^^^^^^^^^^^^^^^^^^^^^^^^^^^^^,
          File "/scratch/specforge-torchtitan-20261003/first-update-source-candidate1/specforge/modeling/draft/dflash.py", line 377, in _compute_qkv,
            q = self.q_norm(q).transpose(1, 2),
                ^^^^^^^^^^^^^^^^^^^^^^^^^^^^^^,
          File "/scratch/specforge-torchtitan-20261003/venv/lib/python3.12/site-packages/transformers/models/qwen3/modeling_qwen3.py", line 61, in forward,
            hidden_states = hidden_states.to(torch.float32),
                            ^^^^^^^^^^^^^^^^^^^^^^^^^^^^^^^,
        ,
        },
        stack_traces = {,
          File "/scratch/specforge-torchtitan-20261003/first-update-source-candidate1/specforge/modeling/draft/dflash2.py", line 237, in forward,
            hidden_states = self.self_attn(,
                            ^^^^^^^^^^^^^^^,
          File "/scratch/specforge-torchtitan-20261003/first-update-source-candidate1/specforge/modeling/draft/dflash.py", line 279, in forward,
            q, k, v = self._compute_qkv(hidden_states, target_hidden, position_embeddings),
                      ^^^^^^^^^^^^^^^^^^^^^^^^^^^^^^^^^^^^^^^^^^^^^^^^^^^^^^^^^^^^^^^^^^^^,
          File "/scratch/specforge-torchtitan-20261003/first-update-source-candidate1/specforge/modeling/draft/dflash.py", line 376, in _compute_qkv,
            q = q.view(bsz, q_len, -1, self.head_dim),
                ^^^^^^^^^^^^^^^^^^^^^^^^^^^^^^^^^^^^^,
        ,
        },
        stack_traces = {,
          File "/scratch/specforge-torchtitan-20261003/first-update-source-candidate1/specforge/modeling/draft/dflash2.py", line 237, in forward,
            hidden_states = self.self_attn(,
                            ^^^^^^^^^^^^^^^,
          File "/scratch/specforge-torchtitan-20261003/first-update-source-candidate1/specforge/modeling/draft/dflash.py", line 279, in forward,
            q, k, v = self._compute_qkv(hidden_states, target_hidden, position_embeddings),
                      ^^^^^^^^^^^^^^^^^^^^^^^^^^^^^^^^^^^^^^^^^^^^^^^^^^^^^^^^^^^^^^^^^^^^,
          File "/scratch/specforge-torchtitan-20261003/first-update-source-candidate1/specforge/modeling/draft/dflash.py", line 375, in _compute_qkv,
            q = self.q_proj(hidden_states),
                ^^^^^^^^^^^^^^^^^^^^^^^^^^,
        ,
        },
        stack_traces = {,
          File "/scratch/specforge-torchtitan-20261003/first-update-source-candidate1/specforge/modeling/draft/dflash2.py", line 237, in forward,
            hidden_states = self.self_attn(,
                            ^^^^^^^^^^^^^^^,
          File "/scratch/specforge-torchtitan-20261003/first-update-source-candidate1/specforge/modeling/draft/dflash.py", line 279, in forward,
            q, k, v = self._compute_qkv(hidden_states, target_hidden, position_embeddings),
                      ^^^^^^^^^^^^^^^^^^^^^^^^^^^^^^^^^^^^^^^^^^^^^^^^^^^^^^^^^^^^^^^^^^^^,
          File "/scratch/specforge-torchtitan-20261003/first-update-source-candidate1/specforge/modeling/draft/dflash.py", line 391, in _compute_qkv,
            q, k = apply_rotary_pos_emb(q, k, cos, sin),
                   ^^^^^^^^^^^^^^^^^^^^^^^^^^^^^^^^^^^^,
          File "/scratch/specforge-torchtitan-20261003/first-update-source-candidate1/specforge/modeling/draft/dflash.py", line 172, in apply_rotary_pos_emb,
            q_embed = (q * cos[..., -q_len:, :]) + (rotate_half(q) * sin[..., -q_len:, :]),
                           ^^^^^^^^^^^^^^^^^^^^^^^^^^^^^^^^^^^^^^^^^^^^^^^^^^^^^^^^^^^^^^^,
        ,
        },
        stack_traces = {,
          File "/scratch/specforge-torchtitan-20261003/first-update-source-candidate1/specforge/modeling/draft/dflash2.py", line 237, in forward,
            hidden_states = self.self_attn(,
                            ^^^^^^^^^^^^^^^,
          File "/scratch/specforge-torchtitan-20261003/first-update-source-candidate1/specforge/modeling/draft/dflash.py", line 279, in forward,
            q, k, v = self._compute_qkv(hidden_states, target_hidden, position_embeddings),
                      ^^^^^^^^^^^^^^^^^^^^^^^^^^^^^^^^^^^^^^^^^^^^^^^^^^^^^^^^^^^^^^^^^^^^,
          File "/scratch/specforge-torchtitan-20261003/first-update-source-candidate1/specforge/modeling/draft/dflash.py", line 391, in _compute_qkv,
            q, k = apply_rotary_pos_emb(q, k, cos, sin),
                   ^^^^^^^^^^^^^^^^^^^^^^^^^^^^^^^^^^^^,
          File "/scratch/specforge-torchtitan-20261003/first-update-source-candidate1/specforge/modeling/draft/dflash.py", line 169, in apply_rotary_pos_emb,
            cos = cos.unsqueeze(unsqueeze_dim),
                  ^^^^^^^^^^^^^^^^^^^^^^^^^^^^,
        ,
        },
        stack_traces = {,
          File "/scratch/specforge-torchtitan-20261003/first-update-source-candidate1/specforge/modeling/draft/dflash2.py", line 237, in forward,
            hidden_states = self.self_attn(,
                            ^^^^^^^^^^^^^^^,
          File "/scratch/specforge-torchtitan-20261003/first-update-source-candidate1/specforge/modeling/draft/dflash.py", line 279, in forward,
            q, k, v = self._compute_qkv(hidden_states, target_hidden, position_embeddings),
                      ^^^^^^^^^^^^^^^^^^^^^^^^^^^^^^^^^^^^^^^^^^^^^^^^^^^^^^^^^^^^^^^^^^^^,
          File "/scratch/specforge-torchtitan-20261003/first-update-source-candidate1/specforge/modeling/draft/dflash.py", line 391, in _compute_qkv,
            q, k = apply_rotary_pos_emb(q, k, cos, sin),
                   ^^^^^^^^^^^^^^^^^^^^^^^^^^^^^^^^^^^^,
          File "/scratch/specforge-torchtitan-20261003/first-update-source-candidate1/specforge/modeling/draft/dflash.py", line 172, in apply_rotary_pos_emb,
            q_embed = (q * cos[..., -q_len:, :]) + (rotate_half(q) * sin[..., -q_len:, :]),
                                                    ^^^^^^^^^^^^^^^^^^^^^^^^^^^^^^^^^^^^^^,
        ,
        },
        stack_traces = {,
          File "/scratch/specforge-torchtitan-20261003/first-update-source-candidate1/specforge/modeling/draft/dflash2.py", line 237, in forward,
            hidden_states = self.self_attn(,
                            ^^^^^^^^^^^^^^^,
          File "/scratch/specforge-torchtitan-20261003/first-update-source-candidate1/specforge/modeling/draft/dflash.py", line 279, in forward,
            q, k, v = self._compute_qkv(hidden_states, target_hidden, position_embeddings),
                      ^^^^^^^^^^^^^^^^^^^^^^^^^^^^^^^^^^^^^^^^^^^^^^^^^^^^^^^^^^^^^^^^^^^^,
          File "/scratch/specforge-torchtitan-20261003/first-update-source-candidate1/specforge/modeling/draft/dflash.py", line 391, in _compute_qkv,
            q, k = apply_rotary_pos_emb(q, k, cos, sin),
                   ^^^^^^^^^^^^^^^^^^^^^^^^^^^^^^^^^^^^,
          File "/scratch/specforge-torchtitan-20261003/first-update-source-candidate1/specforge/modeling/draft/dflash.py", line 172, in apply_rotary_pos_emb,
            q_embed = (q * cos[..., -q_len:, :]) + (rotate_half(q) * sin[..., -q_len:, :]),
                                                                     ^^^^^^^^^^^^^^^^^^^^^,
        ,
        },
        stack_traces = {,
          File "/scratch/specforge-torchtitan-20261003/first-update-source-candidate1/specforge/modeling/draft/dflash2.py", line 237, in forward,
            hidden_states = self.self_attn(,
                            ^^^^^^^^^^^^^^^,
          File "/scratch/specforge-torchtitan-20261003/first-update-source-candidate1/specforge/modeling/draft/dflash.py", line 279, in forward,
            q, k, v = self._compute_qkv(hidden_states, target_hidden, position_embeddings),
                      ^^^^^^^^^^^^^^^^^^^^^^^^^^^^^^^^^^^^^^^^^^^^^^^^^^^^^^^^^^^^^^^^^^^^,
          File "/scratch/specforge-torchtitan-20261003/first-update-source-candidate1/specforge/modeling/draft/dflash.py", line 391, in _compute_qkv,
            q, k = apply_rotary_pos_emb(q, k, cos, sin),
                   ^^^^^^^^^^^^^^^^^^^^^^^^^^^^^^^^^^^^,
          File "/scratch/specforge-torchtitan-20261003/first-update-source-candidate1/specforge/modeling/draft/dflash.py", line 170, in apply_rotary_pos_emb,
            sin = sin.unsqueeze(unsqueeze_dim),
                  ^^^^^^^^^^^^^^^^^^^^^^^^^^^^,
        ,
        }
      ), _split_size=None, _original_inner_fn=None, _original_ranges=None, _original_reduction_ranges=None)
    ))
    args[1]: TensorBox(StorageBox(
      ComputedBuffer(name='buf20', layout=FixedLayout('cuda:0', torch.bfloat16, size=[1, 2, 160, 8], stride=[2560, 8, 16, 1]), data=Pointwise(
        'cuda',
        torch.bfloat16,
        def inner_fn(index):
            _, i1, i2, i3 = index
            tmp0 = ops.load(primals_10, i3)
            tmp1 = ops.to_dtype(tmp0, torch.bfloat16, use_compute_types=False)
            tmp2 = ops.to_dtype(tmp1, torch.bfloat16)
            tmp3 = ops.load(buf13, i3 + 8 * i1 + 16 * i2)
            tmp4 = ops.to_dtype(tmp3, torch.bfloat16, use_compute_types=False)
            tmp5 = ops.to_dtype(tmp4, torch.bfloat16)
            tmp6 = ops.to_dtype(tmp5, torch.float32, src_dtype=torch.bfloat16, use_compute_types=False)
            tmp7 = ops.load(buf15, i1 + 2 * i2)
            tmp8 = tmp6 * tmp7
            tmp9 = ops.to_dtype(tmp8, torch.bfloat16, src_dtype=torch.float32, use_compute_types=False)
            tmp10 = ops.to_dtype(tmp9, torch.bfloat16)
            tmp11 = ops.to_dtype(tmp10, torch.bfloat16, use_compute_types=False)
            tmp12 = ops.to_dtype(tmp11, torch.bfloat16)
            tmp13 = ops.to_dtype(tmp12, torch.bfloat16, use_compute_types=False)
            tmp14 = ops.to_dtype(tmp13, torch.bfloat16)
            tmp15 = tmp2 * tmp14
            tmp16 = ops.to_dtype(tmp15, torch.bfloat16, use_compute_types=False)
            tmp17 = ops.to_dtype(tmp16, torch.bfloat16)
            tmp18 = ops.to_dtype(tmp17, torch.bfloat16, use_compute_types=False)
            tmp19 = ops.to_dtype(tmp18, torch.bfloat16)
            tmp20 = ops.load(primals_11, i3 + 8 * i2)
            tmp21 = ops.to_dtype(tmp20, torch.bfloat16, use_compute_types=False)
            tmp22 = ops.to_dtype(tmp21, torch.bfloat16)
            tmp23 = tmp19 * tmp22
            tmp24 = ops.to_dtype(tmp23, torch.bfloat16, use_compute_types=False)
            tmp25 = ops.to_dtype(tmp24, torch.bfloat16)
            tmp26 = ops.to_dtype(tmp25, torch.bfloat16, use_compute_types=False)
            tmp27 = ops.to_dtype(tmp26, torch.bfloat16)
            tmp28 = ops.load(buf19, i3 + 8 * i2 + 1280 * i1)
            tmp29 = ops.to_dtype(tmp28, torch.bfloat16, use_compute_types=False)
            tmp30 = ops.to_dtype(tmp29, torch.bfloat16)
            tmp31 = ops.load(primals_12, i3 + 8 * i2)
            tmp32 = ops.to_dtype(tmp31, torch.bfloat16, use_compute_types=False)
            tmp33 = ops.to_dtype(tmp32, torch.bfloat16)
            tmp34 = tmp30 * tmp33
            tmp35 = ops.to_dtype(tmp34, torch.bfloat16, use_compute_types=False)
            tmp36 = ops.to_dtype(tmp35, torch.bfloat16)
            tmp37 = ops.to_dtype(tmp36, torch.bfloat16, use_compute_types=False)
            tmp38 = ops.to_dtype(tmp37, torch.bfloat16)
            tmp39 = tmp27 + tmp38
            tmp40 = ops.to_dtype(tmp39, torch.bfloat16, use_compute_types=False)
            tmp41 = ops.to_dtype(tmp40, torch.bfloat16)
            return tmp41
        ,
        ranges=[1, 2, 160, 8],
        origin_node=add_4,
        origins=OrderedSet([add_4, mul_8, permute_7, mul_5, convert_e...,
        stack_traces = {,
          File "/scratch/specforge-torchtitan-20261003/first-update-source-candidate1/specforge/modeling/draft/dflash2.py", line 237, in forward,
            hidden_states = self.self_attn(,
                            ^^^^^^^^^^^^^^^,
          File "/scratch/specforge-torchtitan-20261003/first-update-source-candidate1/specforge/modeling/draft/dflash.py", line 279, in forward,
            q, k, v = self._compute_qkv(hidden_states, target_hidden, position_embeddings),
                      ^^^^^^^^^^^^^^^^^^^^^^^^^^^^^^^^^^^^^^^^^^^^^^^^^^^^^^^^^^^^^^^^^^^^,
          File "/scratch/specforge-torchtitan-20261003/first-update-source-candidate1/specforge/modeling/draft/dflash.py", line 391, in _compute_qkv,
            q, k = apply_rotary_pos_emb(q, k, cos, sin),
                   ^^^^^^^^^^^^^^^^^^^^^^^^^^^^^^^^^^^^,
          File "/scratch/specforge-torchtitan-20261003/first-update-source-candidate1/specforge/modeling/draft/dflash.py", line 173, in apply_rotary_pos_emb,
            k_embed = (k * cos) + (rotate_half(k) * sin),
                      ^^^^^^^^^^^^^^^^^^^^^^^^^^^^^^^^^^,
        ,
        },
        stack_traces = {,
          File "/scratch/specforge-torchtitan-20261003/first-update-source-candidate1/specforge/modeling/draft/dflash2.py", line 237, in forward,
            hidden_states = self.self_attn(,
                            ^^^^^^^^^^^^^^^,
          File "/scratch/specforge-torchtitan-20261003/first-update-source-candidate1/specforge/modeling/draft/dflash.py", line 279, in forward,
            q, k, v = self._compute_qkv(hidden_states, target_hidden, position_embeddings),
                      ^^^^^^^^^^^^^^^^^^^^^^^^^^^^^^^^^^^^^^^^^^^^^^^^^^^^^^^^^^^^^^^^^^^^,
          File "/scratch/specforge-torchtitan-20261003/first-update-source-candidate1/specforge/modeling/draft/dflash.py", line 391, in _compute_qkv,
            q, k = apply_rotary_pos_emb(q, k, cos, sin),
                   ^^^^^^^^^^^^^^^^^^^^^^^^^^^^^^^^^^^^,
          File "/scratch/specforge-torchtitan-20261003/first-update-source-candidate1/specforge/modeling/draft/dflash.py", line 173, in apply_rotary_pos_emb,
            k_embed = (k * cos) + (rotate_half(k) * sin),
                       ^^^^^^^^^^^^^^^^^^^^^^^^^^^^^^^^^,
        ,
        },
        stack_traces = {,
          File "/scratch/specforge-torchtitan-20261003/first-update-source-candidate1/specforge/modeling/draft/dflash2.py", line 237, in forward,
            hidden_states = self.self_attn(,
                            ^^^^^^^^^^^^^^^,
          File "/scratch/specforge-torchtitan-20261003/first-update-source-candidate1/specforge/modeling/draft/dflash.py", line 279, in forward,
            q, k, v = self._compute_qkv(hidden_states, target_hidden, position_embeddings),
                      ^^^^^^^^^^^^^^^^^^^^^^^^^^^^^^^^^^^^^^^^^^^^^^^^^^^^^^^^^^^^^^^^^^^^,
          File "/scratch/specforge-torchtitan-20261003/first-update-source-candidate1/specforge/modeling/draft/dflash.py", line 388, in _compute_qkv,
            k = self.k_norm(k).transpose(1, 2),
                ^^^^^^^^^^^^^^^^^^^^^^^^^^^^^^,
        ,
        },
        stack_traces = {,
          File "/scratch/specforge-torchtitan-20261003/first-update-source-candidate1/specforge/modeling/draft/dflash2.py", line 237, in forward,
            hidden_states = self.self_attn(,
                            ^^^^^^^^^^^^^^^,
          File "/scratch/specforge-torchtitan-20261003/first-update-source-candidate1/specforge/modeling/draft/dflash.py", line 279, in forward,
            q, k, v = self._compute_qkv(hidden_states, target_hidden, position_embeddings),
                      ^^^^^^^^^^^^^^^^^^^^^^^^^^^^^^^^^^^^^^^^^^^^^^^^^^^^^^^^^^^^^^^^^^^^,
          File "/scratch/specforge-torchtitan-20261003/first-update-source-candidate1/specforge/modeling/draft/dflash.py", line 388, in _compute_qkv,
            k = self.k_norm(k).transpose(1, 2),
                ^^^^^^^^^^^^^^^^^^^^^^^^^^^^^^,
          File "/scratch/specforge-torchtitan-20261003/venv/lib/python3.12/site-packages/transformers/models/qwen3/modeling_qwen3.py", line 64, in forward,
            return self.weight * hidden_states.to(input_dtype),
                   ^^^^^^^^^^^^^^^^^^^^^^^^^^^^^^^^^^^^^^^^^^^,
        ,
        },
        stack_traces = {,
          File "/scratch/specforge-torchtitan-20261003/first-update-source-candidate1/specforge/modeling/draft/dflash2.py", line 237, in forward,
            hidden_states = self.self_attn(,
                            ^^^^^^^^^^^^^^^,
          File "/scratch/specforge-torchtitan-20261003/first-update-source-candidate1/specforge/modeling/draft/dflash.py", line 279, in forward,
            q, k, v = self._compute_qkv(hidden_states, target_hidden, position_embeddings),
                      ^^^^^^^^^^^^^^^^^^^^^^^^^^^^^^^^^^^^^^^^^^^^^^^^^^^^^^^^^^^^^^^^^^^^,
          File "/scratch/specforge-torchtitan-20261003/first-update-source-candidate1/specforge/modeling/draft/dflash.py", line 388, in _compute_qkv,
            k = self.k_norm(k).transpose(1, 2),
                ^^^^^^^^^^^^^^^^^^^^^^^^^^^^^^,
          File "/scratch/specforge-torchtitan-20261003/venv/lib/python3.12/site-packages/transformers/models/qwen3/modeling_qwen3.py", line 64, in forward,
            return self.weight * hidden_states.to(input_dtype),
                                 ^^^^^^^^^^^^^^^^^^^^^^^^^^^^^,
        ,
        },
        stack_traces = {,
          File "/scratch/specforge-torchtitan-20261003/first-update-source-candidate1/specforge/modeling/draft/dflash2.py", line 237, in forward,
            hidden_states = self.self_attn(,
                            ^^^^^^^^^^^^^^^,
          File "/scratch/specforge-torchtitan-20261003/first-update-source-candidate1/specforge/modeling/draft/dflash.py", line 279, in forward,
            q, k, v = self._compute_qkv(hidden_states, target_hidden, position_embeddings),
                      ^^^^^^^^^^^^^^^^^^^^^^^^^^^^^^^^^^^^^^^^^^^^^^^^^^^^^^^^^^^^^^^^^^^^,
          File "/scratch/specforge-torchtitan-20261003/first-update-source-candidate1/specforge/modeling/draft/dflash.py", line 388, in _compute_qkv,
            k = self.k_norm(k).transpose(1, 2),
                ^^^^^^^^^^^^^^^^^^^^^^^^^^^^^^,
          File "/scratch/specforge-torchtitan-20261003/venv/lib/python3.12/site-packages/transformers/models/qwen3/modeling_qwen3.py", line 63, in forward,
            hidden_states = hidden_states * torch.rsqrt(variance + self.variance_epsilon),
                            ^^^^^^^^^^^^^^^^^^^^^^^^^^^^^^^^^^^^^^^^^^^^^^^^^^^^^^^^^^^^^,
        ,
        },
        stack_traces = {,
          File "/scratch/specforge-torchtitan-20261003/first-update-source-candidate1/specforge/modeling/draft/dflash2.py", line 237, in forward,
            hidden_states = self.self_attn(,
                            ^^^^^^^^^^^^^^^,
          File "/scratch/specforge-torchtitan-20261003/first-update-source-candidate1/specforge/modeling/draft/dflash.py", line 279, in forward,
            q, k, v = self._compute_qkv(hidden_states, target_hidden, position_embeddings),
                      ^^^^^^^^^^^^^^^^^^^^^^^^^^^^^^^^^^^^^^^^^^^^^^^^^^^^^^^^^^^^^^^^^^^^,
          File "/scratch/specforge-torchtitan-20261003/first-update-source-candidate1/specforge/modeling/draft/dflash.py", line 388, in _compute_qkv,
            k = self.k_norm(k).transpose(1, 2),
                ^^^^^^^^^^^^^^^^^^^^^^^^^^^^^^,
          File "/scratch/specforge-torchtitan-20261003/venv/lib/python3.12/site-packages/transformers/models/qwen3/modeling_qwen3.py", line 61, in forward,
            hidden_states = hidden_states.to(torch.float32),
                            ^^^^^^^^^^^^^^^^^^^^^^^^^^^^^^^,
        ,
        },
        stack_traces = {,
          File "/scratch/specforge-torchtitan-20261003/first-update-source-candidate1/specforge/modeling/draft/dflash2.py", line 237, in forward,
            hidden_states = self.self_attn(,
                            ^^^^^^^^^^^^^^^,
          File "/scratch/specforge-torchtitan-20261003/first-update-source-candidate1/specforge/modeling/draft/dflash.py", line 279, in forward,
            q, k, v = self._compute_qkv(hidden_states, target_hidden, position_embeddings),
                      ^^^^^^^^^^^^^^^^^^^^^^^^^^^^^^^^^^^^^^^^^^^^^^^^^^^^^^^^^^^^^^^^^^^^,
          File "/scratch/specforge-torchtitan-20261003/first-update-source-candidate1/specforge/modeling/draft/dflash.py", line 382, in _compute_qkv,
            k = torch.cat([k_ctx, k_noise], dim=1).view(,
                ^^^^^^^^^^^^^^^^^^^^^^^^^^^^^^^^^^^^^^^^,
        ,
        },
        stack_traces = {,
          File "/scratch/specforge-torchtitan-20261003/first-update-source-candidate1/specforge/modeling/draft/dflash2.py", line 237, in forward,
            hidden_states = self.self_attn(,
                            ^^^^^^^^^^^^^^^,
          File "/scratch/specforge-torchtitan-20261003/first-update-source-candidate1/specforge/modeling/draft/dflash.py", line 279, in forward,
            q, k, v = self._compute_qkv(hidden_states, target_hidden, position_embeddings),
                      ^^^^^^^^^^^^^^^^^^^^^^^^^^^^^^^^^^^^^^^^^^^^^^^^^^^^^^^^^^^^^^^^^^^^,
          File "/scratch/specforge-torchtitan-20261003/first-update-source-candidate1/specforge/modeling/draft/dflash.py", line 391, in _compute_qkv,
            q, k = apply_rotary_pos_emb(q, k, cos, sin),
                   ^^^^^^^^^^^^^^^^^^^^^^^^^^^^^^^^^^^^,
          File "/scratch/specforge-torchtitan-20261003/first-update-source-candidate1/specforge/modeling/draft/dflash.py", line 169, in apply_rotary_pos_emb,
            cos = cos.unsqueeze(unsqueeze_dim),
                  ^^^^^^^^^^^^^^^^^^^^^^^^^^^^,
        ,
        },
        stack_traces = {,
          File "/scratch/specforge-torchtitan-20261003/first-update-source-candidate1/specforge/modeling/draft/dflash2.py", line 237, in forward,
            hidden_states = self.self_attn(,
                            ^^^^^^^^^^^^^^^,
          File "/scratch/specforge-torchtitan-20261003/first-update-source-candidate1/specforge/modeling/draft/dflash.py", line 279, in forward,
            q, k, v = self._compute_qkv(hidden_states, target_hidden, position_embeddings),
                      ^^^^^^^^^^^^^^^^^^^^^^^^^^^^^^^^^^^^^^^^^^^^^^^^^^^^^^^^^^^^^^^^^^^^,
          File "/scratch/specforge-torchtitan-20261003/first-update-source-candidate1/specforge/modeling/draft/dflash.py", line 391, in _compute_qkv,
            q, k = apply_rotary_pos_emb(q, k, cos, sin),
                   ^^^^^^^^^^^^^^^^^^^^^^^^^^^^^^^^^^^^,
          File "/scratch/specforge-torchtitan-20261003/first-update-source-candidate1/specforge/modeling/draft/dflash.py", line 173, in apply_rotary_pos_emb,
            k_embed = (k * cos) + (rotate_half(k) * sin),
                                   ^^^^^^^^^^^^^^^^^^^^^,
        ,
        },
        stack_traces = {,
          File "/scratch/specforge-torchtitan-20261003/first-update-source-candidate1/specforge/modeling/draft/dflash2.py", line 237, in forward,
            hidden_states = self.self_attn(,
                            ^^^^^^^^^^^^^^^,
          File "/scratch/specforge-torchtitan-20261003/first-update-source-candidate1/specforge/modeling/draft/dflash.py", line 279, in forward,
            q, k, v = self._compute_qkv(hidden_states, target_hidden, position_embeddings),
                      ^^^^^^^^^^^^^^^^^^^^^^^^^^^^^^^^^^^^^^^^^^^^^^^^^^^^^^^^^^^^^^^^^^^^,
          File "/scratch/specforge-torchtitan-20261003/first-update-source-candidate1/specforge/modeling/draft/dflash.py", line 391, in _compute_qkv,
            q, k = apply_rotary_pos_emb(q, k, cos, sin),
                   ^^^^^^^^^^^^^^^^^^^^^^^^^^^^^^^^^^^^,
          File "/scratch/specforge-torchtitan-20261003/first-update-source-candidate1/specforge/modeling/draft/dflash.py", line 170, in apply_rotary_pos_emb,
            sin = sin.unsqueeze(unsqueeze_dim),
                  ^^^^^^^^^^^^^^^^^^^^^^^^^^^^,
        ,
        }
      ), _split_size=None, _original_inner_fn=None, _original_ranges=None, _original_reduction_ranges=None)
    ))
    args[2]: TensorBox(
      ReinterpretView(
        StorageBox(
          ComputedBuffer(name='buf16', layout=FixedLayout('cuda:0', torch.bfloat16, size=[1, 160, 16], stride=[2560, 16, 1]), data=Pointwise(
            'cuda',
            torch.bfloat16,
            def inner_fn(index):
                _, i1, i2 = index
                tmp0 = ops.index_expr(i1, torch.int64)
                tmp1 = ops.constant(0, torch.int64)
                tmp2 = ops.index_expr(128, torch.int64)
                tmp3 = tmp0 >= tmp1
                tmp4 = tmp0 < tmp2
                tmp5 = ops.load(buf11, i2 + 16 * Identity(i1))
                tmp6 = ops.masked(tmp4, tmp5, 0.0)
                tmp7 = ops.index_expr(128, torch.int64)
                tmp8 = ops.index_expr(160, torch.int64)
                tmp9 = tmp0 >= tmp7
                tmp10 = tmp0 < tmp8
                tmp11 = ops.load(buf12, i2 + 16 * Identity(-128 + i1))
                tmp12 = ops.masked(tmp9, tmp11, 0.0)
                tmp13 = ops.where(tmp4, tmp6, tmp12)
                return tmp13
            ,
            ranges=[1, 160, 16],
            origin_node=cat_1,
            origins=OrderedSet([cat_1, view_19, view_23]),
            stack_traces = {,
              File "/scratch/specforge-torchtitan-20261003/first-update-source-candidate1/specforge/modeling/draft/dflash2.py", line 237, in forward,
                hidden_states = self.self_attn(,
                                ^^^^^^^^^^^^^^^,
              File "/scratch/specforge-torchtitan-20261003/first-update-source-candidate1/specforge/modeling/draft/dflash.py", line 279, in forward,
                q, k, v = self._compute_qkv(hidden_states, target_hidden, position_embeddings),
                          ^^^^^^^^^^^^^^^^^^^^^^^^^^^^^^^^^^^^^^^^^^^^^^^^^^^^^^^^^^^^^^^^^^^^,
              File "/scratch/specforge-torchtitan-20261003/first-update-source-candidate1/specforge/modeling/draft/dflash.py", line 385, in _compute_qkv,
                v = torch.cat([v_ctx, v_noise], dim=1).view(,
                    ^^^^^^^^^^^^^^^^^^^^^^^^^^^^^^^^^^^^^^^^,
            ,
            },
            stack_traces = {,
              File "/scratch/specforge-torchtitan-20261003/first-update-source-candidate1/specforge/modeling/draft/dflash2.py", line 237, in forward,
                hidden_states = self.self_attn(,
                                ^^^^^^^^^^^^^^^,
              File "/scratch/specforge-torchtitan-20261003/first-update-source-candidate1/specforge/modeling/draft/dflash.py", line 279, in forward,
                q, k, v = self._compute_qkv(hidden_states, target_hidden, position_embeddings),
                          ^^^^^^^^^^^^^^^^^^^^^^^^^^^^^^^^^^^^^^^^^^^^^^^^^^^^^^^^^^^^^^^^^^^^,
              File "/scratch/specforge-torchtitan-20261003/first-update-source-candidate1/specforge/modeling/draft/dflash.py", line 380, in _compute_qkv,
                v_ctx = self.v_proj(target_hidden),
                        ^^^^^^^^^^^^^^^^^^^^^^^^^^,
            ,
            },
            stack_traces = {,
              File "/scratch/specforge-torchtitan-20261003/first-update-source-candidate1/specforge/modeling/draft/dflash2.py", line 237, in forward,
                hidden_states = self.self_attn(,
                                ^^^^^^^^^^^^^^^,
              File "/scratch/specforge-torchtitan-20261003/first-update-source-candidate1/specforge/modeling/draft/dflash.py", line 279, in forward,
                q, k, v = self._compute_qkv(hidden_states, target_hidden, position_embeddings),
                          ^^^^^^^^^^^^^^^^^^^^^^^^^^^^^^^^^^^^^^^^^^^^^^^^^^^^^^^^^^^^^^^^^^^^,
              File "/scratch/specforge-torchtitan-20261003/first-update-source-candidate1/specforge/modeling/draft/dflash.py", line 381, in _compute_qkv,
                v_noise = self.v_proj(hidden_states),
                          ^^^^^^^^^^^^^^^^^^^^^^^^^^,
            ,
            }
          ), _split_size=None, _original_inner_fn=None, _original_ranges=None, _original_reduction_ranges=None)
        ),
        FixedLayout('cuda:0', torch.bfloat16, size=[1, 2, 160, 8], stride=[0, 8, 16, 1]),
        origins=OrderedSet([permute_8, view_25, cat_1, view_19, view_...,
        stack_traces = {,
          File "/scratch/specforge-torchtitan-20261003/first-update-source-candidate1/specforge/modeling/draft/dflash2.py", line 237, in forward,
            hidden_states = self.self_attn(,
                            ^^^^^^^^^^^^^^^,
          File "/scratch/specforge-torchtitan-20261003/first-update-source-candidate1/specforge/modeling/draft/dflash.py", line 279, in forward,
            q, k, v = self._compute_qkv(hidden_states, target_hidden, position_embeddings),
                      ^^^^^^^^^^^^^^^^^^^^^^^^^^^^^^^^^^^^^^^^^^^^^^^^^^^^^^^^^^^^^^^^^^^^,
          File "/scratch/specforge-torchtitan-20261003/first-update-source-candidate1/specforge/modeling/draft/dflash.py", line 389, in _compute_qkv,
            v = v.transpose(1, 2),
                ^^^^^^^^^^^^^^^^^,
        ,
        },
        stack_traces = {,
          File "/scratch/specforge-torchtitan-20261003/first-update-source-candidate1/specforge/modeling/draft/dflash2.py", line 237, in forward,
            hidden_states = self.self_attn(,
                            ^^^^^^^^^^^^^^^,
          File "/scratch/specforge-torchtitan-20261003/first-update-source-candidate1/specforge/modeling/draft/dflash.py", line 279, in forward,
            q, k, v = self._compute_qkv(hidden_states, target_hidden, position_embeddings),
                      ^^^^^^^^^^^^^^^^^^^^^^^^^^^^^^^^^^^^^^^^^^^^^^^^^^^^^^^^^^^^^^^^^^^^,
          File "/scratch/specforge-torchtitan-20261003/first-update-source-candidate1/specforge/modeling/draft/dflash.py", line 385, in _compute_qkv,
            v = torch.cat([v_ctx, v_noise], dim=1).view(,
                ^^^^^^^^^^^^^^^^^^^^^^^^^^^^^^^^^^^^^^^^,
        ,
        },
        stack_traces = {,
          File "/scratch/specforge-torchtitan-20261003/first-update-source-candidate1/specforge/modeling/draft/dflash2.py", line 237, in forward,
            hidden_states = self.self_attn(,
                            ^^^^^^^^^^^^^^^,
          File "/scratch/specforge-torchtitan-20261003/first-update-source-candidate1/specforge/modeling/draft/dflash.py", line 279, in forward,
            q, k, v = self._compute_qkv(hidden_states, target_hidden, position_embeddings),
                      ^^^^^^^^^^^^^^^^^^^^^^^^^^^^^^^^^^^^^^^^^^^^^^^^^^^^^^^^^^^^^^^^^^^^,
          File "/scratch/specforge-torchtitan-20261003/first-update-source-candidate1/specforge/modeling/draft/dflash.py", line 380, in _compute_qkv,
            v_ctx = self.v_proj(target_hidden),
                    ^^^^^^^^^^^^^^^^^^^^^^^^^^,
        ,
        },
        stack_traces = {,
          File "/scratch/specforge-torchtitan-20261003/first-update-source-candidate1/specforge/modeling/draft/dflash2.py", line 237, in forward,
            hidden_states = self.self_attn(,
                            ^^^^^^^^^^^^^^^,
          File "/scratch/specforge-torchtitan-20261003/first-update-source-candidate1/specforge/modeling/draft/dflash.py", line 279, in forward,
            q, k, v = self._compute_qkv(hidden_states, target_hidden, position_embeddings),
                      ^^^^^^^^^^^^^^^^^^^^^^^^^^^^^^^^^^^^^^^^^^^^^^^^^^^^^^^^^^^^^^^^^^^^,
          File "/scratch/specforge-torchtitan-20261003/first-update-source-candidate1/specforge/modeling/draft/dflash.py", line 381, in _compute_qkv,
            v_noise = self.v_proj(hidden_states),
                      ^^^^^^^^^^^^^^^^^^^^^^^^^^,
        ,
        }
      )
    )
    args[3]: Subgraph(name='sdpa_score0', graph_module=<lambda>(), inductor_config_patches=None, graph=None)
    args[4]: (32, 160, TensorBox(StorageBox(
      InputBuffer(name='primals_14', layout=FixedLayout('cuda:0', torch.int32, size=[1, 1, 1], stride=[1, 1, 1]))
    )), TensorBox(StorageBox(
      InputBuffer(name='primals_13', layout=FixedLayout('cuda:0', torch.int32, size=[1, 1, 1, 2], stride=[2, 2, 2, 1]))
    )), TensorBox(StorageBox(
      InputBuffer(name='primals_17', layout=FixedLayout('cuda:0', torch.int32, size=[1, 1, 1], stride=[1, 1, 1]))
    )), TensorBox(StorageBox(
      InputBuffer(name='primals_18', layout=FixedLayout('cuda:0', torch.int32, size=[1, 1, 1, 2], stride=[2, 2, 2, 1]))
    )), TensorBox(StorageBox(
      InputBuffer(name='primals_19', layout=FixedLayout('cuda:0', torch.int32, size=[1, 1, 2], stride=[2, 2, 1]))
    )), TensorBox(StorageBox(
      InputBuffer(name='primals_20', layout=FixedLayout('cuda:0', torch.int32, size=[1, 1, 2, 1], stride=[2, 2, 1, 1]))
    )), TensorBox(StorageBox(
      InputBuffer(name='primals_21', layout=FixedLayout('cuda:0', torch.int32, size=[1, 1, 2], stride=[2, 2, 1]))
    )), TensorBox(StorageBox(
      InputBuffer(name='primals_22', layout=FixedLayout('cuda:0', torch.int32, size=[1, 1, 2, 1], stride=[2, 2, 1, 1]))
    )), None, None, None, None, 128, 128, Subgraph(name='sdpa_mask0', graph_module=<lambda>(), inductor_config_patches=None, graph=None))
    args[5]: 0.3535533905932738
    args[6]: {'BACKEND': 'TRITON', 'PRESCALE_QK': False, 'ROWS_GUARANTEED_SAFE': False, 'BLOCKS_ARE_CONTIGUOUS': False, 'WRITE_DQ': True, 'OUTPUT_LOGSUMEXP': True, 'OUTPUT_MAX': False}
    args[7]: ()
    args[8]: (TensorBox(StorageBox(
      InputBuffer(name='primals_15', layout=FixedLayout('cuda:0', torch.int64, size=[1, 8], stride=[8, 1]))
    )), TensorBox(StorageBox(
      InputBuffer(name='primals_16', layout=FixedLayout('cuda:0', torch.bool, size=[1, 8], stride=[8, 1]))
    )))
  Found from : 
     File "/scratch/specforge-torchtitan-20261003/first-update-source-candidate1/specforge/modeling/draft/dflash2.py", line 237, in forward
      hidden_states = self.self_attn(
                      ^^^^^^^^^^^^^^^
    File "/scratch/specforge-torchtitan-20261003/first-update-source-candidate1/specforge/modeling/draft/dflash.py", line 291, in forward
      attn_output = compile_friendly_flex_attention(
                    ^^^^^^^^^^^^^^^^^^^^^^^^^^^^^^^^
    File "/scratch/specforge-torchtitan-20261003/venv/lib/python3.12/site-packages/transformers/integrations/flex_attention.py", line 124, in compile_friendly_flex_attention
      return flex_attention_compiled(
             ^^^^^^^^^^^^^^^^^^^^^^^^
    File "/scratch/specforge-torchtitan-20261003/venv/lib/python3.12/site-packages/torch/nn/attention/flex_attention.py", line 2577, in flex_attention
      out, lse, max_scores = flex_attention_hop(
                             ^^^^^^^^^^^^^^^^^^^
  
  
  Set TORCHDYNAMO_VERBOSE=1 for the internal stack trace (please do this especially if you're reporting a bug to PyTorch). For even more developer context, set TORCH_LOGS="+dynamo"
  
  
------------------------------------------------------------
Root Cause (first observed failure):
[0]:
  time      : 2026-10-03_05:08:09
  host      : h200-10-220-51-9
  rank      : 1 (local_rank: 1)
  exitcode  : 1 (pid: 2047343) 
  error_file: /tmp/torchelastic_tyw7r3we/03f3d8c6-e713-469e-9da7-4ad3c3893018_z93u_3u6/attempt_0/1/error.json
  traceback : Traceback (most recent call last):
    File "/scratch/specforge-torchtitan-20261003/venv/lib/python3.12/site-packages/torch/distributed/elastic/multiprocessing/errors/__init__.py", line 380, in wrapper
      return f(*args, **kwargs)
             ^^^^^^^^^^^^^^^^^^
    File "/scratch/specforge-torchtitan-20261003/venv/lib/python3.12/site-packages/torchtitan/trainer.py", line 1039, in train
      self.train_step(data_iterator)
    File "/scratch/specforge-torchtitan-20261003/first-update-driver-candidate1/scripts/benchmark_training_backends.py", line 418, in train_step
      super().train_step(data_iterator)
    File "/scratch/specforge-torchtitan-20261003/first-update-source-candidate1/specforge/training/torchtitan/runtime.py", line 190, in train_step
      return super().train_step(data_iterator)
             ^^^^^^^^^^^^^^^^^^^^^^^^^^^^^^^^^
    File "/scratch/specforge-torchtitan-20261003/venv/lib/python3.12/site-packages/torchtitan/trainer.py", line 925, in train_step
      loss = self.forward_backward_step(
             ^^^^^^^^^^^^^^^^^^^^^^^^^^^
    File "/scratch/specforge-torchtitan-20261003/first-update-driver-candidate1/scripts/benchmark_training_backends.py", line 408, in forward_backward_step
      loss = super().forward_backward_step(**kwargs)
             ^^^^^^^^^^^^^^^^^^^^^^^^^^^^^^^^^^^^^^^
    File "/scratch/specforge-torchtitan-20261003/venv/lib/python3.12/site-packages/torchtitan/observability/structured_logger/structured_logging.py", line 429, in sync_wrapper
      return func(*args, **kwargs)
             ^^^^^^^^^^^^^^^^^^^^^
    File "/scratch/specforge-torchtitan-20261003/venv/lib/python3.12/site-packages/torchtitan/trainer.py", line 804, in forward_backward_step
      return self.fwd_bwd_fn(inputs, labels, global_valid_tokens, extra_kwargs)
             ^^^^^^^^^^^^^^^^^^^^^^^^^^^^^^^^^^^^^^^^^^^^^^^^^^^^^^^^^^^^^^^^^^
    File "/scratch/specforge-torchtitan-20261003/venv/lib/python3.12/site-packages/torchtitan/distributed/cudagraph.py", line 403, in run
      return graph_wrapper(
             ^^^^^^^^^^^^^^
    File "/scratch/specforge-torchtitan-20261003/venv/lib/python3.12/site-packages/torchtitan/distributed/cudagraph.py", line 300, in __call__
      output = self._fn(*args)
               ^^^^^^^^^^^^^^^
    File "/scratch/specforge-torchtitan-20261003/venv/lib/python3.12/site-packages/torchtitan/distributed/cudagraph.py", line 381, in flat_fwd_bwd
      return fwd_bwd_fn(
             ^^^^^^^^^^^
    File "/scratch/specforge-torchtitan-20261003/venv/lib/python3.12/site-packages/torchtitan/trainer.py", line 814, in _forward_backward_body
      pred = self.model_parts[0](inputs, **extra_kwargs)
             ^^^^^^^^^^^^^^^^^^^^^^^^^^^^^^^^^^^^^^^^^^^
    File "/scratch/specforge-torchtitan-20261003/venv/lib/python3.12/site-packages/torch/nn/modules/module.py", line 1783, in _wrapped_call_impl
      return self._call_impl(*args, **kwargs)
             ^^^^^^^^^^^^^^^^^^^^^^^^^^^^^^^^
    File "/scratch/specforge-torchtitan-20261003/venv/lib/python3.12/site-packages/torch/nn/modules/module.py", line 1794, in _call_impl
      return forward_call(*args, **kwargs)
             ^^^^^^^^^^^^^^^^^^^^^^^^^^^^^
    File "/scratch/specforge-torchtitan-20261003/first-update-source-candidate1/specforge/training/torchtitan/model.py", line 241, in forward
      loss, accuracy, metrics = self.training_model(input_ids=input_ids, **kwargs)
                                ^^^^^^^^^^^^^^^^^^^^^^^^^^^^^^^^^^^^^^^^^^^^^^^^^^
    File "/scratch/specforge-torchtitan-20261003/venv/lib/python3.12/site-packages/torch/nn/modules/module.py", line 1783, in _wrapped_call_impl
      return self._call_impl(*args, **kwargs)
             ^^^^^^^^^^^^^^^^^^^^^^^^^^^^^^^^
    File "/scratch/specforge-torchtitan-20261003/venv/lib/python3.12/site-packages/torch/nn/modules/module.py", line 1794, in _call_impl
      return forward_call(*args, **kwargs)
             ^^^^^^^^^^^^^^^^^^^^^^^^^^^^^
    File "/scratch/specforge-torchtitan-20261003/first-update-source-candidate1/specforge/algorithms/common/dflash_family_model.py", line 1575, in forward
      self._forward_draft_blocks(
    File "/scratch/specforge-torchtitan-20261003/first-update-source-candidate1/specforge/algorithms/common/dflash_family_model.py", line 783, in _forward_draft_blocks
      output_hidden = self.draft_model(
                      ^^^^^^^^^^^^^^^^^
    File "/scratch/specforge-torchtitan-20261003/venv/lib/python3.12/site-packages/torch/nn/modules/module.py", line 1783, in _wrapped_call_impl
      return self._call_impl(*args, **kwargs)
             ^^^^^^^^^^^^^^^^^^^^^^^^^^^^^^^^
    File "/scratch/specforge-torchtitan-20261003/venv/lib/python3.12/site-packages/torch/nn/modules/module.py", line 1889, in _call_impl
      return inner()
             ^^^^^^^
    File "/scratch/specforge-torchtitan-20261003/venv/lib/python3.12/site-packages/torch/nn/modules/module.py", line 1837, in inner
      result = forward_call(*args, **kwargs)
               ^^^^^^^^^^^^^^^^^^^^^^^^^^^^^
    File "/scratch/specforge-torchtitan-20261003/first-update-source-candidate1/specforge/modeling/draft/dflash.py", line 807, in forward
      hidden_states = layer(
                      ^^^^^^
    File "/scratch/specforge-torchtitan-20261003/venv/lib/python3.12/site-packages/transformers/modeling_layers.py", line 93, in __call__
      return super().__call__(*args, **kwargs)
             ^^^^^^^^^^^^^^^^^^^^^^^^^^^^^^^^^
    File "/scratch/specforge-torchtitan-20261003/venv/lib/python3.12/site-packages/torch/nn/modules/module.py", line 1781, in _wrapped_call_impl
      return self._compiled_call_impl(*args, **kwargs)  # type: ignore[misc]
             ^^^^^^^^^^^^^^^^^^^^^^^^^^^^^^^^^^^^^^^^^
    File "/scratch/specforge-torchtitan-20261003/venv/lib/python3.12/site-packages/torch/_dynamo/eval_frame.py", line 1278, in compile_wrapper
      raise e.remove_dynamo_frames() from None  # see TORCHDYNAMO_VERBOSE=1
      ^^^^^^^^^^^^^^^^^^^^^^^^^^^^^^^^^^^^^^^^
    File "/scratch/specforge-torchtitan-20261003/venv/lib/python3.12/site-packages/torch/_inductor/compile_fx.py", line 1192, in _compile_fx_inner
      raise InductorError(e, currentframe()).with_traceback(
    File "/scratch/specforge-torchtitan-20261003/venv/lib/python3.12/site-packages/torch/_inductor/compile_fx.py", line 1169, in _compile_fx_inner
      mb_compiled_graph = fx_codegen_and_compile(
                          ^^^^^^^^^^^^^^^^^^^^^^^
    File "/scratch/specforge-torchtitan-20261003/venv/lib/python3.12/site-packages/torch/_inductor/compile_fx.py", line 2001, in fx_codegen_and_compile
      return scheme.codegen_and_compile(gm, example_inputs, inputs_to_check, graph_kwargs)
             ^^^^^^^^^^^^^^^^^^^^^^^^^^^^^^^^^^^^^^^^^^^^^^^^^^^^^^^^^^^^^^^^^^^^^^^^^^^^^
    File "/scratch/specforge-torchtitan-20261003/venv/lib/python3.12/site-packages/torch/_inductor/compile_fx.py", line 1660, in codegen_and_compile
      graph.run(*example_inputs)
    File "/scratch/specforge-torchtitan-20261003/venv/lib/python3.12/site-packages/torch/_inductor/graph.py", line 1135, in run
      return super().run(*args)
             ^^^^^^^^^^^^^^^^^^
    File "/scratch/specforge-torchtitan-20261003/venv/lib/python3.12/site-packages/torch/fx/interpreter.py", line 197, in run
      self.env[node] = self.run_node(node)
                       ^^^^^^^^^^^^^^^^^^^
    File "/scratch/specforge-torchtitan-20261003/venv/lib/python3.12/site-packages/torch/_inductor/graph.py", line 2062, in run_node
      result = super().run_node(n)
               ^^^^^^^^^^^^^^^^^^^
    File "/scratch/specforge-torchtitan-20261003/venv/lib/python3.12/site-packages/torch/fx/interpreter.py", line 294, in run_node
      return getattr(self, n.op)(n.target, args, kwargs)
             ^^^^^^^^^^^^^^^^^^^^^^^^^^^^^^^^^^^^^^^^^^^
    File "/scratch/specforge-torchtitan-20261003/venv/lib/python3.12/site-packages/torch/_inductor/graph.py", line 1567, in call_function
      raise LoweringException(
    File "/scratch/specforge-torchtitan-20261003/venv/lib/python3.12/site-packages/torch/_inductor/graph.py", line 1544, in call_function
      out = lowerings[target](*args, **kwargs)
            ^^^^^^^^^^^^^^^^^^^^^^^^^^^^^^^^^^
    File "/scratch/specforge-torchtitan-20261003/venv/lib/python3.12/site-packages/torch/_inductor/lowering.py", line 525, in wrapped
      out = decomp_fn(*args, **kwargs)
            ^^^^^^^^^^^^^^^^^^^^^^^^^^
    File "/scratch/specforge-torchtitan-20261003/venv/lib/python3.12/site-packages/torch/_inductor/kernel/flex/flex_attention.py", line 205, in flex_attention
      raise NotImplementedError(
  torch._inductor.exc.InductorError: LoweringException: NotImplementedError: NYI: embedding dimension of the query, key, and value must be at least 16 but got E=8 and Ev=8
    target: flex_attention
    args[0]: TensorBox(StorageBox(
      ComputedBuffer(name='buf18', layout=FixedLayout('cuda:1', torch.bfloat16, size=[1, 4, 32, 8], stride=[1024, 8, 32, 1]), data=Pointwise(
        'cuda',
        torch.bfloat16,
        def inner_fn(index):
            _, i1, i2, i3 = index
            tmp0 = ops.load(primals_7, i3)
            tmp1 = ops.to_dtype(tmp0, torch.bfloat16, use_compute_types=False)
            tmp2 = ops.to_dtype(tmp1, torch.bfloat16)
            tmp3 = ops.load(buf6, i3 + 8 * i1 + 32 * i2)
            tmp4 = ops.to_dtype(tmp3, torch.bfloat16, use_compute_types=False)
            tmp5 = ops.to_dtype(tmp4, torch.bfloat16)
            tmp6 = ops.to_dtype(tmp5, torch.float32, src_dtype=torch.bfloat16, use_compute_types=False)
            tmp7 = ops.load(buf8, i1 + 4 * i2)
            tmp8 = tmp6 * tmp7
            tmp9 = ops.to_dtype(tmp8, torch.bfloat16, src_dtype=torch.float32, use_compute_types=False)
            tmp10 = ops.to_dtype(tmp9, torch.bfloat16)
            tmp11 = ops.to_dtype(tmp10, torch.bfloat16, use_compute_types=False)
            tmp12 = ops.to_dtype(tmp11, torch.bfloat16)
            tmp13 = ops.to_dtype(tmp12, torch.bfloat16, use_compute_types=False)
            tmp14 = ops.to_dtype(tmp13, torch.bfloat16)
            tmp15 = tmp2 * tmp14
            tmp16 = ops.to_dtype(tmp15, torch.bfloat16, use_compute_types=False)
            tmp17 = ops.to_dtype(tmp16, torch.bfloat16)
            tmp18 = ops.to_dtype(tmp17, torch.bfloat16, use_compute_types=False)
            tmp19 = ops.to_dtype(tmp18, torch.bfloat16)
            tmp20 = ops.load(primals_11, 1024 + i3 + 8 * i2)
            tmp21 = ops.to_dtype(tmp20, torch.bfloat16, use_compute_types=False)
            tmp22 = ops.to_dtype(tmp21, torch.bfloat16)
            tmp23 = tmp19 * tmp22
            tmp24 = ops.to_dtype(tmp23, torch.bfloat16, use_compute_types=False)
            tmp25 = ops.to_dtype(tmp24, torch.bfloat16)
            tmp26 = ops.to_dtype(tmp25, torch.bfloat16, use_compute_types=False)
            tmp27 = ops.to_dtype(tmp26, torch.bfloat16)
            tmp28 = ops.load(buf17, i3 + 8 * i2 + 256 * i1)
            tmp29 = ops.to_dtype(tmp28, torch.bfloat16, use_compute_types=False)
            tmp30 = ops.to_dtype(tmp29, torch.bfloat16)
            tmp31 = ops.load(primals_12, 1024 + i3 + 8 * i2)
            tmp32 = ops.to_dtype(tmp31, torch.bfloat16, use_compute_types=False)
            tmp33 = ops.to_dtype(tmp32, torch.bfloat16)
            tmp34 = tmp30 * tmp33
            tmp35 = ops.to_dtype(tmp34, torch.bfloat16, use_compute_types=False)
            tmp36 = ops.to_dtype(tmp35, torch.bfloat16)
            tmp37 = ops.to_dtype(tmp36, torch.bfloat16, use_compute_types=False)
            tmp38 = ops.to_dtype(tmp37, torch.bfloat16)
            tmp39 = tmp27 + tmp38
            tmp40 = ops.to_dtype(tmp39, torch.bfloat16, use_compute_types=False)
            tmp41 = ops.to_dtype(tmp40, torch.bfloat16)
            return tmp41
        ,
        ranges=[1, 4, 32, 8],
        origin_node=add_3,
        origins=OrderedSet([add_3, mul_6, permute_2, mul_3, convert_e...,
        stack_traces = {,
          File "/scratch/specforge-torchtitan-20261003/first-update-source-candidate1/specforge/modeling/draft/dflash2.py", line 237, in forward,
            hidden_states = self.self_attn(,
                            ^^^^^^^^^^^^^^^,
          File "/scratch/specforge-torchtitan-20261003/first-update-source-candidate1/specforge/modeling/draft/dflash.py", line 279, in forward,
            q, k, v = self._compute_qkv(hidden_states, target_hidden, position_embeddings),
                      ^^^^^^^^^^^^^^^^^^^^^^^^^^^^^^^^^^^^^^^^^^^^^^^^^^^^^^^^^^^^^^^^^^^^,
          File "/scratch/specforge-torchtitan-20261003/first-update-source-candidate1/specforge/modeling/draft/dflash.py", line 391, in _compute_qkv,
            q, k = apply_rotary_pos_emb(q, k, cos, sin),
                   ^^^^^^^^^^^^^^^^^^^^^^^^^^^^^^^^^^^^,
          File "/scratch/specforge-torchtitan-20261003/first-update-source-candidate1/specforge/modeling/draft/dflash.py", line 172, in apply_rotary_pos_emb,
            q_embed = (q * cos[..., -q_len:, :]) + (rotate_half(q) * sin[..., -q_len:, :]),
                      ^^^^^^^^^^^^^^^^^^^^^^^^^^^^^^^^^^^^^^^^^^^^^^^^^^^^^^^^^^^^^^^^^^^^,
        ,
        },
        stack_traces = {,
          File "/scratch/specforge-torchtitan-20261003/first-update-source-candidate1/specforge/modeling/draft/dflash2.py", line 237, in forward,
            hidden_states = self.self_attn(,
                            ^^^^^^^^^^^^^^^,
          File "/scratch/specforge-torchtitan-20261003/first-update-source-candidate1/specforge/modeling/draft/dflash.py", line 279, in forward,
            q, k, v = self._compute_qkv(hidden_states, target_hidden, position_embeddings),
                      ^^^^^^^^^^^^^^^^^^^^^^^^^^^^^^^^^^^^^^^^^^^^^^^^^^^^^^^^^^^^^^^^^^^^,
          File "/scratch/specforge-torchtitan-20261003/first-update-source-candidate1/specforge/modeling/draft/dflash.py", line 391, in _compute_qkv,
            q, k = apply_rotary_pos_emb(q, k, cos, sin),
                   ^^^^^^^^^^^^^^^^^^^^^^^^^^^^^^^^^^^^,
          File "/scratch/specforge-torchtitan-20261003/first-update-source-candidate1/specforge/modeling/draft/dflash.py", line 172, in apply_rotary_pos_emb,
            q_embed = (q * cos[..., -q_len:, :]) + (rotate_half(q) * sin[..., -q_len:, :]),
                       ^^^^^^^^^^^^^^^^^^^^^^^^^^^^^^^^^^^^^^^^^^^^^^^^^^^^^^^^^^^^^^^^^^^,
        ,
        },
        stack_traces = {,
          File "/scratch/specforge-torchtitan-20261003/first-update-source-candidate1/specforge/modeling/draft/dflash2.py", line 237, in forward,
            hidden_states = self.self_attn(,
                            ^^^^^^^^^^^^^^^,
          File "/scratch/specforge-torchtitan-20261003/first-update-source-candidate1/specforge/modeling/draft/dflash.py", line 279, in forward,
            q, k, v = self._compute_qkv(hidden_states, target_hidden, position_embeddings),
                      ^^^^^^^^^^^^^^^^^^^^^^^^^^^^^^^^^^^^^^^^^^^^^^^^^^^^^^^^^^^^^^^^^^^^,
          File "/scratch/specforge-torchtitan-20261003/first-update-source-candidate1/specforge/modeling/draft/dflash.py", line 377, in _compute_qkv,
            q = self.q_norm(q).transpose(1, 2),
                ^^^^^^^^^^^^^^^^^^^^^^^^^^^^^^,
        ,
        },
        stack_traces = {,
          File "/scratch/specforge-torchtitan-20261003/first-update-source-candidate1/specforge/modeling/draft/dflash2.py", line 237, in forward,
            hidden_states = self.self_attn(,
                            ^^^^^^^^^^^^^^^,
          File "/scratch/specforge-torchtitan-20261003/first-update-source-candidate1/specforge/modeling/draft/dflash.py", line 279, in forward,
            q, k, v = self._compute_qkv(hidden_states, target_hidden, position_embeddings),
                      ^^^^^^^^^^^^^^^^^^^^^^^^^^^^^^^^^^^^^^^^^^^^^^^^^^^^^^^^^^^^^^^^^^^^,
          File "/scratch/specforge-torchtitan-20261003/first-update-source-candidate1/specforge/modeling/draft/dflash.py", line 377, in _compute_qkv,
            q = self.q_norm(q).transpose(1, 2),
                ^^^^^^^^^^^^^^^^^^^^^^^^^^^^^^,
          File "/scratch/specforge-torchtitan-20261003/venv/lib/python3.12/site-packages/transformers/models/qwen3/modeling_qwen3.py", line 64, in forward,
            return self.weight * hidden_states.to(input_dtype),
                   ^^^^^^^^^^^^^^^^^^^^^^^^^^^^^^^^^^^^^^^^^^^,
        ,
        },
        stack_traces = {,
          File "/scratch/specforge-torchtitan-20261003/first-update-source-candidate1/specforge/modeling/draft/dflash2.py", line 237, in forward,
            hidden_states = self.self_attn(,
                            ^^^^^^^^^^^^^^^,
          File "/scratch/specforge-torchtitan-20261003/first-update-source-candidate1/specforge/modeling/draft/dflash.py", line 279, in forward,
            q, k, v = self._compute_qkv(hidden_states, target_hidden, position_embeddings),
                      ^^^^^^^^^^^^^^^^^^^^^^^^^^^^^^^^^^^^^^^^^^^^^^^^^^^^^^^^^^^^^^^^^^^^,
          File "/scratch/specforge-torchtitan-20261003/first-update-source-candidate1/specforge/modeling/draft/dflash.py", line 377, in _compute_qkv,
            q = self.q_norm(q).transpose(1, 2),
                ^^^^^^^^^^^^^^^^^^^^^^^^^^^^^^,
          File "/scratch/specforge-torchtitan-20261003/venv/lib/python3.12/site-packages/transformers/models/qwen3/modeling_qwen3.py", line 64, in forward,
            return self.weight * hidden_states.to(input_dtype),
                                 ^^^^^^^^^^^^^^^^^^^^^^^^^^^^^,
        ,
        },
        stack_traces = {,
          File "/scratch/specforge-torchtitan-20261003/first-update-source-candidate1/specforge/modeling/draft/dflash2.py", line 237, in forward,
            hidden_states = self.self_attn(,
                            ^^^^^^^^^^^^^^^,
          File "/scratch/specforge-torchtitan-20261003/first-update-source-candidate1/specforge/modeling/draft/dflash.py", line 279, in forward,
            q, k, v = self._compute_qkv(hidden_states, target_hidden, position_embeddings),
                      ^^^^^^^^^^^^^^^^^^^^^^^^^^^^^^^^^^^^^^^^^^^^^^^^^^^^^^^^^^^^^^^^^^^^,
          File "/scratch/specforge-torchtitan-20261003/first-update-source-candidate1/specforge/modeling/draft/dflash.py", line 377, in _compute_qkv,
            q = self.q_norm(q).transpose(1, 2),
                ^^^^^^^^^^^^^^^^^^^^^^^^^^^^^^,
          File "/scratch/specforge-torchtitan-20261003/venv/lib/python3.12/site-packages/transformers/models/qwen3/modeling_qwen3.py", line 63, in forward,
            hidden_states = hidden_states * torch.rsqrt(variance + self.variance_epsilon),
                            ^^^^^^^^^^^^^^^^^^^^^^^^^^^^^^^^^^^^^^^^^^^^^^^^^^^^^^^^^^^^^,
        ,
        },
        stack_traces = {,
          File "/scratch/specforge-torchtitan-20261003/first-update-source-candidate1/specforge/modeling/draft/dflash2.py", line 237, in forward,
            hidden_states = self.self_attn(,
                            ^^^^^^^^^^^^^^^,
          File "/scratch/specforge-torchtitan-20261003/first-update-source-candidate1/specforge/modeling/draft/dflash.py", line 279, in forward,
            q, k, v = self._compute_qkv(hidden_states, target_hidden, position_embeddings),
                      ^^^^^^^^^^^^^^^^^^^^^^^^^^^^^^^^^^^^^^^^^^^^^^^^^^^^^^^^^^^^^^^^^^^^,
          File "/scratch/specforge-torchtitan-20261003/first-update-source-candidate1/specforge/modeling/draft/dflash.py", line 377, in _compute_qkv,
            q = self.q_norm(q).transpose(1, 2),
                ^^^^^^^^^^^^^^^^^^^^^^^^^^^^^^,
          File "/scratch/specforge-torchtitan-20261003/venv/lib/python3.12/site-packages/transformers/models/qwen3/modeling_qwen3.py", line 61, in forward,
            hidden_states = hidden_states.to(torch.float32),
                            ^^^^^^^^^^^^^^^^^^^^^^^^^^^^^^^,
        ,
        },
        stack_traces = {,
          File "/scratch/specforge-torchtitan-20261003/first-update-source-candidate1/specforge/modeling/draft/dflash2.py", line 237, in forward,
            hidden_states = self.self_attn(,
                            ^^^^^^^^^^^^^^^,
          File "/scratch/specforge-torchtitan-20261003/first-update-source-candidate1/specforge/modeling/draft/dflash.py", line 279, in forward,
            q, k, v = self._compute_qkv(hidden_states, target_hidden, position_embeddings),
                      ^^^^^^^^^^^^^^^^^^^^^^^^^^^^^^^^^^^^^^^^^^^^^^^^^^^^^^^^^^^^^^^^^^^^,
          File "/scratch/specforge-torchtitan-20261003/first-update-source-candidate1/specforge/modeling/draft/dflash.py", line 376, in _compute_qkv,
            q = q.view(bsz, q_len, -1, self.head_dim),
                ^^^^^^^^^^^^^^^^^^^^^^^^^^^^^^^^^^^^^,
        ,
        },
        stack_traces = {,
          File "/scratch/specforge-torchtitan-20261003/first-update-source-candidate1/specforge/modeling/draft/dflash2.py", line 237, in forward,
            hidden_states = self.self_attn(,
                            ^^^^^^^^^^^^^^^,
          File "/scratch/specforge-torchtitan-20261003/first-update-source-candidate1/specforge/modeling/draft/dflash.py", line 279, in forward,
            q, k, v = self._compute_qkv(hidden_states, target_hidden, position_embeddings),
                      ^^^^^^^^^^^^^^^^^^^^^^^^^^^^^^^^^^^^^^^^^^^^^^^^^^^^^^^^^^^^^^^^^^^^,
          File "/scratch/specforge-torchtitan-20261003/first-update-source-candidate1/specforge/modeling/draft/dflash.py", line 375, in _compute_qkv,
            q = self.q_proj(hidden_states),
                ^^^^^^^^^^^^^^^^^^^^^^^^^^,
        ,
        },
        stack_traces = {,
          File "/scratch/specforge-torchtitan-20261003/first-update-source-candidate1/specforge/modeling/draft/dflash2.py", line 237, in forward,
            hidden_states = self.self_attn(,
                            ^^^^^^^^^^^^^^^,
          File "/scratch/specforge-torchtitan-20261003/first-update-source-candidate1/specforge/modeling/draft/dflash.py", line 279, in forward,
            q, k, v = self._compute_qkv(hidden_states, target_hidden, position_embeddings),
                      ^^^^^^^^^^^^^^^^^^^^^^^^^^^^^^^^^^^^^^^^^^^^^^^^^^^^^^^^^^^^^^^^^^^^,
          File "/scratch/specforge-torchtitan-20261003/first-update-source-candidate1/specforge/modeling/draft/dflash.py", line 391, in _compute_qkv,
            q, k = apply_rotary_pos_emb(q, k, cos, sin),
                   ^^^^^^^^^^^^^^^^^^^^^^^^^^^^^^^^^^^^,
          File "/scratch/specforge-torchtitan-20261003/first-update-source-candidate1/specforge/modeling/draft/dflash.py", line 172, in apply_rotary_pos_emb,
            q_embed = (q * cos[..., -q_len:, :]) + (rotate_half(q) * sin[..., -q_len:, :]),
                           ^^^^^^^^^^^^^^^^^^^^^^^^^^^^^^^^^^^^^^^^^^^^^^^^^^^^^^^^^^^^^^^,
        ,
        },
        stack_traces = {,
          File "/scratch/specforge-torchtitan-20261003/first-update-source-candidate1/specforge/modeling/draft/dflash2.py", line 237, in forward,
            hidden_states = self.self_attn(,
                            ^^^^^^^^^^^^^^^,
          File "/scratch/specforge-torchtitan-20261003/first-update-source-candidate1/specforge/modeling/draft/dflash.py", line 279, in forward,
            q, k, v = self._compute_qkv(hidden_states, target_hidden, position_embeddings),
                      ^^^^^^^^^^^^^^^^^^^^^^^^^^^^^^^^^^^^^^^^^^^^^^^^^^^^^^^^^^^^^^^^^^^^,
          File "/scratch/specforge-torchtitan-20261003/first-update-source-candidate1/specforge/modeling/draft/dflash.py", line 391, in _compute_qkv,
            q, k = apply_rotary_pos_emb(q, k, cos, sin),
                   ^^^^^^^^^^^^^^^^^^^^^^^^^^^^^^^^^^^^,
          File "/scratch/specforge-torchtitan-20261003/first-update-source-candidate1/specforge/modeling/draft/dflash.py", line 169, in apply_rotary_pos_emb,
            cos = cos.unsqueeze(unsqueeze_dim),
                  ^^^^^^^^^^^^^^^^^^^^^^^^^^^^,
        ,
        },
        stack_traces = {,
          File "/scratch/specforge-torchtitan-20261003/first-update-source-candidate1/specforge/modeling/draft/dflash2.py", line 237, in forward,
            hidden_states = self.self_attn(,
                            ^^^^^^^^^^^^^^^,
          File "/scratch/specforge-torchtitan-20261003/first-update-source-candidate1/specforge/modeling/draft/dflash.py", line 279, in forward,
            q, k, v = self._compute_qkv(hidden_states, target_hidden, position_embeddings),
                      ^^^^^^^^^^^^^^^^^^^^^^^^^^^^^^^^^^^^^^^^^^^^^^^^^^^^^^^^^^^^^^^^^^^^,
          File "/scratch/specforge-torchtitan-20261003/first-update-source-candidate1/specforge/modeling/draft/dflash.py", line 391, in _compute_qkv,
            q, k = apply_rotary_pos_emb(q, k, cos, sin),
                   ^^^^^^^^^^^^^^^^^^^^^^^^^^^^^^^^^^^^,
          File "/scratch/specforge-torchtitan-20261003/first-update-source-candidate1/specforge/modeling/draft/dflash.py", line 172, in apply_rotary_pos_emb,
            q_embed = (q * cos[..., -q_len:, :]) + (rotate_half(q) * sin[..., -q_len:, :]),
                                                    ^^^^^^^^^^^^^^^^^^^^^^^^^^^^^^^^^^^^^^,
        ,
        },
        stack_traces = {,
          File "/scratch/specforge-torchtitan-20261003/first-update-source-candidate1/specforge/modeling/draft/dflash2.py", line 237, in forward,
            hidden_states = self.self_attn(,
                            ^^^^^^^^^^^^^^^,
          File "/scratch/specforge-torchtitan-20261003/first-update-source-candidate1/specforge/modeling/draft/dflash.py", line 279, in forward,
            q, k, v = self._compute_qkv(hidden_states, target_hidden, position_embeddings),
                      ^^^^^^^^^^^^^^^^^^^^^^^^^^^^^^^^^^^^^^^^^^^^^^^^^^^^^^^^^^^^^^^^^^^^,
          File "/scratch/specforge-torchtitan-20261003/first-update-source-candidate1/specforge/modeling/draft/dflash.py", line 391, in _compute_qkv,
            q, k = apply_rotary_pos_emb(q, k, cos, sin),
                   ^^^^^^^^^^^^^^^^^^^^^^^^^^^^^^^^^^^^,
          File "/scratch/specforge-torchtitan-20261003/first-update-source-candidate1/specforge/modeling/draft/dflash.py", line 172, in apply_rotary_pos_emb,
            q_embed = (q * cos[..., -q_len:, :]) + (rotate_half(q) * sin[..., -q_len:, :]),
                                                                     ^^^^^^^^^^^^^^^^^^^^^,
        ,
        },
        stack_traces = {,
          File "/scratch/specforge-torchtitan-20261003/first-update-source-candidate1/specforge/modeling/draft/dflash2.py", line 237, in forward,
            hidden_states = self.self_attn(,
                            ^^^^^^^^^^^^^^^,
          File "/scratch/specforge-torchtitan-20261003/first-update-source-candidate1/specforge/modeling/draft/dflash.py", line 279, in forward,
            q, k, v = self._compute_qkv(hidden_states, target_hidden, position_embeddings),
                      ^^^^^^^^^^^^^^^^^^^^^^^^^^^^^^^^^^^^^^^^^^^^^^^^^^^^^^^^^^^^^^^^^^^^,
          File "/scratch/specforge-torchtitan-20261003/first-update-source-candidate1/specforge/modeling/draft/dflash.py", line 391, in _compute_qkv,
            q, k = apply_rotary_pos_emb(q, k, cos, sin),
                   ^^^^^^^^^^^^^^^^^^^^^^^^^^^^^^^^^^^^,
          File "/scratch/specforge-torchtitan-20261003/first-update-source-candidate1/specforge/modeling/draft/dflash.py", line 170, in apply_rotary_pos_emb,
            sin = sin.unsqueeze(unsqueeze_dim),
                  ^^^^^^^^^^^^^^^^^^^^^^^^^^^^,
        ,
        }
      ), _split_size=None, _original_inner_fn=None, _original_ranges=None, _original_reduction_ranges=None)
    ))
    args[1]: TensorBox(StorageBox(
      ComputedBuffer(name='buf20', layout=FixedLayout('cuda:1', torch.bfloat16, size=[1, 2, 160, 8], stride=[2560, 8, 16, 1]), data=Pointwise(
        'cuda',
        torch.bfloat16,
        def inner_fn(index):
            _, i1, i2, i3 = index
            tmp0 = ops.load(primals_10, i3)
            tmp1 = ops.to_dtype(tmp0, torch.bfloat16, use_compute_types=False)
            tmp2 = ops.to_dtype(tmp1, torch.bfloat16)
            tmp3 = ops.load(buf13, i3 + 8 * i1 + 16 * i2)
            tmp4 = ops.to_dtype(tmp3, torch.bfloat16, use_compute_types=False)
            tmp5 = ops.to_dtype(tmp4, torch.bfloat16)
            tmp6 = ops.to_dtype(tmp5, torch.float32, src_dtype=torch.bfloat16, use_compute_types=False)
            tmp7 = ops.load(buf15, i1 + 2 * i2)
            tmp8 = tmp6 * tmp7
            tmp9 = ops.to_dtype(tmp8, torch.bfloat16, src_dtype=torch.float32, use_compute_types=False)
            tmp10 = ops.to_dtype(tmp9, torch.bfloat16)
            tmp11 = ops.to_dtype(tmp10, torch.bfloat16, use_compute_types=False)
            tmp12 = ops.to_dtype(tmp11, torch.bfloat16)
            tmp13 = ops.to_dtype(tmp12, torch.bfloat16, use_compute_types=False)
            tmp14 = ops.to_dtype(tmp13, torch.bfloat16)
            tmp15 = tmp2 * tmp14
            tmp16 = ops.to_dtype(tmp15, torch.bfloat16, use_compute_types=False)
            tmp17 = ops.to_dtype(tmp16, torch.bfloat16)
            tmp18 = ops.to_dtype(tmp17, torch.bfloat16, use_compute_types=False)
            tmp19 = ops.to_dtype(tmp18, torch.bfloat16)
            tmp20 = ops.load(primals_11, i3 + 8 * i2)
            tmp21 = ops.to_dtype(tmp20, torch.bfloat16, use_compute_types=False)
            tmp22 = ops.to_dtype(tmp21, torch.bfloat16)
            tmp23 = tmp19 * tmp22
            tmp24 = ops.to_dtype(tmp23, torch.bfloat16, use_compute_types=False)
            tmp25 = ops.to_dtype(tmp24, torch.bfloat16)
            tmp26 = ops.to_dtype(tmp25, torch.bfloat16, use_compute_types=False)
            tmp27 = ops.to_dtype(tmp26, torch.bfloat16)
            tmp28 = ops.load(buf19, i3 + 8 * i2 + 1280 * i1)
            tmp29 = ops.to_dtype(tmp28, torch.bfloat16, use_compute_types=False)
            tmp30 = ops.to_dtype(tmp29, torch.bfloat16)
            tmp31 = ops.load(primals_12, i3 + 8 * i2)
            tmp32 = ops.to_dtype(tmp31, torch.bfloat16, use_compute_types=False)
            tmp33 = ops.to_dtype(tmp32, torch.bfloat16)
            tmp34 = tmp30 * tmp33
            tmp35 = ops.to_dtype(tmp34, torch.bfloat16, use_compute_types=False)
            tmp36 = ops.to_dtype(tmp35, torch.bfloat16)
            tmp37 = ops.to_dtype(tmp36, torch.bfloat16, use_compute_types=False)
            tmp38 = ops.to_dtype(tmp37, torch.bfloat16)
            tmp39 = tmp27 + tmp38
            tmp40 = ops.to_dtype(tmp39, torch.bfloat16, use_compute_types=False)
            tmp41 = ops.to_dtype(tmp40, torch.bfloat16)
            return tmp41
        ,
        ranges=[1, 2, 160, 8],
        origin_node=add_4,
        origins=OrderedSet([add_4, mul_8, permute_7, mul_5, convert_e...,
        stack_traces = {,
          File "/scratch/specforge-torchtitan-20261003/first-update-source-candidate1/specforge/modeling/draft/dflash2.py", line 237, in forward,
            hidden_states = self.self_attn(,
                            ^^^^^^^^^^^^^^^,
          File "/scratch/specforge-torchtitan-20261003/first-update-source-candidate1/specforge/modeling/draft/dflash.py", line 279, in forward,
            q, k, v = self._compute_qkv(hidden_states, target_hidden, position_embeddings),
                      ^^^^^^^^^^^^^^^^^^^^^^^^^^^^^^^^^^^^^^^^^^^^^^^^^^^^^^^^^^^^^^^^^^^^,
          File "/scratch/specforge-torchtitan-20261003/first-update-source-candidate1/specforge/modeling/draft/dflash.py", line 391, in _compute_qkv,
            q, k = apply_rotary_pos_emb(q, k, cos, sin),
                   ^^^^^^^^^^^^^^^^^^^^^^^^^^^^^^^^^^^^,
          File "/scratch/specforge-torchtitan-20261003/first-update-source-candidate1/specforge/modeling/draft/dflash.py", line 173, in apply_rotary_pos_emb,
            k_embed = (k * cos) + (rotate_half(k) * sin),
                      ^^^^^^^^^^^^^^^^^^^^^^^^^^^^^^^^^^,
        ,
        },
        stack_traces = {,
          File "/scratch/specforge-torchtitan-20261003/first-update-source-candidate1/specforge/modeling/draft/dflash2.py", line 237, in forward,
            hidden_states = self.self_attn(,
                            ^^^^^^^^^^^^^^^,
          File "/scratch/specforge-torchtitan-20261003/first-update-source-candidate1/specforge/modeling/draft/dflash.py", line 279, in forward,
            q, k, v = self._compute_qkv(hidden_states, target_hidden, position_embeddings),
                      ^^^^^^^^^^^^^^^^^^^^^^^^^^^^^^^^^^^^^^^^^^^^^^^^^^^^^^^^^^^^^^^^^^^^,
          File "/scratch/specforge-torchtitan-20261003/first-update-source-candidate1/specforge/modeling/draft/dflash.py", line 391, in _compute_qkv,
            q, k = apply_rotary_pos_emb(q, k, cos, sin),
                   ^^^^^^^^^^^^^^^^^^^^^^^^^^^^^^^^^^^^,
          File "/scratch/specforge-torchtitan-20261003/first-update-source-candidate1/specforge/modeling/draft/dflash.py", line 173, in apply_rotary_pos_emb,
            k_embed = (k * cos) + (rotate_half(k) * sin),
                       ^^^^^^^^^^^^^^^^^^^^^^^^^^^^^^^^^,
        ,
        },
        stack_traces = {,
          File "/scratch/specforge-torchtitan-20261003/first-update-source-candidate1/specforge/modeling/draft/dflash2.py", line 237, in forward,
            hidden_states = self.self_attn(,
                            ^^^^^^^^^^^^^^^,
          File "/scratch/specforge-torchtitan-20261003/first-update-source-candidate1/specforge/modeling/draft/dflash.py", line 279, in forward,
            q, k, v = self._compute_qkv(hidden_states, target_hidden, position_embeddings),
                      ^^^^^^^^^^^^^^^^^^^^^^^^^^^^^^^^^^^^^^^^^^^^^^^^^^^^^^^^^^^^^^^^^^^^,
          File "/scratch/specforge-torchtitan-20261003/first-update-source-candidate1/specforge/modeling/draft/dflash.py", line 388, in _compute_qkv,
            k = self.k_norm(k).transpose(1, 2),
                ^^^^^^^^^^^^^^^^^^^^^^^^^^^^^^,
        ,
        },
        stack_traces = {,
          File "/scratch/specforge-torchtitan-20261003/first-update-source-candidate1/specforge/modeling/draft/dflash2.py", line 237, in forward,
            hidden_states = self.self_attn(,
                            ^^^^^^^^^^^^^^^,
          File "/scratch/specforge-torchtitan-20261003/first-update-source-candidate1/specforge/modeling/draft/dflash.py", line 279, in forward,
            q, k, v = self._compute_qkv(hidden_states, target_hidden, position_embeddings),
                      ^^^^^^^^^^^^^^^^^^^^^^^^^^^^^^^^^^^^^^^^^^^^^^^^^^^^^^^^^^^^^^^^^^^^,
          File "/scratch/specforge-torchtitan-20261003/first-update-source-candidate1/specforge/modeling/draft/dflash.py", line 388, in _compute_qkv,
            k = self.k_norm(k).transpose(1, 2),
                ^^^^^^^^^^^^^^^^^^^^^^^^^^^^^^,
          File "/scratch/specforge-torchtitan-20261003/venv/lib/python3.12/site-packages/transformers/models/qwen3/modeling_qwen3.py", line 64, in forward,
            return self.weight * hidden_states.to(input_dtype),
                   ^^^^^^^^^^^^^^^^^^^^^^^^^^^^^^^^^^^^^^^^^^^,
        ,
        },
        stack_traces = {,
          File "/scratch/specforge-torchtitan-20261003/first-update-source-candidate1/specforge/modeling/draft/dflash2.py", line 237, in forward,
            hidden_states = self.self_attn(,
                            ^^^^^^^^^^^^^^^,
          File "/scratch/specforge-torchtitan-20261003/first-update-source-candidate1/specforge/modeling/draft/dflash.py", line 279, in forward,
            q, k, v = self._compute_qkv(hidden_states, target_hidden, position_embeddings),
                      ^^^^^^^^^^^^^^^^^^^^^^^^^^^^^^^^^^^^^^^^^^^^^^^^^^^^^^^^^^^^^^^^^^^^,
          File "/scratch/specforge-torchtitan-20261003/first-update-source-candidate1/specforge/modeling/draft/dflash.py", line 388, in _compute_qkv,
            k = self.k_norm(k).transpose(1, 2),
                ^^^^^^^^^^^^^^^^^^^^^^^^^^^^^^,
          File "/scratch/specforge-torchtitan-20261003/venv/lib/python3.12/site-packages/transformers/models/qwen3/modeling_qwen3.py", line 64, in forward,
            return self.weight * hidden_states.to(input_dtype),
                                 ^^^^^^^^^^^^^^^^^^^^^^^^^^^^^,
        ,
        },
        stack_traces = {,
          File "/scratch/specforge-torchtitan-20261003/first-update-source-candidate1/specforge/modeling/draft/dflash2.py", line 237, in forward,
            hidden_states = self.self_attn(,
                            ^^^^^^^^^^^^^^^,
          File "/scratch/specforge-torchtitan-20261003/first-update-source-candidate1/specforge/modeling/draft/dflash.py", line 279, in forward,
            q, k, v = self._compute_qkv(hidden_states, target_hidden, position_embeddings),
                      ^^^^^^^^^^^^^^^^^^^^^^^^^^^^^^^^^^^^^^^^^^^^^^^^^^^^^^^^^^^^^^^^^^^^,
          File "/scratch/specforge-torchtitan-20261003/first-update-source-candidate1/specforge/modeling/draft/dflash.py", line 388, in _compute_qkv,
            k = self.k_norm(k).transpose(1, 2),
                ^^^^^^^^^^^^^^^^^^^^^^^^^^^^^^,
          File "/scratch/specforge-torchtitan-20261003/venv/lib/python3.12/site-packages/transformers/models/qwen3/modeling_qwen3.py", line 63, in forward,
            hidden_states = hidden_states * torch.rsqrt(variance + self.variance_epsilon),
                            ^^^^^^^^^^^^^^^^^^^^^^^^^^^^^^^^^^^^^^^^^^^^^^^^^^^^^^^^^^^^^,
        ,
        },
        stack_traces = {,
          File "/scratch/specforge-torchtitan-20261003/first-update-source-candidate1/specforge/modeling/draft/dflash2.py", line 237, in forward,
            hidden_states = self.self_attn(,
                            ^^^^^^^^^^^^^^^,
          File "/scratch/specforge-torchtitan-20261003/first-update-source-candidate1/specforge/modeling/draft/dflash.py", line 279, in forward,
            q, k, v = self._compute_qkv(hidden_states, target_hidden, position_embeddings),
                      ^^^^^^^^^^^^^^^^^^^^^^^^^^^^^^^^^^^^^^^^^^^^^^^^^^^^^^^^^^^^^^^^^^^^,
          File "/scratch/specforge-torchtitan-20261003/first-update-source-candidate1/specforge/modeling/draft/dflash.py", line 388, in _compute_qkv,
            k = self.k_norm(k).transpose(1, 2),
                ^^^^^^^^^^^^^^^^^^^^^^^^^^^^^^,
          File "/scratch/specforge-torchtitan-20261003/venv/lib/python3.12/site-packages/transformers/models/qwen3/modeling_qwen3.py", line 61, in forward,
            hidden_states = hidden_states.to(torch.float32),
                            ^^^^^^^^^^^^^^^^^^^^^^^^^^^^^^^,
        ,
        },
        stack_traces = {,
          File "/scratch/specforge-torchtitan-20261003/first-update-source-candidate1/specforge/modeling/draft/dflash2.py", line 237, in forward,
            hidden_states = self.self_attn(,
                            ^^^^^^^^^^^^^^^,
          File "/scratch/specforge-torchtitan-20261003/first-update-source-candidate1/specforge/modeling/draft/dflash.py", line 279, in forward,
            q, k, v = self._compute_qkv(hidden_states, target_hidden, position_embeddings),
                      ^^^^^^^^^^^^^^^^^^^^^^^^^^^^^^^^^^^^^^^^^^^^^^^^^^^^^^^^^^^^^^^^^^^^,
          File "/scratch/specforge-torchtitan-20261003/first-update-source-candidate1/specforge/modeling/draft/dflash.py", line 382, in _compute_qkv,
            k = torch.cat([k_ctx, k_noise], dim=1).view(,
                ^^^^^^^^^^^^^^^^^^^^^^^^^^^^^^^^^^^^^^^^,
        ,
        },
        stack_traces = {,
          File "/scratch/specforge-torchtitan-20261003/first-update-source-candidate1/specforge/modeling/draft/dflash2.py", line 237, in forward,
            hidden_states = self.self_attn(,
                            ^^^^^^^^^^^^^^^,
          File "/scratch/specforge-torchtitan-20261003/first-update-source-candidate1/specforge/modeling/draft/dflash.py", line 279, in forward,
            q, k, v = self._compute_qkv(hidden_states, target_hidden, position_embeddings),
                      ^^^^^^^^^^^^^^^^^^^^^^^^^^^^^^^^^^^^^^^^^^^^^^^^^^^^^^^^^^^^^^^^^^^^,
          File "/scratch/specforge-torchtitan-20261003/first-update-source-candidate1/specforge/modeling/draft/dflash.py", line 391, in _compute_qkv,
            q, k = apply_rotary_pos_emb(q, k, cos, sin),
                   ^^^^^^^^^^^^^^^^^^^^^^^^^^^^^^^^^^^^,
          File "/scratch/specforge-torchtitan-20261003/first-update-source-candidate1/specforge/modeling/draft/dflash.py", line 169, in apply_rotary_pos_emb,
            cos = cos.unsqueeze(unsqueeze_dim),
                  ^^^^^^^^^^^^^^^^^^^^^^^^^^^^,
        ,
        },
        stack_traces = {,
          File "/scratch/specforge-torchtitan-20261003/first-update-source-candidate1/specforge/modeling/draft/dflash2.py", line 237, in forward,
            hidden_states = self.self_attn(,
                            ^^^^^^^^^^^^^^^,
          File "/scratch/specforge-torchtitan-20261003/first-update-source-candidate1/specforge/modeling/draft/dflash.py", line 279, in forward,
            q, k, v = self._compute_qkv(hidden_states, target_hidden, position_embeddings),
                      ^^^^^^^^^^^^^^^^^^^^^^^^^^^^^^^^^^^^^^^^^^^^^^^^^^^^^^^^^^^^^^^^^^^^,
          File "/scratch/specforge-torchtitan-20261003/first-update-source-candidate1/specforge/modeling/draft/dflash.py", line 391, in _compute_qkv,
            q, k = apply_rotary_pos_emb(q, k, cos, sin),
                   ^^^^^^^^^^^^^^^^^^^^^^^^^^^^^^^^^^^^,
          File "/scratch/specforge-torchtitan-20261003/first-update-source-candidate1/specforge/modeling/draft/dflash.py", line 173, in apply_rotary_pos_emb,
            k_embed = (k * cos) + (rotate_half(k) * sin),
                                   ^^^^^^^^^^^^^^^^^^^^^,
        ,
        },
        stack_traces = {,
          File "/scratch/specforge-torchtitan-20261003/first-update-source-candidate1/specforge/modeling/draft/dflash2.py", line 237, in forward,
            hidden_states = self.self_attn(,
                            ^^^^^^^^^^^^^^^,
          File "/scratch/specforge-torchtitan-20261003/first-update-source-candidate1/specforge/modeling/draft/dflash.py", line 279, in forward,
            q, k, v = self._compute_qkv(hidden_states, target_hidden, position_embeddings),
                      ^^^^^^^^^^^^^^^^^^^^^^^^^^^^^^^^^^^^^^^^^^^^^^^^^^^^^^^^^^^^^^^^^^^^,
          File "/scratch/specforge-torchtitan-20261003/first-update-source-candidate1/specforge/modeling/draft/dflash.py", line 391, in _compute_qkv,
            q, k = apply_rotary_pos_emb(q, k, cos, sin),
                   ^^^^^^^^^^^^^^^^^^^^^^^^^^^^^^^^^^^^,
          File "/scratch/specforge-torchtitan-20261003/first-update-source-candidate1/specforge/modeling/draft/dflash.py", line 170, in apply_rotary_pos_emb,
            sin = sin.unsqueeze(unsqueeze_dim),
                  ^^^^^^^^^^^^^^^^^^^^^^^^^^^^,
        ,
        }
      ), _split_size=None, _original_inner_fn=None, _original_ranges=None, _original_reduction_ranges=None)
    ))
    args[2]: TensorBox(
      ReinterpretView(
        StorageBox(
          ComputedBuffer(name='buf16', layout=FixedLayout('cuda:1', torch.bfloat16, size=[1, 160, 16], stride=[2560, 16, 1]), data=Pointwise(
            'cuda',
            torch.bfloat16,
            def inner_fn(index):
                _, i1, i2 = index
                tmp0 = ops.index_expr(i1, torch.int64)
                tmp1 = ops.constant(0, torch.int64)
                tmp2 = ops.index_expr(128, torch.int64)
                tmp3 = tmp0 >= tmp1
                tmp4 = tmp0 < tmp2
                tmp5 = ops.load(buf11, i2 + 16 * Identity(i1))
                tmp6 = ops.masked(tmp4, tmp5, 0.0)
                tmp7 = ops.index_expr(128, torch.int64)
                tmp8 = ops.index_expr(160, torch.int64)
                tmp9 = tmp0 >= tmp7
                tmp10 = tmp0 < tmp8
                tmp11 = ops.load(buf12, i2 + 16 * Identity(-128 + i1))
                tmp12 = ops.masked(tmp9, tmp11, 0.0)
                tmp13 = ops.where(tmp4, tmp6, tmp12)
                return tmp13
            ,
            ranges=[1, 160, 16],
            origin_node=cat_1,
            origins=OrderedSet([cat_1, view_19, view_23]),
            stack_traces = {,
              File "/scratch/specforge-torchtitan-20261003/first-update-source-candidate1/specforge/modeling/draft/dflash2.py", line 237, in forward,
                hidden_states = self.self_attn(,
                                ^^^^^^^^^^^^^^^,
              File "/scratch/specforge-torchtitan-20261003/first-update-source-candidate1/specforge/modeling/draft/dflash.py", line 279, in forward,
                q, k, v = self._compute_qkv(hidden_states, target_hidden, position_embeddings),
                          ^^^^^^^^^^^^^^^^^^^^^^^^^^^^^^^^^^^^^^^^^^^^^^^^^^^^^^^^^^^^^^^^^^^^,
              File "/scratch/specforge-torchtitan-20261003/first-update-source-candidate1/specforge/modeling/draft/dflash.py", line 385, in _compute_qkv,
                v = torch.cat([v_ctx, v_noise], dim=1).view(,
                    ^^^^^^^^^^^^^^^^^^^^^^^^^^^^^^^^^^^^^^^^,
            ,
            },
            stack_traces = {,
              File "/scratch/specforge-torchtitan-20261003/first-update-source-candidate1/specforge/modeling/draft/dflash2.py", line 237, in forward,
                hidden_states = self.self_attn(,
                                ^^^^^^^^^^^^^^^,
              File "/scratch/specforge-torchtitan-20261003/first-update-source-candidate1/specforge/modeling/draft/dflash.py", line 279, in forward,
                q, k, v = self._compute_qkv(hidden_states, target_hidden, position_embeddings),
                          ^^^^^^^^^^^^^^^^^^^^^^^^^^^^^^^^^^^^^^^^^^^^^^^^^^^^^^^^^^^^^^^^^^^^,
              File "/scratch/specforge-torchtitan-20261003/first-update-source-candidate1/specforge/modeling/draft/dflash.py", line 380, in _compute_qkv,
                v_ctx = self.v_proj(target_hidden),
                        ^^^^^^^^^^^^^^^^^^^^^^^^^^,
            ,
            },
            stack_traces = {,
              File "/scratch/specforge-torchtitan-20261003/first-update-source-candidate1/specforge/modeling/draft/dflash2.py", line 237, in forward,
                hidden_states = self.self_attn(,
                                ^^^^^^^^^^^^^^^,
              File "/scratch/specforge-torchtitan-20261003/first-update-source-candidate1/specforge/modeling/draft/dflash.py", line 279, in forward,
                q, k, v = self._compute_qkv(hidden_states, target_hidden, position_embeddings),
                          ^^^^^^^^^^^^^^^^^^^^^^^^^^^^^^^^^^^^^^^^^^^^^^^^^^^^^^^^^^^^^^^^^^^^,
              File "/scratch/specforge-torchtitan-20261003/first-update-source-candidate1/specforge/modeling/draft/dflash.py", line 381, in _compute_qkv,
                v_noise = self.v_proj(hidden_states),
                          ^^^^^^^^^^^^^^^^^^^^^^^^^^,
            ,
            }
          ), _split_size=None, _original_inner_fn=None, _original_ranges=None, _original_reduction_ranges=None)
        ),
        FixedLayout('cuda:1', torch.bfloat16, size=[1, 2, 160, 8], stride=[0, 8, 16, 1]),
        origins=OrderedSet([permute_8, view_25, cat_1, view_19, view_...,
        stack_traces = {,
          File "/scratch/specforge-torchtitan-20261003/first-update-source-candidate1/specforge/modeling/draft/dflash2.py", line 237, in forward,
            hidden_states = self.self_attn(,
                            ^^^^^^^^^^^^^^^,
          File "/scratch/specforge-torchtitan-20261003/first-update-source-candidate1/specforge/modeling/draft/dflash.py", line 279, in forward,
            q, k, v = self._compute_qkv(hidden_states, target_hidden, position_embeddings),
                      ^^^^^^^^^^^^^^^^^^^^^^^^^^^^^^^^^^^^^^^^^^^^^^^^^^^^^^^^^^^^^^^^^^^^,
          File "/scratch/specforge-torchtitan-20261003/first-update-source-candidate1/specforge/modeling/draft/dflash.py", line 389, in _compute_qkv,
            v = v.transpose(1, 2),
                ^^^^^^^^^^^^^^^^^,
        ,
        },
        stack_traces = {,
          File "/scratch/specforge-torchtitan-20261003/first-update-source-candidate1/specforge/modeling/draft/dflash2.py", line 237, in forward,
            hidden_states = self.self_attn(,
                            ^^^^^^^^^^^^^^^,
          File "/scratch/specforge-torchtitan-20261003/first-update-source-candidate1/specforge/modeling/draft/dflash.py", line 279, in forward,
            q, k, v = self._compute_qkv(hidden_states, target_hidden, position_embeddings),
                      ^^^^^^^^^^^^^^^^^^^^^^^^^^^^^^^^^^^^^^^^^^^^^^^^^^^^^^^^^^^^^^^^^^^^,
          File "/scratch/specforge-torchtitan-20261003/first-update-source-candidate1/specforge/modeling/draft/dflash.py", line 385, in _compute_qkv,
            v = torch.cat([v_ctx, v_noise], dim=1).view(,
                ^^^^^^^^^^^^^^^^^^^^^^^^^^^^^^^^^^^^^^^^,
        ,
        },
        stack_traces = {,
          File "/scratch/specforge-torchtitan-20261003/first-update-source-candidate1/specforge/modeling/draft/dflash2.py", line 237, in forward,
            hidden_states = self.self_attn(,
                            ^^^^^^^^^^^^^^^,
          File "/scratch/specforge-torchtitan-20261003/first-update-source-candidate1/specforge/modeling/draft/dflash.py", line 279, in forward,
            q, k, v = self._compute_qkv(hidden_states, target_hidden, position_embeddings),
                      ^^^^^^^^^^^^^^^^^^^^^^^^^^^^^^^^^^^^^^^^^^^^^^^^^^^^^^^^^^^^^^^^^^^^,
          File "/scratch/specforge-torchtitan-20261003/first-update-source-candidate1/specforge/modeling/draft/dflash.py", line 380, in _compute_qkv,
            v_ctx = self.v_proj(target_hidden),
                    ^^^^^^^^^^^^^^^^^^^^^^^^^^,
        ,
        },
        stack_traces = {,
          File "/scratch/specforge-torchtitan-20261003/first-update-source-candidate1/specforge/modeling/draft/dflash2.py", line 237, in forward,
            hidden_states = self.self_attn(,
                            ^^^^^^^^^^^^^^^,
          File "/scratch/specforge-torchtitan-20261003/first-update-source-candidate1/specforge/modeling/draft/dflash.py", line 279, in forward,
            q, k, v = self._compute_qkv(hidden_states, target_hidden, position_embeddings),
                      ^^^^^^^^^^^^^^^^^^^^^^^^^^^^^^^^^^^^^^^^^^^^^^^^^^^^^^^^^^^^^^^^^^^^,
          File "/scratch/specforge-torchtitan-20261003/first-update-source-candidate1/specforge/modeling/draft/dflash.py", line 381, in _compute_qkv,
            v_noise = self.v_proj(hidden_states),
                      ^^^^^^^^^^^^^^^^^^^^^^^^^^,
        ,
        }
      )
    )
    args[3]: Subgraph(name='sdpa_score0', graph_module=<lambda>(), inductor_config_patches=None, graph=None)
    args[4]: (32, 160, TensorBox(StorageBox(
      InputBuffer(name='primals_14', layout=FixedLayout('cuda:1', torch.int32, size=[1, 1, 1], stride=[1, 1, 1]))
    )), TensorBox(StorageBox(
      InputBuffer(name='primals_13', layout=FixedLayout('cuda:1', torch.int32, size=[1, 1, 1, 2], stride=[2, 2, 2, 1]))
    )), TensorBox(StorageBox(
      InputBuffer(name='primals_17', layout=FixedLayout('cuda:1', torch.int32, size=[1, 1, 1], stride=[1, 1, 1]))
    )), TensorBox(StorageBox(
      InputBuffer(name='primals_18', layout=FixedLayout('cuda:1', torch.int32, size=[1, 1, 1, 2], stride=[2, 2, 2, 1]))
    )), TensorBox(StorageBox(
      InputBuffer(name='primals_19', layout=FixedLayout('cuda:1', torch.int32, size=[1, 1, 2], stride=[2, 2, 1]))
    )), TensorBox(StorageBox(
      InputBuffer(name='primals_20', layout=FixedLayout('cuda:1', torch.int32, size=[1, 1, 2, 1], stride=[2, 2, 1, 1]))
    )), TensorBox(StorageBox(
      InputBuffer(name='primals_21', layout=FixedLayout('cuda:1', torch.int32, size=[1, 1, 2], stride=[2, 2, 1]))
    )), TensorBox(StorageBox(
      InputBuffer(name='primals_22', layout=FixedLayout('cuda:1', torch.int32, size=[1, 1, 2, 1], stride=[2, 2, 1, 1]))
    )), None, None, None, None, 128, 128, Subgraph(name='sdpa_mask0', graph_module=<lambda>(), inductor_config_patches=None, graph=None))
    args[5]: 0.3535533905932738
    args[6]: {'BACKEND': 'TRITON', 'PRESCALE_QK': False, 'ROWS_GUARANTEED_SAFE': False, 'BLOCKS_ARE_CONTIGUOUS': False, 'WRITE_DQ': True, 'OUTPUT_LOGSUMEXP': True, 'OUTPUT_MAX': False}
    args[7]: ()
    args[8]: (TensorBox(StorageBox(
      InputBuffer(name='primals_15', layout=FixedLayout('cuda:1', torch.int64, size=[1, 8], stride=[8, 1]))
    )), TensorBox(StorageBox(
      InputBuffer(name='primals_16', layout=FixedLayout('cuda:1', torch.bool, size=[1, 8], stride=[8, 1]))
    )))NotImplementedError: NYI: embedding dimension of the query, key, and value must be at least 16 but got E=8 and Ev=8
    target: flex_attention
    args[0]: TensorBox(StorageBox(
      ComputedBuffer(name='buf18', layout=FixedLayout('cuda:1', torch.bfloat16, size=[1, 4, 32, 8], stride=[1024, 8, 32, 1]), data=Pointwise(
        'cuda',
        torch.bfloat16,
        def inner_fn(index):
            _, i1, i2, i3 = index
            tmp0 = ops.load(primals_7, i3)
            tmp1 = ops.to_dtype(tmp0, torch.bfloat16, use_compute_types=False)
            tmp2 = ops.to_dtype(tmp1, torch.bfloat16)
            tmp3 = ops.load(buf6, i3 + 8 * i1 + 32 * i2)
            tmp4 = ops.to_dtype(tmp3, torch.bfloat16, use_compute_types=False)
            tmp5 = ops.to_dtype(tmp4, torch.bfloat16)
            tmp6 = ops.to_dtype(tmp5, torch.float32, src_dtype=torch.bfloat16, use_compute_types=False)
            tmp7 = ops.load(buf8, i1 + 4 * i2)
            tmp8 = tmp6 * tmp7
            tmp9 = ops.to_dtype(tmp8, torch.bfloat16, src_dtype=torch.float32, use_compute_types=False)
            tmp10 = ops.to_dtype(tmp9, torch.bfloat16)
            tmp11 = ops.to_dtype(tmp10, torch.bfloat16, use_compute_types=False)
            tmp12 = ops.to_dtype(tmp11, torch.bfloat16)
            tmp13 = ops.to_dtype(tmp12, torch.bfloat16, use_compute_types=False)
            tmp14 = ops.to_dtype(tmp13, torch.bfloat16)
            tmp15 = tmp2 * tmp14
            tmp16 = ops.to_dtype(tmp15, torch.bfloat16, use_compute_types=False)
            tmp17 = ops.to_dtype(tmp16, torch.bfloat16)
            tmp18 = ops.to_dtype(tmp17, torch.bfloat16, use_compute_types=False)
            tmp19 = ops.to_dtype(tmp18, torch.bfloat16)
            tmp20 = ops.load(primals_11, 1024 + i3 + 8 * i2)
            tmp21 = ops.to_dtype(tmp20, torch.bfloat16, use_compute_types=False)
            tmp22 = ops.to_dtype(tmp21, torch.bfloat16)
            tmp23 = tmp19 * tmp22
            tmp24 = ops.to_dtype(tmp23, torch.bfloat16, use_compute_types=False)
            tmp25 = ops.to_dtype(tmp24, torch.bfloat16)
            tmp26 = ops.to_dtype(tmp25, torch.bfloat16, use_compute_types=False)
            tmp27 = ops.to_dtype(tmp26, torch.bfloat16)
            tmp28 = ops.load(buf17, i3 + 8 * i2 + 256 * i1)
            tmp29 = ops.to_dtype(tmp28, torch.bfloat16, use_compute_types=False)
            tmp30 = ops.to_dtype(tmp29, torch.bfloat16)
            tmp31 = ops.load(primals_12, 1024 + i3 + 8 * i2)
            tmp32 = ops.to_dtype(tmp31, torch.bfloat16, use_compute_types=False)
            tmp33 = ops.to_dtype(tmp32, torch.bfloat16)
            tmp34 = tmp30 * tmp33
            tmp35 = ops.to_dtype(tmp34, torch.bfloat16, use_compute_types=False)
            tmp36 = ops.to_dtype(tmp35, torch.bfloat16)
            tmp37 = ops.to_dtype(tmp36, torch.bfloat16, use_compute_types=False)
            tmp38 = ops.to_dtype(tmp37, torch.bfloat16)
            tmp39 = tmp27 + tmp38
            tmp40 = ops.to_dtype(tmp39, torch.bfloat16, use_compute_types=False)
            tmp41 = ops.to_dtype(tmp40, torch.bfloat16)
            return tmp41
        ,
        ranges=[1, 4, 32, 8],
        origin_node=add_3,
        origins=OrderedSet([add_3, mul_6, permute_2, mul_3, convert_e...,
        stack_traces = {,
          File "/scratch/specforge-torchtitan-20261003/first-update-source-candidate1/specforge/modeling/draft/dflash2.py", line 237, in forward,
            hidden_states = self.self_attn(,
                            ^^^^^^^^^^^^^^^,
          File "/scratch/specforge-torchtitan-20261003/first-update-source-candidate1/specforge/modeling/draft/dflash.py", line 279, in forward,
            q, k, v = self._compute_qkv(hidden_states, target_hidden, position_embeddings),
                      ^^^^^^^^^^^^^^^^^^^^^^^^^^^^^^^^^^^^^^^^^^^^^^^^^^^^^^^^^^^^^^^^^^^^,
          File "/scratch/specforge-torchtitan-20261003/first-update-source-candidate1/specforge/modeling/draft/dflash.py", line 391, in _compute_qkv,
            q, k = apply_rotary_pos_emb(q, k, cos, sin),
                   ^^^^^^^^^^^^^^^^^^^^^^^^^^^^^^^^^^^^,
          File "/scratch/specforge-torchtitan-20261003/first-update-source-candidate1/specforge/modeling/draft/dflash.py", line 172, in apply_rotary_pos_emb,
            q_embed = (q * cos[..., -q_len:, :]) + (rotate_half(q) * sin[..., -q_len:, :]),
                      ^^^^^^^^^^^^^^^^^^^^^^^^^^^^^^^^^^^^^^^^^^^^^^^^^^^^^^^^^^^^^^^^^^^^,
        ,
        },
        stack_traces = {,
          File "/scratch/specforge-torchtitan-20261003/first-update-source-candidate1/specforge/modeling/draft/dflash2.py", line 237, in forward,
            hidden_states = self.self_attn(,
                            ^^^^^^^^^^^^^^^,
          File "/scratch/specforge-torchtitan-20261003/first-update-source-candidate1/specforge/modeling/draft/dflash.py", line 279, in forward,
            q, k, v = self._compute_qkv(hidden_states, target_hidden, position_embeddings),
                      ^^^^^^^^^^^^^^^^^^^^^^^^^^^^^^^^^^^^^^^^^^^^^^^^^^^^^^^^^^^^^^^^^^^^,
          File "/scratch/specforge-torchtitan-20261003/first-update-source-candidate1/specforge/modeling/draft/dflash.py", line 391, in _compute_qkv,
            q, k = apply_rotary_pos_emb(q, k, cos, sin),
                   ^^^^^^^^^^^^^^^^^^^^^^^^^^^^^^^^^^^^,
          File "/scratch/specforge-torchtitan-20261003/first-update-source-candidate1/specforge/modeling/draft/dflash.py", line 172, in apply_rotary_pos_emb,
            q_embed = (q * cos[..., -q_len:, :]) + (rotate_half(q) * sin[..., -q_len:, :]),
                       ^^^^^^^^^^^^^^^^^^^^^^^^^^^^^^^^^^^^^^^^^^^^^^^^^^^^^^^^^^^^^^^^^^^,
        ,
        },
        stack_traces = {,
          File "/scratch/specforge-torchtitan-20261003/first-update-source-candidate1/specforge/modeling/draft/dflash2.py", line 237, in forward,
            hidden_states = self.self_attn(,
                            ^^^^^^^^^^^^^^^,
          File "/scratch/specforge-torchtitan-20261003/first-update-source-candidate1/specforge/modeling/draft/dflash.py", line 279, in forward,
            q, k, v = self._compute_qkv(hidden_states, target_hidden, position_embeddings),
                      ^^^^^^^^^^^^^^^^^^^^^^^^^^^^^^^^^^^^^^^^^^^^^^^^^^^^^^^^^^^^^^^^^^^^,
          File "/scratch/specforge-torchtitan-20261003/first-update-source-candidate1/specforge/modeling/draft/dflash.py", line 377, in _compute_qkv,
            q = self.q_norm(q).transpose(1, 2),
                ^^^^^^^^^^^^^^^^^^^^^^^^^^^^^^,
        ,
        },
        stack_traces = {,
          File "/scratch/specforge-torchtitan-20261003/first-update-source-candidate1/specforge/modeling/draft/dflash2.py", line 237, in forward,
            hidden_states = self.self_attn(,
                            ^^^^^^^^^^^^^^^,
          File "/scratch/specforge-torchtitan-20261003/first-update-source-candidate1/specforge/modeling/draft/dflash.py", line 279, in forward,
            q, k, v = self._compute_qkv(hidden_states, target_hidden, position_embeddings),
                      ^^^^^^^^^^^^^^^^^^^^^^^^^^^^^^^^^^^^^^^^^^^^^^^^^^^^^^^^^^^^^^^^^^^^,
          File "/scratch/specforge-torchtitan-20261003/first-update-source-candidate1/specforge/modeling/draft/dflash.py", line 377, in _compute_qkv,
            q = self.q_norm(q).transpose(1, 2),
                ^^^^^^^^^^^^^^^^^^^^^^^^^^^^^^,
          File "/scratch/specforge-torchtitan-20261003/venv/lib/python3.12/site-packages/transformers/models/qwen3/modeling_qwen3.py", line 64, in forward,
            return self.weight * hidden_states.to(input_dtype),
                   ^^^^^^^^^^^^^^^^^^^^^^^^^^^^^^^^^^^^^^^^^^^,
        ,
        },
        stack_traces = {,
          File "/scratch/specforge-torchtitan-20261003/first-update-source-candidate1/specforge/modeling/draft/dflash2.py", line 237, in forward,
            hidden_states = self.self_attn(,
                            ^^^^^^^^^^^^^^^,
          File "/scratch/specforge-torchtitan-20261003/first-update-source-candidate1/specforge/modeling/draft/dflash.py", line 279, in forward,
            q, k, v = self._compute_qkv(hidden_states, target_hidden, position_embeddings),
                      ^^^^^^^^^^^^^^^^^^^^^^^^^^^^^^^^^^^^^^^^^^^^^^^^^^^^^^^^^^^^^^^^^^^^,
          File "/scratch/specforge-torchtitan-20261003/first-update-source-candidate1/specforge/modeling/draft/dflash.py", line 377, in _compute_qkv,
            q = self.q_norm(q).transpose(1, 2),
                ^^^^^^^^^^^^^^^^^^^^^^^^^^^^^^,
          File "/scratch/specforge-torchtitan-20261003/venv/lib/python3.12/site-packages/transformers/models/qwen3/modeling_qwen3.py", line 64, in forward,
            return self.weight * hidden_states.to(input_dtype),
                                 ^^^^^^^^^^^^^^^^^^^^^^^^^^^^^,
        ,
        },
        stack_traces = {,
          File "/scratch/specforge-torchtitan-20261003/first-update-source-candidate1/specforge/modeling/draft/dflash2.py", line 237, in forward,
            hidden_states = self.self_attn(,
                            ^^^^^^^^^^^^^^^,
          File "/scratch/specforge-torchtitan-20261003/first-update-source-candidate1/specforge/modeling/draft/dflash.py", line 279, in forward,
            q, k, v = self._compute_qkv(hidden_states, target_hidden, position_embeddings),
                      ^^^^^^^^^^^^^^^^^^^^^^^^^^^^^^^^^^^^^^^^^^^^^^^^^^^^^^^^^^^^^^^^^^^^,
          File "/scratch/specforge-torchtitan-20261003/first-update-source-candidate1/specforge/modeling/draft/dflash.py", line 377, in _compute_qkv,
            q = self.q_norm(q).transpose(1, 2),
                ^^^^^^^^^^^^^^^^^^^^^^^^^^^^^^,
          File "/scratch/specforge-torchtitan-20261003/venv/lib/python3.12/site-packages/transformers/models/qwen3/modeling_qwen3.py", line 63, in forward,
            hidden_states = hidden_states * torch.rsqrt(variance + self.variance_epsilon),
                            ^^^^^^^^^^^^^^^^^^^^^^^^^^^^^^^^^^^^^^^^^^^^^^^^^^^^^^^^^^^^^,
        ,
        },
        stack_traces = {,
          File "/scratch/specforge-torchtitan-20261003/first-update-source-candidate1/specforge/modeling/draft/dflash2.py", line 237, in forward,
            hidden_states = self.self_attn(,
                            ^^^^^^^^^^^^^^^,
          File "/scratch/specforge-torchtitan-20261003/first-update-source-candidate1/specforge/modeling/draft/dflash.py", line 279, in forward,
            q, k, v = self._compute_qkv(hidden_states, target_hidden, position_embeddings),
                      ^^^^^^^^^^^^^^^^^^^^^^^^^^^^^^^^^^^^^^^^^^^^^^^^^^^^^^^^^^^^^^^^^^^^,
          File "/scratch/specforge-torchtitan-20261003/first-update-source-candidate1/specforge/modeling/draft/dflash.py", line 377, in _compute_qkv,
            q = self.q_norm(q).transpose(1, 2),
                ^^^^^^^^^^^^^^^^^^^^^^^^^^^^^^,
          File "/scratch/specforge-torchtitan-20261003/venv/lib/python3.12/site-packages/transformers/models/qwen3/modeling_qwen3.py", line 61, in forward,
            hidden_states = hidden_states.to(torch.float32),
                            ^^^^^^^^^^^^^^^^^^^^^^^^^^^^^^^,
        ,
        },
        stack_traces = {,
          File "/scratch/specforge-torchtitan-20261003/first-update-source-candidate1/specforge/modeling/draft/dflash2.py", line 237, in forward,
            hidden_states = self.self_attn(,
                            ^^^^^^^^^^^^^^^,
          File "/scratch/specforge-torchtitan-20261003/first-update-source-candidate1/specforge/modeling/draft/dflash.py", line 279, in forward,
            q, k, v = self._compute_qkv(hidden_states, target_hidden, position_embeddings),
                      ^^^^^^^^^^^^^^^^^^^^^^^^^^^^^^^^^^^^^^^^^^^^^^^^^^^^^^^^^^^^^^^^^^^^,
          File "/scratch/specforge-torchtitan-20261003/first-update-source-candidate1/specforge/modeling/draft/dflash.py", line 376, in _compute_qkv,
            q = q.view(bsz, q_len, -1, self.head_dim),
                ^^^^^^^^^^^^^^^^^^^^^^^^^^^^^^^^^^^^^,
        ,
        },
        stack_traces = {,
          File "/scratch/specforge-torchtitan-20261003/first-update-source-candidate1/specforge/modeling/draft/dflash2.py", line 237, in forward,
            hidden_states = self.self_attn(,
                            ^^^^^^^^^^^^^^^,
          File "/scratch/specforge-torchtitan-20261003/first-update-source-candidate1/specforge/modeling/draft/dflash.py", line 279, in forward,
            q, k, v = self._compute_qkv(hidden_states, target_hidden, position_embeddings),
                      ^^^^^^^^^^^^^^^^^^^^^^^^^^^^^^^^^^^^^^^^^^^^^^^^^^^^^^^^^^^^^^^^^^^^,
          File "/scratch/specforge-torchtitan-20261003/first-update-source-candidate1/specforge/modeling/draft/dflash.py", line 375, in _compute_qkv,
            q = self.q_proj(hidden_states),
                ^^^^^^^^^^^^^^^^^^^^^^^^^^,
        ,
        },
        stack_traces = {,
          File "/scratch/specforge-torchtitan-20261003/first-update-source-candidate1/specforge/modeling/draft/dflash2.py", line 237, in forward,
            hidden_states = self.self_attn(,
                            ^^^^^^^^^^^^^^^,
          File "/scratch/specforge-torchtitan-20261003/first-update-source-candidate1/specforge/modeling/draft/dflash.py", line 279, in forward,
            q, k, v = self._compute_qkv(hidden_states, target_hidden, position_embeddings),
                      ^^^^^^^^^^^^^^^^^^^^^^^^^^^^^^^^^^^^^^^^^^^^^^^^^^^^^^^^^^^^^^^^^^^^,
          File "/scratch/specforge-torchtitan-20261003/first-update-source-candidate1/specforge/modeling/draft/dflash.py", line 391, in _compute_qkv,
            q, k = apply_rotary_pos_emb(q, k, cos, sin),
                   ^^^^^^^^^^^^^^^^^^^^^^^^^^^^^^^^^^^^,
          File "/scratch/specforge-torchtitan-20261003/first-update-source-candidate1/specforge/modeling/draft/dflash.py", line 172, in apply_rotary_pos_emb,
            q_embed = (q * cos[..., -q_len:, :]) + (rotate_half(q) * sin[..., -q_len:, :]),
                           ^^^^^^^^^^^^^^^^^^^^^^^^^^^^^^^^^^^^^^^^^^^^^^^^^^^^^^^^^^^^^^^,
        ,
        },
        stack_traces = {,
          File "/scratch/specforge-torchtitan-20261003/first-update-source-candidate1/specforge/modeling/draft/dflash2.py", line 237, in forward,
            hidden_states = self.self_attn(,
                            ^^^^^^^^^^^^^^^,
          File "/scratch/specforge-torchtitan-20261003/first-update-source-candidate1/specforge/modeling/draft/dflash.py", line 279, in forward,
            q, k, v = self._compute_qkv(hidden_states, target_hidden, position_embeddings),
                      ^^^^^^^^^^^^^^^^^^^^^^^^^^^^^^^^^^^^^^^^^^^^^^^^^^^^^^^^^^^^^^^^^^^^,
          File "/scratch/specforge-torchtitan-20261003/first-update-source-candidate1/specforge/modeling/draft/dflash.py", line 391, in _compute_qkv,
            q, k = apply_rotary_pos_emb(q, k, cos, sin),
                   ^^^^^^^^^^^^^^^^^^^^^^^^^^^^^^^^^^^^,
          File "/scratch/specforge-torchtitan-20261003/first-update-source-candidate1/specforge/modeling/draft/dflash.py", line 169, in apply_rotary_pos_emb,
            cos = cos.unsqueeze(unsqueeze_dim),
                  ^^^^^^^^^^^^^^^^^^^^^^^^^^^^,
        ,
        },
        stack_traces = {,
          File "/scratch/specforge-torchtitan-20261003/first-update-source-candidate1/specforge/modeling/draft/dflash2.py", line 237, in forward,
            hidden_states = self.self_attn(,
                            ^^^^^^^^^^^^^^^,
          File "/scratch/specforge-torchtitan-20261003/first-update-source-candidate1/specforge/modeling/draft/dflash.py", line 279, in forward,
            q, k, v = self._compute_qkv(hidden_states, target_hidden, position_embeddings),
                      ^^^^^^^^^^^^^^^^^^^^^^^^^^^^^^^^^^^^^^^^^^^^^^^^^^^^^^^^^^^^^^^^^^^^,
          File "/scratch/specforge-torchtitan-20261003/first-update-source-candidate1/specforge/modeling/draft/dflash.py", line 391, in _compute_qkv,
            q, k = apply_rotary_pos_emb(q, k, cos, sin),
                   ^^^^^^^^^^^^^^^^^^^^^^^^^^^^^^^^^^^^,
          File "/scratch/specforge-torchtitan-20261003/first-update-source-candidate1/specforge/modeling/draft/dflash.py", line 172, in apply_rotary_pos_emb,
            q_embed = (q * cos[..., -q_len:, :]) + (rotate_half(q) * sin[..., -q_len:, :]),
                                                    ^^^^^^^^^^^^^^^^^^^^^^^^^^^^^^^^^^^^^^,
        ,
        },
        stack_traces = {,
          File "/scratch/specforge-torchtitan-20261003/first-update-source-candidate1/specforge/modeling/draft/dflash2.py", line 237, in forward,
            hidden_states = self.self_attn(,
                            ^^^^^^^^^^^^^^^,
          File "/scratch/specforge-torchtitan-20261003/first-update-source-candidate1/specforge/modeling/draft/dflash.py", line 279, in forward,
            q, k, v = self._compute_qkv(hidden_states, target_hidden, position_embeddings),
                      ^^^^^^^^^^^^^^^^^^^^^^^^^^^^^^^^^^^^^^^^^^^^^^^^^^^^^^^^^^^^^^^^^^^^,
          File "/scratch/specforge-torchtitan-20261003/first-update-source-candidate1/specforge/modeling/draft/dflash.py", line 391, in _compute_qkv,
            q, k = apply_rotary_pos_emb(q, k, cos, sin),
                   ^^^^^^^^^^^^^^^^^^^^^^^^^^^^^^^^^^^^,
          File "/scratch/specforge-torchtitan-20261003/first-update-source-candidate1/specforge/modeling/draft/dflash.py", line 172, in apply_rotary_pos_emb,
            q_embed = (q * cos[..., -q_len:, :]) + (rotate_half(q) * sin[..., -q_len:, :]),
                                                                     ^^^^^^^^^^^^^^^^^^^^^,
        ,
        },
        stack_traces = {,
          File "/scratch/specforge-torchtitan-20261003/first-update-source-candidate1/specforge/modeling/draft/dflash2.py", line 237, in forward,
            hidden_states = self.self_attn(,
                            ^^^^^^^^^^^^^^^,
          File "/scratch/specforge-torchtitan-20261003/first-update-source-candidate1/specforge/modeling/draft/dflash.py", line 279, in forward,
            q, k, v = self._compute_qkv(hidden_states, target_hidden, position_embeddings),
                      ^^^^^^^^^^^^^^^^^^^^^^^^^^^^^^^^^^^^^^^^^^^^^^^^^^^^^^^^^^^^^^^^^^^^,
          File "/scratch/specforge-torchtitan-20261003/first-update-source-candidate1/specforge/modeling/draft/dflash.py", line 391, in _compute_qkv,
            q, k = apply_rotary_pos_emb(q, k, cos, sin),
                   ^^^^^^^^^^^^^^^^^^^^^^^^^^^^^^^^^^^^,
          File "/scratch/specforge-torchtitan-20261003/first-update-source-candidate1/specforge/modeling/draft/dflash.py", line 170, in apply_rotary_pos_emb,
            sin = sin.unsqueeze(unsqueeze_dim),
                  ^^^^^^^^^^^^^^^^^^^^^^^^^^^^,
        ,
        }
      ), _split_size=None, _original_inner_fn=None, _original_ranges=None, _original_reduction_ranges=None)
    ))
    args[1]: TensorBox(StorageBox(
      ComputedBuffer(name='buf20', layout=FixedLayout('cuda:1', torch.bfloat16, size=[1, 2, 160, 8], stride=[2560, 8, 16, 1]), data=Pointwise(
        'cuda',
        torch.bfloat16,
        def inner_fn(index):
            _, i1, i2, i3 = index
            tmp0 = ops.load(primals_10, i3)
            tmp1 = ops.to_dtype(tmp0, torch.bfloat16, use_compute_types=False)
            tmp2 = ops.to_dtype(tmp1, torch.bfloat16)
            tmp3 = ops.load(buf13, i3 + 8 * i1 + 16 * i2)
            tmp4 = ops.to_dtype(tmp3, torch.bfloat16, use_compute_types=False)
            tmp5 = ops.to_dtype(tmp4, torch.bfloat16)
            tmp6 = ops.to_dtype(tmp5, torch.float32, src_dtype=torch.bfloat16, use_compute_types=False)
            tmp7 = ops.load(buf15, i1 + 2 * i2)
            tmp8 = tmp6 * tmp7
            tmp9 = ops.to_dtype(tmp8, torch.bfloat16, src_dtype=torch.float32, use_compute_types=False)
            tmp10 = ops.to_dtype(tmp9, torch.bfloat16)
            tmp11 = ops.to_dtype(tmp10, torch.bfloat16, use_compute_types=False)
            tmp12 = ops.to_dtype(tmp11, torch.bfloat16)
            tmp13 = ops.to_dtype(tmp12, torch.bfloat16, use_compute_types=False)
            tmp14 = ops.to_dtype(tmp13, torch.bfloat16)
            tmp15 = tmp2 * tmp14
            tmp16 = ops.to_dtype(tmp15, torch.bfloat16, use_compute_types=False)
            tmp17 = ops.to_dtype(tmp16, torch.bfloat16)
            tmp18 = ops.to_dtype(tmp17, torch.bfloat16, use_compute_types=False)
            tmp19 = ops.to_dtype(tmp18, torch.bfloat16)
            tmp20 = ops.load(primals_11, i3 + 8 * i2)
            tmp21 = ops.to_dtype(tmp20, torch.bfloat16, use_compute_types=False)
            tmp22 = ops.to_dtype(tmp21, torch.bfloat16)
            tmp23 = tmp19 * tmp22
            tmp24 = ops.to_dtype(tmp23, torch.bfloat16, use_compute_types=False)
            tmp25 = ops.to_dtype(tmp24, torch.bfloat16)
            tmp26 = ops.to_dtype(tmp25, torch.bfloat16, use_compute_types=False)
            tmp27 = ops.to_dtype(tmp26, torch.bfloat16)
            tmp28 = ops.load(buf19, i3 + 8 * i2 + 1280 * i1)
            tmp29 = ops.to_dtype(tmp28, torch.bfloat16, use_compute_types=False)
            tmp30 = ops.to_dtype(tmp29, torch.bfloat16)
            tmp31 = ops.load(primals_12, i3 + 8 * i2)
            tmp32 = ops.to_dtype(tmp31, torch.bfloat16, use_compute_types=False)
            tmp33 = ops.to_dtype(tmp32, torch.bfloat16)
            tmp34 = tmp30 * tmp33
            tmp35 = ops.to_dtype(tmp34, torch.bfloat16, use_compute_types=False)
            tmp36 = ops.to_dtype(tmp35, torch.bfloat16)
            tmp37 = ops.to_dtype(tmp36, torch.bfloat16, use_compute_types=False)
            tmp38 = ops.to_dtype(tmp37, torch.bfloat16)
            tmp39 = tmp27 + tmp38
            tmp40 = ops.to_dtype(tmp39, torch.bfloat16, use_compute_types=False)
            tmp41 = ops.to_dtype(tmp40, torch.bfloat16)
            return tmp41
        ,
        ranges=[1, 2, 160, 8],
        origin_node=add_4,
        origins=OrderedSet([add_4, mul_8, permute_7, mul_5, convert_e...,
        stack_traces = {,
          File "/scratch/specforge-torchtitan-20261003/first-update-source-candidate1/specforge/modeling/draft/dflash2.py", line 237, in forward,
            hidden_states = self.self_attn(,
                            ^^^^^^^^^^^^^^^,
          File "/scratch/specforge-torchtitan-20261003/first-update-source-candidate1/specforge/modeling/draft/dflash.py", line 279, in forward,
            q, k, v = self._compute_qkv(hidden_states, target_hidden, position_embeddings),
                      ^^^^^^^^^^^^^^^^^^^^^^^^^^^^^^^^^^^^^^^^^^^^^^^^^^^^^^^^^^^^^^^^^^^^,
          File "/scratch/specforge-torchtitan-20261003/first-update-source-candidate1/specforge/modeling/draft/dflash.py", line 391, in _compute_qkv,
            q, k = apply_rotary_pos_emb(q, k, cos, sin),
                   ^^^^^^^^^^^^^^^^^^^^^^^^^^^^^^^^^^^^,
          File "/scratch/specforge-torchtitan-20261003/first-update-source-candidate1/specforge/modeling/draft/dflash.py", line 173, in apply_rotary_pos_emb,
            k_embed = (k * cos) + (rotate_half(k) * sin),
                      ^^^^^^^^^^^^^^^^^^^^^^^^^^^^^^^^^^,
        ,
        },
        stack_traces = {,
          File "/scratch/specforge-torchtitan-20261003/first-update-source-candidate1/specforge/modeling/draft/dflash2.py", line 237, in forward,
            hidden_states = self.self_attn(,
                            ^^^^^^^^^^^^^^^,
          File "/scratch/specforge-torchtitan-20261003/first-update-source-candidate1/specforge/modeling/draft/dflash.py", line 279, in forward,
            q, k, v = self._compute_qkv(hidden_states, target_hidden, position_embeddings),
                      ^^^^^^^^^^^^^^^^^^^^^^^^^^^^^^^^^^^^^^^^^^^^^^^^^^^^^^^^^^^^^^^^^^^^,
          File "/scratch/specforge-torchtitan-20261003/first-update-source-candidate1/specforge/modeling/draft/dflash.py", line 391, in _compute_qkv,
            q, k = apply_rotary_pos_emb(q, k, cos, sin),
                   ^^^^^^^^^^^^^^^^^^^^^^^^^^^^^^^^^^^^,
          File "/scratch/specforge-torchtitan-20261003/first-update-source-candidate1/specforge/modeling/draft/dflash.py", line 173, in apply_rotary_pos_emb,
            k_embed = (k * cos) + (rotate_half(k) * sin),
                       ^^^^^^^^^^^^^^^^^^^^^^^^^^^^^^^^^,
        ,
        },
        stack_traces = {,
          File "/scratch/specforge-torchtitan-20261003/first-update-source-candidate1/specforge/modeling/draft/dflash2.py", line 237, in forward,
            hidden_states = self.self_attn(,
                            ^^^^^^^^^^^^^^^,
          File "/scratch/specforge-torchtitan-20261003/first-update-source-candidate1/specforge/modeling/draft/dflash.py", line 279, in forward,
            q, k, v = self._compute_qkv(hidden_states, target_hidden, position_embeddings),
                      ^^^^^^^^^^^^^^^^^^^^^^^^^^^^^^^^^^^^^^^^^^^^^^^^^^^^^^^^^^^^^^^^^^^^,
          File "/scratch/specforge-torchtitan-20261003/first-update-source-candidate1/specforge/modeling/draft/dflash.py", line 388, in _compute_qkv,
            k = self.k_norm(k).transpose(1, 2),
                ^^^^^^^^^^^^^^^^^^^^^^^^^^^^^^,
        ,
        },
        stack_traces = {,
          File "/scratch/specforge-torchtitan-20261003/first-update-source-candidate1/specforge/modeling/draft/dflash2.py", line 237, in forward,
            hidden_states = self.self_attn(,
                            ^^^^^^^^^^^^^^^,
          File "/scratch/specforge-torchtitan-20261003/first-update-source-candidate1/specforge/modeling/draft/dflash.py", line 279, in forward,
            q, k, v = self._compute_qkv(hidden_states, target_hidden, position_embeddings),
                      ^^^^^^^^^^^^^^^^^^^^^^^^^^^^^^^^^^^^^^^^^^^^^^^^^^^^^^^^^^^^^^^^^^^^,
          File "/scratch/specforge-torchtitan-20261003/first-update-source-candidate1/specforge/modeling/draft/dflash.py", line 388, in _compute_qkv,
            k = self.k_norm(k).transpose(1, 2),
                ^^^^^^^^^^^^^^^^^^^^^^^^^^^^^^,
          File "/scratch/specforge-torchtitan-20261003/venv/lib/python3.12/site-packages/transformers/models/qwen3/modeling_qwen3.py", line 64, in forward,
            return self.weight * hidden_states.to(input_dtype),
                   ^^^^^^^^^^^^^^^^^^^^^^^^^^^^^^^^^^^^^^^^^^^,
        ,
        },
        stack_traces = {,
          File "/scratch/specforge-torchtitan-20261003/first-update-source-candidate1/specforge/modeling/draft/dflash2.py", line 237, in forward,
            hidden_states = self.self_attn(,
                            ^^^^^^^^^^^^^^^,
          File "/scratch/specforge-torchtitan-20261003/first-update-source-candidate1/specforge/modeling/draft/dflash.py", line 279, in forward,
            q, k, v = self._compute_qkv(hidden_states, target_hidden, position_embeddings),
                      ^^^^^^^^^^^^^^^^^^^^^^^^^^^^^^^^^^^^^^^^^^^^^^^^^^^^^^^^^^^^^^^^^^^^,
          File "/scratch/specforge-torchtitan-20261003/first-update-source-candidate1/specforge/modeling/draft/dflash.py", line 388, in _compute_qkv,
            k = self.k_norm(k).transpose(1, 2),
                ^^^^^^^^^^^^^^^^^^^^^^^^^^^^^^,
          File "/scratch/specforge-torchtitan-20261003/venv/lib/python3.12/site-packages/transformers/models/qwen3/modeling_qwen3.py", line 64, in forward,
            return self.weight * hidden_states.to(input_dtype),
                                 ^^^^^^^^^^^^^^^^^^^^^^^^^^^^^,
        ,
        },
        stack_traces = {,
          File "/scratch/specforge-torchtitan-20261003/first-update-source-candidate1/specforge/modeling/draft/dflash2.py", line 237, in forward,
            hidden_states = self.self_attn(,
                            ^^^^^^^^^^^^^^^,
          File "/scratch/specforge-torchtitan-20261003/first-update-source-candidate1/specforge/modeling/draft/dflash.py", line 279, in forward,
            q, k, v = self._compute_qkv(hidden_states, target_hidden, position_embeddings),
                      ^^^^^^^^^^^^^^^^^^^^^^^^^^^^^^^^^^^^^^^^^^^^^^^^^^^^^^^^^^^^^^^^^^^^,
          File "/scratch/specforge-torchtitan-20261003/first-update-source-candidate1/specforge/modeling/draft/dflash.py", line 388, in _compute_qkv,
            k = self.k_norm(k).transpose(1, 2),
                ^^^^^^^^^^^^^^^^^^^^^^^^^^^^^^,
          File "/scratch/specforge-torchtitan-20261003/venv/lib/python3.12/site-packages/transformers/models/qwen3/modeling_qwen3.py", line 63, in forward,
            hidden_states = hidden_states * torch.rsqrt(variance + self.variance_epsilon),
                            ^^^^^^^^^^^^^^^^^^^^^^^^^^^^^^^^^^^^^^^^^^^^^^^^^^^^^^^^^^^^^,
        ,
        },
        stack_traces = {,
          File "/scratch/specforge-torchtitan-20261003/first-update-source-candidate1/specforge/modeling/draft/dflash2.py", line 237, in forward,
            hidden_states = self.self_attn(,
                            ^^^^^^^^^^^^^^^,
          File "/scratch/specforge-torchtitan-20261003/first-update-source-candidate1/specforge/modeling/draft/dflash.py", line 279, in forward,
            q, k, v = self._compute_qkv(hidden_states, target_hidden, position_embeddings),
                      ^^^^^^^^^^^^^^^^^^^^^^^^^^^^^^^^^^^^^^^^^^^^^^^^^^^^^^^^^^^^^^^^^^^^,
          File "/scratch/specforge-torchtitan-20261003/first-update-source-candidate1/specforge/modeling/draft/dflash.py", line 388, in _compute_qkv,
            k = self.k_norm(k).transpose(1, 2),
                ^^^^^^^^^^^^^^^^^^^^^^^^^^^^^^,
          File "/scratch/specforge-torchtitan-20261003/venv/lib/python3.12/site-packages/transformers/models/qwen3/modeling_qwen3.py", line 61, in forward,
            hidden_states = hidden_states.to(torch.float32),
                            ^^^^^^^^^^^^^^^^^^^^^^^^^^^^^^^,
        ,
        },
        stack_traces = {,
          File "/scratch/specforge-torchtitan-20261003/first-update-source-candidate1/specforge/modeling/draft/dflash2.py", line 237, in forward,
            hidden_states = self.self_attn(,
                            ^^^^^^^^^^^^^^^,
          File "/scratch/specforge-torchtitan-20261003/first-update-source-candidate1/specforge/modeling/draft/dflash.py", line 279, in forward,
            q, k, v = self._compute_qkv(hidden_states, target_hidden, position_embeddings),
                      ^^^^^^^^^^^^^^^^^^^^^^^^^^^^^^^^^^^^^^^^^^^^^^^^^^^^^^^^^^^^^^^^^^^^,
          File "/scratch/specforge-torchtitan-20261003/first-update-source-candidate1/specforge/modeling/draft/dflash.py", line 382, in _compute_qkv,
            k = torch.cat([k_ctx, k_noise], dim=1).view(,
                ^^^^^^^^^^^^^^^^^^^^^^^^^^^^^^^^^^^^^^^^,
        ,
        },
        stack_traces = {,
          File "/scratch/specforge-torchtitan-20261003/first-update-source-candidate1/specforge/modeling/draft/dflash2.py", line 237, in forward,
            hidden_states = self.self_attn(,
                            ^^^^^^^^^^^^^^^,
          File "/scratch/specforge-torchtitan-20261003/first-update-source-candidate1/specforge/modeling/draft/dflash.py", line 279, in forward,
            q, k, v = self._compute_qkv(hidden_states, target_hidden, position_embeddings),
                      ^^^^^^^^^^^^^^^^^^^^^^^^^^^^^^^^^^^^^^^^^^^^^^^^^^^^^^^^^^^^^^^^^^^^,
          File "/scratch/specforge-torchtitan-20261003/first-update-source-candidate1/specforge/modeling/draft/dflash.py", line 391, in _compute_qkv,
            q, k = apply_rotary_pos_emb(q, k, cos, sin),
                   ^^^^^^^^^^^^^^^^^^^^^^^^^^^^^^^^^^^^,
          File "/scratch/specforge-torchtitan-20261003/first-update-source-candidate1/specforge/modeling/draft/dflash.py", line 169, in apply_rotary_pos_emb,
            cos = cos.unsqueeze(unsqueeze_dim),
                  ^^^^^^^^^^^^^^^^^^^^^^^^^^^^,
        ,
        },
        stack_traces = {,
          File "/scratch/specforge-torchtitan-20261003/first-update-source-candidate1/specforge/modeling/draft/dflash2.py", line 237, in forward,
            hidden_states = self.self_attn(,
                            ^^^^^^^^^^^^^^^,
          File "/scratch/specforge-torchtitan-20261003/first-update-source-candidate1/specforge/modeling/draft/dflash.py", line 279, in forward,
            q, k, v = self._compute_qkv(hidden_states, target_hidden, position_embeddings),
                      ^^^^^^^^^^^^^^^^^^^^^^^^^^^^^^^^^^^^^^^^^^^^^^^^^^^^^^^^^^^^^^^^^^^^,
          File "/scratch/specforge-torchtitan-20261003/first-update-source-candidate1/specforge/modeling/draft/dflash.py", line 391, in _compute_qkv,
            q, k = apply_rotary_pos_emb(q, k, cos, sin),
                   ^^^^^^^^^^^^^^^^^^^^^^^^^^^^^^^^^^^^,
          File "/scratch/specforge-torchtitan-20261003/first-update-source-candidate1/specforge/modeling/draft/dflash.py", line 173, in apply_rotary_pos_emb,
            k_embed = (k * cos) + (rotate_half(k) * sin),
                                   ^^^^^^^^^^^^^^^^^^^^^,
        ,
        },
        stack_traces = {,
          File "/scratch/specforge-torchtitan-20261003/first-update-source-candidate1/specforge/modeling/draft/dflash2.py", line 237, in forward,
            hidden_states = self.self_attn(,
                            ^^^^^^^^^^^^^^^,
          File "/scratch/specforge-torchtitan-20261003/first-update-source-candidate1/specforge/modeling/draft/dflash.py", line 279, in forward,
            q, k, v = self._compute_qkv(hidden_states, target_hidden, position_embeddings),
                      ^^^^^^^^^^^^^^^^^^^^^^^^^^^^^^^^^^^^^^^^^^^^^^^^^^^^^^^^^^^^^^^^^^^^,
          File "/scratch/specforge-torchtitan-20261003/first-update-source-candidate1/specforge/modeling/draft/dflash.py", line 391, in _compute_qkv,
            q, k = apply_rotary_pos_emb(q, k, cos, sin),
                   ^^^^^^^^^^^^^^^^^^^^^^^^^^^^^^^^^^^^,
          File "/scratch/specforge-torchtitan-20261003/first-update-source-candidate1/specforge/modeling/draft/dflash.py", line 170, in apply_rotary_pos_emb,
            sin = sin.unsqueeze(unsqueeze_dim),
                  ^^^^^^^^^^^^^^^^^^^^^^^^^^^^,
        ,
        }
      ), _split_size=None, _original_inner_fn=None, _original_ranges=None, _original_reduction_ranges=None)
    ))
    args[2]: TensorBox(
      ReinterpretView(
        StorageBox(
          ComputedBuffer(name='buf16', layout=FixedLayout('cuda:1', torch.bfloat16, size=[1, 160, 16], stride=[2560, 16, 1]), data=Pointwise(
            'cuda',
            torch.bfloat16,
            def inner_fn(index):
                _, i1, i2 = index
                tmp0 = ops.index_expr(i1, torch.int64)
                tmp1 = ops.constant(0, torch.int64)
                tmp2 = ops.index_expr(128, torch.int64)
                tmp3 = tmp0 >= tmp1
                tmp4 = tmp0 < tmp2
                tmp5 = ops.load(buf11, i2 + 16 * Identity(i1))
                tmp6 = ops.masked(tmp4, tmp5, 0.0)
                tmp7 = ops.index_expr(128, torch.int64)
                tmp8 = ops.index_expr(160, torch.int64)
                tmp9 = tmp0 >= tmp7
                tmp10 = tmp0 < tmp8
                tmp11 = ops.load(buf12, i2 + 16 * Identity(-128 + i1))
                tmp12 = ops.masked(tmp9, tmp11, 0.0)
                tmp13 = ops.where(tmp4, tmp6, tmp12)
                return tmp13
            ,
            ranges=[1, 160, 16],
            origin_node=cat_1,
            origins=OrderedSet([cat_1, view_19, view_23]),
            stack_traces = {,
              File "/scratch/specforge-torchtitan-20261003/first-update-source-candidate1/specforge/modeling/draft/dflash2.py", line 237, in forward,
                hidden_states = self.self_attn(,
                                ^^^^^^^^^^^^^^^,
              File "/scratch/specforge-torchtitan-20261003/first-update-source-candidate1/specforge/modeling/draft/dflash.py", line 279, in forward,
                q, k, v = self._compute_qkv(hidden_states, target_hidden, position_embeddings),
                          ^^^^^^^^^^^^^^^^^^^^^^^^^^^^^^^^^^^^^^^^^^^^^^^^^^^^^^^^^^^^^^^^^^^^,
              File "/scratch/specforge-torchtitan-20261003/first-update-source-candidate1/specforge/modeling/draft/dflash.py", line 385, in _compute_qkv,
                v = torch.cat([v_ctx, v_noise], dim=1).view(,
                    ^^^^^^^^^^^^^^^^^^^^^^^^^^^^^^^^^^^^^^^^,
            ,
            },
            stack_traces = {,
              File "/scratch/specforge-torchtitan-20261003/first-update-source-candidate1/specforge/modeling/draft/dflash2.py", line 237, in forward,
                hidden_states = self.self_attn(,
                                ^^^^^^^^^^^^^^^,
              File "/scratch/specforge-torchtitan-20261003/first-update-source-candidate1/specforge/modeling/draft/dflash.py", line 279, in forward,
                q, k, v = self._compute_qkv(hidden_states, target_hidden, position_embeddings),
                          ^^^^^^^^^^^^^^^^^^^^^^^^^^^^^^^^^^^^^^^^^^^^^^^^^^^^^^^^^^^^^^^^^^^^,
              File "/scratch/specforge-torchtitan-20261003/first-update-source-candidate1/specforge/modeling/draft/dflash.py", line 380, in _compute_qkv,
                v_ctx = self.v_proj(target_hidden),
                        ^^^^^^^^^^^^^^^^^^^^^^^^^^,
            ,
            },
            stack_traces = {,
              File "/scratch/specforge-torchtitan-20261003/first-update-source-candidate1/specforge/modeling/draft/dflash2.py", line 237, in forward,
                hidden_states = self.self_attn(,
                                ^^^^^^^^^^^^^^^,
              File "/scratch/specforge-torchtitan-20261003/first-update-source-candidate1/specforge/modeling/draft/dflash.py", line 279, in forward,
                q, k, v = self._compute_qkv(hidden_states, target_hidden, position_embeddings),
                          ^^^^^^^^^^^^^^^^^^^^^^^^^^^^^^^^^^^^^^^^^^^^^^^^^^^^^^^^^^^^^^^^^^^^,
              File "/scratch/specforge-torchtitan-20261003/first-update-source-candidate1/specforge/modeling/draft/dflash.py", line 381, in _compute_qkv,
                v_noise = self.v_proj(hidden_states),
                          ^^^^^^^^^^^^^^^^^^^^^^^^^^,
            ,
            }
          ), _split_size=None, _original_inner_fn=None, _original_ranges=None, _original_reduction_ranges=None)
        ),
        FixedLayout('cuda:1', torch.bfloat16, size=[1, 2, 160, 8], stride=[0, 8, 16, 1]),
        origins=OrderedSet([permute_8, view_25, cat_1, view_19, view_...,
        stack_traces = {,
          File "/scratch/specforge-torchtitan-20261003/first-update-source-candidate1/specforge/modeling/draft/dflash2.py", line 237, in forward,
            hidden_states = self.self_attn(,
                            ^^^^^^^^^^^^^^^,
          File "/scratch/specforge-torchtitan-20261003/first-update-source-candidate1/specforge/modeling/draft/dflash.py", line 279, in forward,
            q, k, v = self._compute_qkv(hidden_states, target_hidden, position_embeddings),
                      ^^^^^^^^^^^^^^^^^^^^^^^^^^^^^^^^^^^^^^^^^^^^^^^^^^^^^^^^^^^^^^^^^^^^,
          File "/scratch/specforge-torchtitan-20261003/first-update-source-candidate1/specforge/modeling/draft/dflash.py", line 389, in _compute_qkv,
            v = v.transpose(1, 2),
                ^^^^^^^^^^^^^^^^^,
        ,
        },
        stack_traces = {,
          File "/scratch/specforge-torchtitan-20261003/first-update-source-candidate1/specforge/modeling/draft/dflash2.py", line 237, in forward,
            hidden_states = self.self_attn(,
                            ^^^^^^^^^^^^^^^,
          File "/scratch/specforge-torchtitan-20261003/first-update-source-candidate1/specforge/modeling/draft/dflash.py", line 279, in forward,
            q, k, v = self._compute_qkv(hidden_states, target_hidden, position_embeddings),
                      ^^^^^^^^^^^^^^^^^^^^^^^^^^^^^^^^^^^^^^^^^^^^^^^^^^^^^^^^^^^^^^^^^^^^,
          File "/scratch/specforge-torchtitan-20261003/first-update-source-candidate1/specforge/modeling/draft/dflash.py", line 385, in _compute_qkv,
            v = torch.cat([v_ctx, v_noise], dim=1).view(,
                ^^^^^^^^^^^^^^^^^^^^^^^^^^^^^^^^^^^^^^^^,
        ,
        },
        stack_traces = {,
          File "/scratch/specforge-torchtitan-20261003/first-update-source-candidate1/specforge/modeling/draft/dflash2.py", line 237, in forward,
            hidden_states = self.self_attn(,
                            ^^^^^^^^^^^^^^^,
          File "/scratch/specforge-torchtitan-20261003/first-update-source-candidate1/specforge/modeling/draft/dflash.py", line 279, in forward,
            q, k, v = self._compute_qkv(hidden_states, target_hidden, position_embeddings),
                      ^^^^^^^^^^^^^^^^^^^^^^^^^^^^^^^^^^^^^^^^^^^^^^^^^^^^^^^^^^^^^^^^^^^^,
          File "/scratch/specforge-torchtitan-20261003/first-update-source-candidate1/specforge/modeling/draft/dflash.py", line 380, in _compute_qkv,
            v_ctx = self.v_proj(target_hidden),
                    ^^^^^^^^^^^^^^^^^^^^^^^^^^,
        ,
        },
        stack_traces = {,
          File "/scratch/specforge-torchtitan-20261003/first-update-source-candidate1/specforge/modeling/draft/dflash2.py", line 237, in forward,
            hidden_states = self.self_attn(,
                            ^^^^^^^^^^^^^^^,
          File "/scratch/specforge-torchtitan-20261003/first-update-source-candidate1/specforge/modeling/draft/dflash.py", line 279, in forward,
            q, k, v = self._compute_qkv(hidden_states, target_hidden, position_embeddings),
                      ^^^^^^^^^^^^^^^^^^^^^^^^^^^^^^^^^^^^^^^^^^^^^^^^^^^^^^^^^^^^^^^^^^^^,
          File "/scratch/specforge-torchtitan-20261003/first-update-source-candidate1/specforge/modeling/draft/dflash.py", line 381, in _compute_qkv,
            v_noise = self.v_proj(hidden_states),
                      ^^^^^^^^^^^^^^^^^^^^^^^^^^,
        ,
        }
      )
    )
    args[3]: Subgraph(name='sdpa_score0', graph_module=<lambda>(), inductor_config_patches=None, graph=None)
    args[4]: (32, 160, TensorBox(StorageBox(
      InputBuffer(name='primals_14', layout=FixedLayout('cuda:1', torch.int32, size=[1, 1, 1], stride=[1, 1, 1]))
    )), TensorBox(StorageBox(
      InputBuffer(name='primals_13', layout=FixedLayout('cuda:1', torch.int32, size=[1, 1, 1, 2], stride=[2, 2, 2, 1]))
    )), TensorBox(StorageBox(
      InputBuffer(name='primals_17', layout=FixedLayout('cuda:1', torch.int32, size=[1, 1, 1], stride=[1, 1, 1]))
    )), TensorBox(StorageBox(
      InputBuffer(name='primals_18', layout=FixedLayout('cuda:1', torch.int32, size=[1, 1, 1, 2], stride=[2, 2, 2, 1]))
    )), TensorBox(StorageBox(
      InputBuffer(name='primals_19', layout=FixedLayout('cuda:1', torch.int32, size=[1, 1, 2], stride=[2, 2, 1]))
    )), TensorBox(StorageBox(
      InputBuffer(name='primals_20', layout=FixedLayout('cuda:1', torch.int32, size=[1, 1, 2, 1], stride=[2, 2, 1, 1]))
    )), TensorBox(StorageBox(
      InputBuffer(name='primals_21', layout=FixedLayout('cuda:1', torch.int32, size=[1, 1, 2], stride=[2, 2, 1]))
    )), TensorBox(StorageBox(
      InputBuffer(name='primals_22', layout=FixedLayout('cuda:1', torch.int32, size=[1, 1, 2, 1], stride=[2, 2, 1, 1]))
    )), None, None, None, None, 128, 128, Subgraph(name='sdpa_mask0', graph_module=<lambda>(), inductor_config_patches=None, graph=None))
    args[5]: 0.3535533905932738
    args[6]: {'BACKEND': 'TRITON', 'PRESCALE_QK': False, 'ROWS_GUARANTEED_SAFE': False, 'BLOCKS_ARE_CONTIGUOUS': False, 'WRITE_DQ': True, 'OUTPUT_LOGSUMEXP': True, 'OUTPUT_MAX': False}
    args[7]: ()
    args[8]: (TensorBox(StorageBox(
      InputBuffer(name='primals_15', layout=FixedLayout('cuda:1', torch.int64, size=[1, 8], stride=[8, 1]))
    )), TensorBox(StorageBox(
      InputBuffer(name='primals_16', layout=FixedLayout('cuda:1', torch.bool, size=[1, 8], stride=[8, 1]))
    )))
  Found from : 
     File "/scratch/specforge-torchtitan-20261003/first-update-source-candidate1/specforge/modeling/draft/dflash2.py", line 237, in forward
      hidden_states = self.self_attn(
                      ^^^^^^^^^^^^^^^
    File "/scratch/specforge-torchtitan-20261003/first-update-source-candidate1/specforge/modeling/draft/dflash.py", line 291, in forward
      attn_output = compile_friendly_flex_attention(
                    ^^^^^^^^^^^^^^^^^^^^^^^^^^^^^^^^
    File "/scratch/specforge-torchtitan-20261003/venv/lib/python3.12/site-packages/transformers/integrations/flex_attention.py", line 124, in compile_friendly_flex_attention
      return flex_attention_compiled(
             ^^^^^^^^^^^^^^^^^^^^^^^^
    File "/scratch/specforge-torchtitan-20261003/venv/lib/python3.12/site-packages/torch/nn/attention/flex_attention.py", line 2577, in flex_attention
      out, lse, max_scores = flex_attention_hop(
                             ^^^^^^^^^^^^^^^^^^^
  
  
  Set TORCHDYNAMO_VERBOSE=1 for the internal stack trace (please do this especially if you're reporting a bug to PyTorch). For even more developer context, set TORCH_LOGS="+dynamo"
  
  
============================================================
